geo_code,year,naics,jobs
CA,2016,11,444680.0
CA,2016,21,271300.0
CA,2016,22,136350.0
CA,2016,23,1365010.0
CA,2016,31-33,1596570.0
CA,2016,41,665685.0
CA,2016,44-45,2110200.0
CA,2016,48-49,876050.0
CA,2016,51,420350.0
CA,2016,52,790580.0
CA,2016,53,333305.0
CA,2016,54,1335125.0
CA,2016,55,28795.0
CA,2016,56,802420.0
CA,2016,61,1346585.0
CA,2016,62,2138025.0
CA,2016,71,379740.0
CA,2016,72,1283725.0
CA,2016,81,814695.0
CA,2016,91,1128945.0
35,2016,11,102070.0
35,2016,21,32340.0
35,2016,22,50820.0
35,2016,23,476835.0
35,2016,31-33,683335.0
35,2016,41,270745.0
35,2016,44-45,783540.0
35,2016,48-49,329240.0
35,2016,51,176715.0
35,2016,52,380765.0
35,2016,53,144275.0
35,2016,54,567825.0
35,2016,55,12365.0
35,2016,56,338640.0
35,2016,61,528470.0
35,2016,62,754555.0
35,2016,71,147425.0
35,2016,72,478070.0
35,2016,81,296960.0
35,2016,91,415635.0
3501005,2016,11,445.0
3501005,2016,21,20.0
3501005,2016,22,45.0
3501005,2016,23,535.0
3501005,2016,31-33,660.0
3501005,2016,41,350.0
3501005,2016,44-45,770.0
3501005,2016,48-49,485.0
3501005,2016,51,55.0
3501005,2016,52,130.0
3501005,2016,53,125.0
3501005,2016,54,310.0
3501005,2016,55,10.0
3501005,2016,56,225.0
3501005,2016,61,535.0
3501005,2016,62,855.0
3501005,2016,71,135.0
3501005,2016,72,415.0
3501005,2016,81,285.0
3501005,2016,91,445.0
3501007,2016,11,0.0
3501007,2016,21,0.0
3501007,2016,22,10.0
3501007,2016,23,40.0
3501007,2016,31-33,10.0
3501007,2016,41,0.0
3501007,2016,44-45,40.0
3501007,2016,48-49,10.0
3501007,2016,51,0.0
3501007,2016,52,10.0
3501007,2016,53,10.0
3501007,2016,54,10.0
3501007,2016,55,0.0
3501007,2016,56,15.0
3501007,2016,61,60.0
3501007,2016,62,70.0
3501007,2016,71,25.0
3501007,2016,72,15.0
3501007,2016,81,30.0
3501007,2016,91,60.0
3501011,2016,11,175.0
3501011,2016,21,25.0
3501011,2016,22,65.0
3501011,2016,23,705.0
3501011,2016,31-33,760.0
3501011,2016,41,185.0
3501011,2016,44-45,890.0
3501011,2016,48-49,415.0
3501011,2016,51,55.0
3501011,2016,52,120.0
3501011,2016,53,75.0
3501011,2016,54,245.0
3501011,2016,55,0.0
3501011,2016,56,235.0
3501011,2016,61,540.0
3501011,2016,62,930.0
3501011,2016,71,105.0
3501011,2016,72,435.0
3501011,2016,81,355.0
3501011,2016,91,555.0
3501012,2016,11,70.0
3501012,2016,21,10.0
3501012,2016,22,80.0
3501012,2016,23,1320.0
3501012,2016,31-33,1965.0
3501012,2016,41,605.0
3501012,2016,44-45,3210.0
3501012,2016,48-49,1540.0
3501012,2016,51,260.0
3501012,2016,52,455.0
3501012,2016,53,265.0
3501012,2016,54,675.0
3501012,2016,55,20.0
3501012,2016,56,1150.0
3501012,2016,61,1175.0
3501012,2016,62,2875.0
3501012,2016,71,290.0
3501012,2016,72,1710.0
3501012,2016,81,790.0
3501012,2016,91,1085.0
3501020,2016,11,335.0
3501020,2016,21,10.0
3501020,2016,22,50.0
3501020,2016,23,510.0
3501020,2016,31-33,630.0
3501020,2016,41,195.0
3501020,2016,44-45,625.0
3501020,2016,48-49,350.0
3501020,2016,51,40.0
3501020,2016,52,105.0
3501020,2016,53,80.0
3501020,2016,54,150.0
3501020,2016,55,0.0
3501020,2016,56,240.0
3501020,2016,61,210.0
3501020,2016,62,580.0
3501020,2016,71,185.0
3501020,2016,72,275.0
3501020,2016,81,205.0
3501020,2016,91,310.0
3501030,2016,11,600.0
3501030,2016,21,15.0
3501030,2016,22,110.0
3501030,2016,23,730.0
3501030,2016,31-33,425.0
3501030,2016,41,175.0
3501030,2016,44-45,680.0
3501030,2016,48-49,245.0
3501030,2016,51,95.0
3501030,2016,52,155.0
3501030,2016,53,90.0
3501030,2016,54,255.0
3501030,2016,55,10.0
3501030,2016,56,275.0
3501030,2016,61,330.0
3501030,2016,62,805.0
3501030,2016,71,85.0
3501030,2016,72,240.0
3501030,2016,81,240.0
3501030,2016,91,605.0
3501042,2016,11,470.0
3501042,2016,21,10.0
3501042,2016,22,40.0
3501042,2016,23,505.0
3501042,2016,31-33,280.0
3501042,2016,41,150.0
3501042,2016,44-45,370.0
3501042,2016,48-49,245.0
3501042,2016,51,65.0
3501042,2016,52,105.0
3501042,2016,53,35.0
3501042,2016,54,170.0
3501042,2016,55,0.0
3501042,2016,56,160.0
3501042,2016,61,200.0
3501042,2016,62,435.0
3501042,2016,71,25.0
3501042,2016,72,125.0
3501042,2016,81,160.0
3501042,2016,91,360.0
3501050,2016,11,515.0
3501050,2016,21,0.0
3501050,2016,22,45.0
3501050,2016,23,470.0
3501050,2016,31-33,565.0
3501050,2016,41,240.0
3501050,2016,44-45,540.0
3501050,2016,48-49,350.0
3501050,2016,51,40.0
3501050,2016,52,125.0
3501050,2016,53,70.0
3501050,2016,54,190.0
3501050,2016,55,10.0
3501050,2016,56,210.0
3501050,2016,61,355.0
3501050,2016,62,635.0
3501050,2016,71,80.0
3501050,2016,72,215.0
3501050,2016,81,315.0
3501050,2016,91,260.0
3502001,2016,11,275.0
3502001,2016,21,0.0
3502001,2016,22,0.0
3502001,2016,23,135.0
3502001,2016,31-33,210.0
3502001,2016,41,85.0
3502001,2016,44-45,200.0
3502001,2016,48-49,105.0
3502001,2016,51,25.0
3502001,2016,52,60.0
3502001,2016,53,25.0
3502001,2016,54,60.0
3502001,2016,55,0.0
3502001,2016,56,70.0
3502001,2016,61,145.0
3502001,2016,62,155.0
3502001,2016,71,45.0
3502001,2016,72,60.0
3502001,2016,81,70.0
3502001,2016,91,45.0
3502008,2016,11,35.0
3502008,2016,21,10.0
3502008,2016,22,0.0
3502008,2016,23,270.0
3502008,2016,31-33,645.0
3502008,2016,41,95.0
3502008,2016,44-45,795.0
3502008,2016,48-49,155.0
3502008,2016,51,50.0
3502008,2016,52,65.0
3502008,2016,53,30.0
3502008,2016,54,150.0
3502008,2016,55,0.0
3502008,2016,56,150.0
3502008,2016,61,300.0
3502008,2016,62,580.0
3502008,2016,71,45.0
3502008,2016,72,385.0
3502008,2016,81,225.0
3502008,2016,91,180.0
3502010,2016,11,220.0
3502010,2016,21,10.0
3502010,2016,22,25.0
3502010,2016,23,305.0
3502010,2016,31-33,670.0
3502010,2016,41,170.0
3502010,2016,44-45,580.0
3502010,2016,48-49,245.0
3502010,2016,51,50.0
3502010,2016,52,120.0
3502010,2016,53,70.0
3502010,2016,54,150.0
3502010,2016,55,10.0
3502010,2016,56,125.0
3502010,2016,61,455.0
3502010,2016,62,575.0
3502010,2016,71,40.0
3502010,2016,72,235.0
3502010,2016,81,195.0
3502010,2016,91,260.0
3502023,2016,11,280.0
3502023,2016,21,25.0
3502023,2016,22,0.0
3502023,2016,23,820.0
3502023,2016,31-33,315.0
3502023,2016,41,140.0
3502023,2016,44-45,505.0
3502023,2016,48-49,265.0
3502023,2016,51,20.0
3502023,2016,52,135.0
3502023,2016,53,40.0
3502023,2016,54,220.0
3502023,2016,55,0.0
3502023,2016,56,200.0
3502023,2016,61,360.0
3502023,2016,62,655.0
3502023,2016,71,105.0
3502023,2016,72,220.0
3502023,2016,81,210.0
3502023,2016,91,540.0
3502025,2016,11,500.0
3502025,2016,21,15.0
3502025,2016,22,35.0
3502025,2016,23,905.0
3502025,2016,31-33,455.0
3502025,2016,41,205.0
3502025,2016,44-45,740.0
3502025,2016,48-49,410.0
3502025,2016,51,90.0
3502025,2016,52,225.0
3502025,2016,53,100.0
3502025,2016,54,325.0
3502025,2016,55,0.0
3502025,2016,56,265.0
3502025,2016,61,595.0
3502025,2016,62,800.0
3502025,2016,71,105.0
3502025,2016,72,360.0
3502025,2016,81,315.0
3502025,2016,91,1110.0
3502036,2016,11,250.0
3502036,2016,21,15.0
3502036,2016,22,40.0
3502036,2016,23,1695.0
3502036,2016,31-33,470.0
3502036,2016,41,365.0
3502036,2016,44-45,1395.0
3502036,2016,48-49,565.0
3502036,2016,51,185.0
3502036,2016,52,380.0
3502036,2016,53,115.0
3502036,2016,54,580.0
3502036,2016,55,0.0
3502036,2016,56,745.0
3502036,2016,61,1155.0
3502036,2016,62,1435.0
3502036,2016,71,185.0
3502036,2016,72,700.0
3502036,2016,81,675.0
3502036,2016,91,2355.0
3502044,2016,11,30.0
3502044,2016,21,0.0
3502044,2016,22,0.0
3502044,2016,23,180.0
3502044,2016,31-33,70.0
3502044,2016,41,50.0
3502044,2016,44-45,205.0
3502044,2016,48-49,80.0
3502044,2016,51,40.0
3502044,2016,52,55.0
3502044,2016,53,0.0
3502044,2016,54,80.0
3502044,2016,55,0.0
3502044,2016,56,40.0
3502044,2016,61,210.0
3502044,2016,62,210.0
3502044,2016,71,20.0
3502044,2016,72,115.0
3502044,2016,81,135.0
3502044,2016,91,335.0
3502048,2016,11,150.0
3502048,2016,21,10.0
3502048,2016,22,40.0
3502048,2016,23,925.0
3502048,2016,31-33,325.0
3502048,2016,41,320.0
3502048,2016,44-45,860.0
3502048,2016,48-49,445.0
3502048,2016,51,135.0
3502048,2016,52,315.0
3502048,2016,53,120.0
3502048,2016,54,525.0
3502048,2016,55,20.0
3502048,2016,56,450.0
3502048,2016,61,685.0
3502048,2016,62,940.0
3502048,2016,71,230.0
3502048,2016,72,365.0
3502048,2016,81,380.0
3502048,2016,91,2085.0
3506008,2016,11,2240.0
3506008,2016,21,490.0
3506008,2016,22,1285.0
3506008,2016,23,23130.0
3506008,2016,31-33,15670.0
3506008,2016,41,11895.0
3506008,2016,44-45,52590.0
3506008,2016,48-49,14445.0
3506008,2016,51,13980.0
3506008,2016,52,16545.0
3506008,2016,53,9155.0
3506008,2016,54,51970.0
3506008,2016,55,410.0
3506008,2016,56,21845.0
3506008,2016,61,40890.0
3506008,2016,62,54620.0
3506008,2016,71,10005.0
3506008,2016,72,33720.0
3506008,2016,81,20860.0
3506008,2016,91,105355.0
3507004,2016,11,190.0
3507004,2016,21,15.0
3507004,2016,22,25.0
3507004,2016,23,390.0
3507004,2016,31-33,405.0
3507004,2016,41,90.0
3507004,2016,44-45,465.0
3507004,2016,48-49,225.0
3507004,2016,51,65.0
3507004,2016,52,80.0
3507004,2016,53,50.0
3507004,2016,54,165.0
3507004,2016,55,0.0
3507004,2016,56,155.0
3507004,2016,61,190.0
3507004,2016,62,350.0
3507004,2016,71,50.0
3507004,2016,72,205.0
3507004,2016,81,190.0
3507004,2016,91,325.0
3507006,2016,11,130.0
3507006,2016,21,15.0
3507006,2016,22,10.0
3507006,2016,23,320.0
3507006,2016,31-33,515.0
3507006,2016,41,140.0
3507006,2016,44-45,495.0
3507006,2016,48-49,300.0
3507006,2016,51,45.0
3507006,2016,52,115.0
3507006,2016,53,55.0
3507006,2016,54,180.0
3507006,2016,55,0.0
3507006,2016,56,165.0
3507006,2016,61,185.0
3507006,2016,62,500.0
3507006,2016,71,60.0
3507006,2016,72,185.0
3507006,2016,81,210.0
3507006,2016,91,185.0
3507008,2016,11,15.0
3507008,2016,21,0.0
3507008,2016,22,10.0
3507008,2016,23,125.0
3507008,2016,31-33,180.0
3507008,2016,41,40.0
3507008,2016,44-45,235.0
3507008,2016,48-49,130.0
3507008,2016,51,30.0
3507008,2016,52,30.0
3507008,2016,53,20.0
3507008,2016,54,80.0
3507008,2016,55,0.0
3507008,2016,56,105.0
3507008,2016,61,75.0
3507008,2016,62,235.0
3507008,2016,71,35.0
3507008,2016,72,125.0
3507008,2016,81,95.0
3507008,2016,91,135.0
3507014,2016,11,295.0
3507014,2016,21,30.0
3507014,2016,22,35.0
3507014,2016,23,550.0
3507014,2016,31-33,565.0
3507014,2016,41,165.0
3507014,2016,44-45,600.0
3507014,2016,48-49,250.0
3507014,2016,51,55.0
3507014,2016,52,85.0
3507014,2016,53,75.0
3507014,2016,54,190.0
3507014,2016,55,10.0
3507014,2016,56,300.0
3507014,2016,61,315.0
3507014,2016,62,725.0
3507014,2016,71,145.0
3507014,2016,72,275.0
3507014,2016,81,185.0
3507014,2016,91,215.0
3507015,2016,11,95.0
3507015,2016,21,10.0
3507015,2016,22,55.0
3507015,2016,23,530.0
3507015,2016,31-33,1015.0
3507015,2016,41,290.0
3507015,2016,44-45,1395.0
3507015,2016,48-49,330.0
3507015,2016,51,115.0
3507015,2016,52,225.0
3507015,2016,53,165.0
3507015,2016,54,355.0
3507015,2016,55,15.0
3507015,2016,56,705.0
3507015,2016,61,685.0
3507015,2016,62,1595.0
3507015,2016,71,155.0
3507015,2016,72,935.0
3507015,2016,81,315.0
3507015,2016,91,495.0
3507017,2016,11,60.0
3507017,2016,21,0.0
3507017,2016,22,25.0
3507017,2016,23,130.0
3507017,2016,31-33,145.0
3507017,2016,41,45.0
3507017,2016,44-45,150.0
3507017,2016,48-49,90.0
3507017,2016,51,15.0
3507017,2016,52,25.0
3507017,2016,53,35.0
3507017,2016,54,50.0
3507017,2016,55,0.0
3507017,2016,56,70.0
3507017,2016,61,55.0
3507017,2016,62,175.0
3507017,2016,71,55.0
3507017,2016,72,90.0
3507017,2016,81,65.0
3507017,2016,91,60.0
3507021,2016,11,230.0
3507021,2016,21,0.0
3507021,2016,22,35.0
3507021,2016,23,465.0
3507021,2016,31-33,380.0
3507021,2016,41,185.0
3507021,2016,44-45,595.0
3507021,2016,48-49,210.0
3507021,2016,51,30.0
3507021,2016,52,115.0
3507021,2016,53,55.0
3507021,2016,54,200.0
3507021,2016,55,0.0
3507021,2016,56,255.0
3507021,2016,61,335.0
3507021,2016,62,615.0
3507021,2016,71,185.0
3507021,2016,72,370.0
3507021,2016,81,230.0
3507021,2016,91,490.0
3507024,2016,11,0.0
3507024,2016,21,10.0
3507024,2016,22,10.0
3507024,2016,23,195.0
3507024,2016,31-33,195.0
3507024,2016,41,110.0
3507024,2016,44-45,315.0
3507024,2016,48-49,115.0
3507024,2016,51,30.0
3507024,2016,52,55.0
3507024,2016,53,60.0
3507024,2016,54,85.0
3507024,2016,55,0.0
3507024,2016,56,90.0
3507024,2016,61,110.0
3507024,2016,62,270.0
3507024,2016,71,170.0
3507024,2016,72,370.0
3507024,2016,81,100.0
3507024,2016,91,215.0
3507033,2016,11,0.0
3507033,2016,21,0.0
3507033,2016,22,0.0
3507033,2016,23,40.0
3507033,2016,31-33,10.0
3507033,2016,41,0.0
3507033,2016,44-45,60.0
3507033,2016,48-49,0.0
3507033,2016,51,0.0
3507033,2016,52,0.0
3507033,2016,53,15.0
3507033,2016,54,0.0
3507033,2016,55,0.0
3507033,2016,56,10.0
3507033,2016,61,25.0
3507033,2016,62,25.0
3507033,2016,71,10.0
3507033,2016,72,40.0
3507033,2016,81,0.0
3507033,2016,91,10.0
3507040,2016,11,240.0
3507040,2016,21,15.0
3507040,2016,22,40.0
3507040,2016,23,490.0
3507040,2016,31-33,355.0
3507040,2016,41,170.0
3507040,2016,44-45,580.0
3507040,2016,48-49,240.0
3507040,2016,51,140.0
3507040,2016,52,90.0
3507040,2016,53,85.0
3507040,2016,54,240.0
3507040,2016,55,0.0
3507040,2016,56,215.0
3507040,2016,61,295.0
3507040,2016,62,675.0
3507040,2016,71,180.0
3507040,2016,72,355.0
3507040,2016,81,170.0
3507040,2016,91,375.0
3507042,2016,11,120.0
3507042,2016,21,15.0
3507042,2016,22,0.0
3507042,2016,23,140.0
3507042,2016,31-33,205.0
3507042,2016,41,65.0
3507042,2016,44-45,200.0
3507042,2016,48-49,85.0
3507042,2016,51,30.0
3507042,2016,52,40.0
3507042,2016,53,25.0
3507042,2016,54,40.0
3507042,2016,55,0.0
3507042,2016,56,95.0
3507042,2016,61,100.0
3507042,2016,62,225.0
3507042,2016,71,20.0
3507042,2016,72,70.0
3507042,2016,81,55.0
3507042,2016,91,85.0
3507052,2016,11,40.0
3507052,2016,21,0.0
3507052,2016,22,20.0
3507052,2016,23,190.0
3507052,2016,31-33,100.0
3507052,2016,41,80.0
3507052,2016,44-45,205.0
3507052,2016,48-49,55.0
3507052,2016,51,25.0
3507052,2016,52,45.0
3507052,2016,53,25.0
3507052,2016,54,105.0
3507052,2016,55,0.0
3507052,2016,56,55.0
3507052,2016,61,85.0
3507052,2016,62,255.0
3507052,2016,71,25.0
3507052,2016,72,75.0
3507052,2016,81,75.0
3507052,2016,91,140.0
3507065,2016,11,255.0
3507065,2016,21,20.0
3507065,2016,22,50.0
3507065,2016,23,955.0
3507065,2016,31-33,415.0
3507065,2016,41,260.0
3507065,2016,44-45,1105.0
3507065,2016,48-49,375.0
3507065,2016,51,140.0
3507065,2016,52,245.0
3507065,2016,53,165.0
3507065,2016,54,605.0
3507065,2016,55,10.0
3507065,2016,56,415.0
3507065,2016,61,600.0
3507065,2016,62,1025.0
3507065,2016,71,145.0
3507065,2016,72,530.0
3507065,2016,81,435.0
3507065,2016,91,1205.0
3509001,2016,11,35.0
3509001,2016,21,15.0
3509001,2016,22,10.0
3509001,2016,23,220.0
3509001,2016,31-33,145.0
3509001,2016,41,50.0
3509001,2016,44-45,245.0
3509001,2016,48-49,95.0
3509001,2016,51,55.0
3509001,2016,52,15.0
3509001,2016,53,50.0
3509001,2016,54,140.0
3509001,2016,55,0.0
3509001,2016,56,80.0
3509001,2016,61,140.0
3509001,2016,62,255.0
3509001,2016,71,55.0
3509001,2016,72,90.0
3509001,2016,81,110.0
3509001,2016,91,175.0
3509004,2016,11,30.0
3509004,2016,21,10.0
3509004,2016,22,10.0
3509004,2016,23,255.0
3509004,2016,31-33,310.0
3509004,2016,41,120.0
3509004,2016,44-45,645.0
3509004,2016,48-49,175.0
3509004,2016,51,150.0
3509004,2016,52,70.0
3509004,2016,53,55.0
3509004,2016,54,165.0
3509004,2016,55,0.0
3509004,2016,56,140.0
3509004,2016,61,205.0
3509004,2016,62,540.0
3509004,2016,71,60.0
3509004,2016,72,295.0
3509004,2016,81,195.0
3509004,2016,91,185.0
3509010,2016,11,140.0
3509010,2016,21,45.0
3509010,2016,22,50.0
3509010,2016,23,480.0
3509010,2016,31-33,245.0
3509010,2016,41,85.0
3509010,2016,44-45,505.0
3509010,2016,48-49,180.0
3509010,2016,51,60.0
3509010,2016,52,120.0
3509010,2016,53,55.0
3509010,2016,54,190.0
3509010,2016,55,10.0
3509010,2016,56,110.0
3509010,2016,61,300.0
3509010,2016,62,530.0
3509010,2016,71,95.0
3509010,2016,72,260.0
3509010,2016,81,190.0
3509010,2016,91,365.0
3509015,2016,11,145.0
3509015,2016,21,45.0
3509015,2016,22,35.0
3509015,2016,23,395.0
3509015,2016,31-33,205.0
3509015,2016,41,50.0
3509015,2016,44-45,280.0
3509015,2016,48-49,140.0
3509015,2016,51,25.0
3509015,2016,52,80.0
3509015,2016,53,40.0
3509015,2016,54,155.0
3509015,2016,55,0.0
3509015,2016,56,90.0
3509015,2016,61,190.0
3509015,2016,62,345.0
3509015,2016,71,70.0
3509015,2016,72,195.0
3509015,2016,81,180.0
3509015,2016,91,120.0
3509021,2016,11,20.0
3509021,2016,21,10.0
3509021,2016,22,0.0
3509021,2016,23,240.0
3509021,2016,31-33,325.0
3509021,2016,41,80.0
3509021,2016,44-45,320.0
3509021,2016,48-49,85.0
3509021,2016,51,35.0
3509021,2016,52,85.0
3509021,2016,53,25.0
3509021,2016,54,90.0
3509021,2016,55,0.0
3509021,2016,56,95.0
3509021,2016,61,165.0
3509021,2016,62,345.0
3509021,2016,71,35.0
3509021,2016,72,250.0
3509021,2016,81,135.0
3509021,2016,91,175.0
3509024,2016,11,105.0
3509024,2016,21,10.0
3509024,2016,22,35.0
3509024,2016,23,495.0
3509024,2016,31-33,200.0
3509024,2016,41,220.0
3509024,2016,44-45,585.0
3509024,2016,48-49,155.0
3509024,2016,51,90.0
3509024,2016,52,105.0
3509024,2016,53,100.0
3509024,2016,54,340.0
3509024,2016,55,0.0
3509024,2016,56,150.0
3509024,2016,61,310.0
3509024,2016,62,425.0
3509024,2016,71,95.0
3509024,2016,72,150.0
3509024,2016,81,165.0
3509024,2016,91,645.0
3509028,2016,11,0.0
3509028,2016,21,10.0
3509028,2016,22,20.0
3509028,2016,23,490.0
3509028,2016,31-33,475.0
3509028,2016,41,175.0
3509028,2016,44-45,745.0
3509028,2016,48-49,175.0
3509028,2016,51,125.0
3509028,2016,52,185.0
3509028,2016,53,95.0
3509028,2016,54,345.0
3509028,2016,55,10.0
3509028,2016,56,235.0
3509028,2016,61,320.0
3509028,2016,62,685.0
3509028,2016,71,90.0
3509028,2016,72,480.0
3509028,2016,81,275.0
3509028,2016,91,530.0
3509030,2016,11,215.0
3509030,2016,21,20.0
3509030,2016,22,50.0
3509030,2016,23,780.0
3509030,2016,31-33,470.0
3509030,2016,41,165.0
3509030,2016,44-45,855.0
3509030,2016,48-49,185.0
3509030,2016,51,155.0
3509030,2016,52,130.0
3509030,2016,53,100.0
3509030,2016,54,620.0
3509030,2016,55,10.0
3509030,2016,56,340.0
3509030,2016,61,410.0
3509030,2016,62,845.0
3509030,2016,71,150.0
3509030,2016,72,330.0
3509030,2016,81,330.0
3509030,2016,91,745.0
3509039,2016,11,100.0
3509039,2016,21,25.0
3509039,2016,22,35.0
3509039,2016,23,475.0
3509039,2016,31-33,225.0
3509039,2016,41,40.0
3509039,2016,44-45,305.0
3509039,2016,48-49,100.0
3509039,2016,51,70.0
3509039,2016,52,40.0
3509039,2016,53,40.0
3509039,2016,54,110.0
3509039,2016,55,0.0
3509039,2016,56,190.0
3509039,2016,61,145.0
3509039,2016,62,305.0
3509039,2016,71,65.0
3509039,2016,72,115.0
3509039,2016,81,90.0
3509039,2016,91,245.0
3510005,2016,11,80.0
3510005,2016,21,0.0
3510005,2016,22,0.0
3510005,2016,23,45.0
3510005,2016,31-33,60.0
3510005,2016,41,30.0
3510005,2016,44-45,70.0
3510005,2016,48-49,45.0
3510005,2016,51,10.0
3510005,2016,52,10.0
3510005,2016,53,40.0
3510005,2016,54,60.0
3510005,2016,55,0.0
3510005,2016,56,10.0
3510005,2016,61,110.0
3510005,2016,62,105.0
3510005,2016,71,35.0
3510005,2016,72,40.0
3510005,2016,81,45.0
3510005,2016,91,120.0
3510010,2016,11,295.0
3510010,2016,21,105.0
3510010,2016,22,305.0
3510010,2016,23,3445.0
3510010,2016,31-33,2300.0
3510010,2016,41,1110.0
3510010,2016,44-45,7240.0
3510010,2016,48-49,1460.0
3510010,2016,51,950.0
3510010,2016,52,1810.0
3510010,2016,53,1145.0
3510010,2016,54,3010.0
3510010,2016,55,25.0
3510010,2016,56,2970.0
3510010,2016,61,8405.0
3510010,2016,62,10175.0
3510010,2016,71,1445.0
3510010,2016,72,6065.0
3510010,2016,81,2425.0
3510010,2016,91,7460.0
3510020,2016,11,200.0
3510020,2016,21,30.0
3510020,2016,22,110.0
3510020,2016,23,1190.0
3510020,2016,31-33,635.0
3510020,2016,41,280.0
3510020,2016,44-45,1075.0
3510020,2016,48-49,330.0
3510020,2016,51,85.0
3510020,2016,52,275.0
3510020,2016,53,170.0
3510020,2016,54,500.0
3510020,2016,55,15.0
3510020,2016,56,455.0
3510020,2016,61,1045.0
3510020,2016,62,1495.0
3510020,2016,71,155.0
3510020,2016,72,455.0
3510020,2016,81,420.0
3510020,2016,91,1110.0
3510035,2016,11,75.0
3510035,2016,21,0.0
3510035,2016,22,40.0
3510035,2016,23,255.0
3510035,2016,31-33,110.0
3510035,2016,41,55.0
3510035,2016,44-45,200.0
3510035,2016,48-49,100.0
3510035,2016,51,35.0
3510035,2016,52,50.0
3510035,2016,53,40.0
3510035,2016,54,80.0
3510035,2016,55,0.0
3510035,2016,56,85.0
3510035,2016,61,150.0
3510035,2016,62,245.0
3510035,2016,71,45.0
3510035,2016,72,60.0
3510035,2016,81,80.0
3510035,2016,91,105.0
3510045,2016,11,10.0
3510045,2016,21,0.0
3510045,2016,22,20.0
3510045,2016,23,75.0
3510045,2016,31-33,50.0
3510045,2016,41,25.0
3510045,2016,44-45,110.0
3510045,2016,48-49,30.0
3510045,2016,51,10.0
3510045,2016,52,25.0
3510045,2016,53,10.0
3510045,2016,54,20.0
3510045,2016,55,0.0
3510045,2016,56,40.0
3510045,2016,61,45.0
3510045,2016,62,75.0
3510045,2016,71,25.0
3510045,2016,72,45.0
3510045,2016,81,20.0
3510045,2016,91,65.0
3511005,2016,11,175.0
3511005,2016,21,10.0
3511005,2016,22,145.0
3511005,2016,23,735.0
3511005,2016,31-33,545.0
3511005,2016,41,235.0
3511005,2016,44-45,1035.0
3511005,2016,48-49,355.0
3511005,2016,51,80.0
3511005,2016,52,215.0
3511005,2016,53,140.0
3511005,2016,54,315.0
3511005,2016,55,0.0
3511005,2016,56,385.0
3511005,2016,61,655.0
3511005,2016,62,1235.0
3511005,2016,71,175.0
3511005,2016,72,565.0
3511005,2016,81,390.0
3511005,2016,91,1075.0
3511015,2016,11,285.0
3511015,2016,21,10.0
3511015,2016,22,90.0
3511015,2016,23,640.0
3511015,2016,31-33,825.0
3511015,2016,41,160.0
3511015,2016,44-45,930.0
3511015,2016,48-49,370.0
3511015,2016,51,60.0
3511015,2016,52,170.0
3511015,2016,53,95.0
3511015,2016,54,265.0
3511015,2016,55,0.0
3511015,2016,56,325.0
3511015,2016,61,475.0
3511015,2016,62,990.0
3511015,2016,71,100.0
3511015,2016,72,665.0
3511015,2016,81,295.0
3511015,2016,91,535.0
3511030,2016,11,175.0
3511030,2016,21,20.0
3511030,2016,22,50.0
3511030,2016,23,475.0
3511030,2016,31-33,495.0
3511030,2016,41,110.0
3511030,2016,44-45,445.0
3511030,2016,48-49,160.0
3511030,2016,51,60.0
3511030,2016,52,70.0
3511030,2016,53,80.0
3511030,2016,54,175.0
3511030,2016,55,0.0
3511030,2016,56,205.0
3511030,2016,61,350.0
3511030,2016,62,645.0
3511030,2016,71,45.0
3511030,2016,72,225.0
3511030,2016,81,170.0
3511030,2016,91,365.0
3511035,2016,11,15.0
3511035,2016,21,0.0
3511035,2016,22,20.0
3511035,2016,23,190.0
3511035,2016,31-33,60.0
3511035,2016,41,0.0
3511035,2016,44-45,85.0
3511035,2016,48-49,40.0
3511035,2016,51,0.0
3511035,2016,52,10.0
3511035,2016,53,0.0
3511035,2016,54,15.0
3511035,2016,55,0.0
3511035,2016,56,40.0
3511035,2016,61,20.0
3511035,2016,62,125.0
3511035,2016,71,10.0
3511035,2016,72,30.0
3511035,2016,81,40.0
3511035,2016,91,15.0
3512001,2016,11,90.0
3512001,2016,21,15.0
3512001,2016,22,20.0
3512001,2016,23,285.0
3512001,2016,31-33,295.0
3512001,2016,41,75.0
3512001,2016,44-45,290.0
3512001,2016,48-49,130.0
3512001,2016,51,35.0
3512001,2016,52,65.0
3512001,2016,53,40.0
3512001,2016,54,115.0
3512001,2016,55,0.0
3512001,2016,56,95.0
3512001,2016,61,140.0
3512001,2016,62,335.0
3512001,2016,71,20.0
3512001,2016,72,100.0
3512001,2016,81,80.0
3512001,2016,91,180.0
3512002,2016,11,10.0
3512002,2016,21,0.0
3512002,2016,22,0.0
3512002,2016,23,60.0
3512002,2016,31-33,100.0
3512002,2016,41,25.0
3512002,2016,44-45,120.0
3512002,2016,48-49,70.0
3512002,2016,51,20.0
3512002,2016,52,10.0
3512002,2016,53,0.0
3512002,2016,54,35.0
3512002,2016,55,0.0
3512002,2016,56,60.0
3512002,2016,61,40.0
3512002,2016,62,120.0
3512002,2016,71,10.0
3512002,2016,72,50.0
3512002,2016,81,30.0
3512002,2016,91,35.0
3512004,2016,11,10.0
3512004,2016,21,0.0
3512004,2016,22,10.0
3512004,2016,23,135.0
3512004,2016,31-33,85.0
3512004,2016,41,15.0
3512004,2016,44-45,175.0
3512004,2016,48-49,45.0
3512004,2016,51,10.0
3512004,2016,52,0.0
3512004,2016,53,15.0
3512004,2016,54,25.0
3512004,2016,55,0.0
3512004,2016,56,50.0
3512004,2016,61,90.0
3512004,2016,62,150.0
3512004,2016,71,15.0
3512004,2016,72,50.0
3512004,2016,81,55.0
3512004,2016,91,110.0
3512005,2016,11,285.0
3512005,2016,21,45.0
3512005,2016,22,110.0
3512005,2016,23,1340.0
3512005,2016,31-33,2705.0
3512005,2016,41,820.0
3512005,2016,44-45,3225.0
3512005,2016,48-49,1170.0
3512005,2016,51,310.0
3512005,2016,52,545.0
3512005,2016,53,340.0
3512005,2016,54,855.0
3512005,2016,55,10.0
3512005,2016,56,1925.0
3512005,2016,61,1895.0
3512005,2016,62,3280.0
3512005,2016,71,320.0
3512005,2016,72,1940.0
3512005,2016,81,920.0
3512005,2016,91,1780.0
3512015,2016,11,420.0
3512015,2016,21,20.0
3512015,2016,22,100.0
3512015,2016,23,1340.0
3512015,2016,31-33,2790.0
3512015,2016,41,720.0
3512015,2016,44-45,2350.0
3512015,2016,48-49,1150.0
3512015,2016,51,235.0
3512015,2016,52,340.0
3512015,2016,53,310.0
3512015,2016,54,670.0
3512015,2016,55,10.0
3512015,2016,56,1265.0
3512015,2016,61,1125.0
3512015,2016,62,2365.0
3512015,2016,71,240.0
3512015,2016,72,1415.0
3512015,2016,81,835.0
3512015,2016,91,3590.0
3512020,2016,11,260.0
3512020,2016,21,10.0
3512020,2016,22,25.0
3512020,2016,23,240.0
3512020,2016,31-33,320.0
3512020,2016,41,110.0
3512020,2016,44-45,355.0
3512020,2016,48-49,140.0
3512020,2016,51,35.0
3512020,2016,52,55.0
3512020,2016,53,35.0
3512020,2016,54,90.0
3512020,2016,55,0.0
3512020,2016,56,145.0
3512020,2016,61,120.0
3512020,2016,62,295.0
3512020,2016,71,75.0
3512020,2016,72,140.0
3512020,2016,81,90.0
3512020,2016,91,140.0
3512026,2016,11,100.0
3512026,2016,21,20.0
3512026,2016,22,20.0
3512026,2016,23,215.0
3512026,2016,31-33,235.0
3512026,2016,41,65.0
3512026,2016,44-45,250.0
3512026,2016,48-49,135.0
3512026,2016,51,15.0
3512026,2016,52,35.0
3512026,2016,53,20.0
3512026,2016,54,100.0
3512026,2016,55,0.0
3512026,2016,56,115.0
3512026,2016,61,150.0
3512026,2016,62,285.0
3512026,2016,71,35.0
3512026,2016,72,140.0
3512026,2016,81,125.0
3512026,2016,91,100.0
3512030,2016,11,140.0
3512030,2016,21,0.0
3512030,2016,22,80.0
3512030,2016,23,260.0
3512030,2016,31-33,360.0
3512030,2016,41,60.0
3512030,2016,44-45,345.0
3512030,2016,48-49,185.0
3512030,2016,51,25.0
3512030,2016,52,15.0
3512030,2016,53,55.0
3512030,2016,54,60.0
3512030,2016,55,0.0
3512030,2016,56,120.0
3512030,2016,61,175.0
3512030,2016,62,340.0
3512030,2016,71,45.0
3512030,2016,72,175.0
3512030,2016,81,110.0
3512030,2016,91,135.0
3512036,2016,11,75.0
3512036,2016,21,15.0
3512036,2016,22,35.0
3512036,2016,23,105.0
3512036,2016,31-33,125.0
3512036,2016,41,20.0
3512036,2016,44-45,140.0
3512036,2016,48-49,45.0
3512036,2016,51,0.0
3512036,2016,52,10.0
3512036,2016,53,10.0
3512036,2016,54,0.0
3512036,2016,55,0.0
3512036,2016,56,50.0
3512036,2016,61,95.0
3512036,2016,62,130.0
3512036,2016,71,10.0
3512036,2016,72,50.0
3512036,2016,81,50.0
3512036,2016,91,25.0
3512046,2016,11,30.0
3512046,2016,21,20.0
3512046,2016,22,40.0
3512046,2016,23,200.0
3512046,2016,31-33,120.0
3512046,2016,41,35.0
3512046,2016,44-45,195.0
3512046,2016,48-49,85.0
3512046,2016,51,30.0
3512046,2016,52,30.0
3512046,2016,53,15.0
3512046,2016,54,65.0
3512046,2016,55,0.0
3512046,2016,56,65.0
3512046,2016,61,70.0
3512046,2016,62,130.0
3512046,2016,71,15.0
3512046,2016,72,130.0
3512046,2016,81,45.0
3512046,2016,91,75.0
3512048,2016,11,15.0
3512048,2016,21,10.0
3512048,2016,22,0.0
3512048,2016,23,45.0
3512048,2016,31-33,10.0
3512048,2016,41,0.0
3512048,2016,44-45,30.0
3512048,2016,48-49,0.0
3512048,2016,51,0.0
3512048,2016,52,0.0
3512048,2016,53,0.0
3512048,2016,54,0.0
3512048,2016,55,0.0
3512048,2016,56,10.0
3512048,2016,61,10.0
3512048,2016,62,35.0
3512048,2016,71,15.0
3512048,2016,72,0.0
3512048,2016,81,10.0
3512048,2016,91,15.0
3512051,2016,11,0.0
3512051,2016,21,10.0
3512051,2016,22,0.0
3512051,2016,23,10.0
3512051,2016,31-33,0.0
3512051,2016,41,0.0
3512051,2016,44-45,30.0
3512051,2016,48-49,10.0
3512051,2016,51,0.0
3512051,2016,52,0.0
3512051,2016,53,10.0
3512051,2016,54,0.0
3512051,2016,55,0.0
3512051,2016,56,10.0
3512051,2016,61,0.0
3512051,2016,62,10.0
3512051,2016,71,10.0
3512051,2016,72,10.0
3512051,2016,81,10.0
3512051,2016,91,0.0
3512054,2016,11,15.0
3512054,2016,21,0.0
3512054,2016,22,0.0
3512054,2016,23,40.0
3512054,2016,31-33,0.0
3512054,2016,41,0.0
3512054,2016,44-45,15.0
3512054,2016,48-49,10.0
3512054,2016,51,10.0
3512054,2016,52,0.0
3512054,2016,53,10.0
3512054,2016,54,25.0
3512054,2016,55,0.0
3512054,2016,56,10.0
3512054,2016,61,0.0
3512054,2016,62,20.0
3512054,2016,71,10.0
3512054,2016,72,25.0
3512054,2016,81,15.0
3512054,2016,91,25.0
3512058,2016,11,10.0
3512058,2016,21,0.0
3512058,2016,22,10.0
3512058,2016,23,85.0
3512058,2016,31-33,35.0
3512058,2016,41,10.0
3512058,2016,44-45,110.0
3512058,2016,48-49,15.0
3512058,2016,51,0.0
3512058,2016,52,10.0
3512058,2016,53,10.0
3512058,2016,54,10.0
3512058,2016,55,0.0
3512058,2016,56,50.0
3512058,2016,61,25.0
3512058,2016,62,85.0
3512058,2016,71,0.0
3512058,2016,72,75.0
3512058,2016,81,15.0
3512058,2016,91,35.0
3512061,2016,11,50.0
3512061,2016,21,0.0
3512061,2016,22,15.0
3512061,2016,23,200.0
3512061,2016,31-33,30.0
3512061,2016,41,30.0
3512061,2016,44-45,255.0
3512061,2016,48-49,55.0
3512061,2016,51,15.0
3512061,2016,52,20.0
3512061,2016,53,35.0
3512061,2016,54,60.0
3512061,2016,55,0.0
3512061,2016,56,55.0
3512061,2016,61,110.0
3512061,2016,62,190.0
3512061,2016,71,30.0
3512061,2016,72,180.0
3512061,2016,81,90.0
3512061,2016,91,45.0
3512065,2016,11,20.0
3512065,2016,21,0.0
3512065,2016,22,20.0
3512065,2016,23,70.0
3512065,2016,31-33,30.0
3512065,2016,41,0.0
3512065,2016,44-45,55.0
3512065,2016,48-49,15.0
3512065,2016,51,0.0
3512065,2016,52,10.0
3512065,2016,53,0.0
3512065,2016,54,0.0
3512065,2016,55,0.0
3512065,2016,56,10.0
3512065,2016,61,20.0
3512065,2016,62,35.0
3512065,2016,71,0.0
3512065,2016,72,20.0
3512065,2016,81,30.0
3512065,2016,91,20.0
3512076,2016,11,50.0
3512076,2016,21,15.0
3512076,2016,22,25.0
3512076,2016,23,195.0
3512076,2016,31-33,120.0
3512076,2016,41,30.0
3512076,2016,44-45,230.0
3512076,2016,48-49,105.0
3512076,2016,51,25.0
3512076,2016,52,65.0
3512076,2016,53,20.0
3512076,2016,54,60.0
3512076,2016,55,0.0
3512076,2016,56,75.0
3512076,2016,61,85.0
3512076,2016,62,190.0
3512076,2016,71,65.0
3512076,2016,72,100.0
3512076,2016,81,90.0
3512076,2016,91,135.0
3513020,2016,11,740.0
3513020,2016,21,15.0
3513020,2016,22,100.0
3513020,2016,23,1105.0
3513020,2016,31-33,835.0
3513020,2016,41,250.0
3513020,2016,44-45,1375.0
3513020,2016,48-49,455.0
3513020,2016,51,125.0
3513020,2016,52,245.0
3513020,2016,53,250.0
3513020,2016,54,675.0
3513020,2016,55,0.0
3513020,2016,56,665.0
3513020,2016,61,670.0
3513020,2016,62,1510.0
3513020,2016,71,255.0
3513020,2016,72,1070.0
3513020,2016,81,415.0
3513020,2016,91,655.0
3514004,2016,11,165.0
3514004,2016,21,15.0
3514004,2016,22,45.0
3514004,2016,23,500.0
3514004,2016,31-33,515.0
3514004,2016,41,130.0
3514004,2016,44-45,620.0
3514004,2016,48-49,245.0
3514004,2016,51,75.0
3514004,2016,52,90.0
3514004,2016,53,60.0
3514004,2016,54,210.0
3514004,2016,55,10.0
3514004,2016,56,270.0
3514004,2016,61,290.0
3514004,2016,62,455.0
3514004,2016,71,70.0
3514004,2016,72,345.0
3514004,2016,81,220.0
3514004,2016,91,495.0
3514014,2016,11,140.0
3514014,2016,21,0.0
3514014,2016,22,80.0
3514014,2016,23,285.0
3514014,2016,31-33,505.0
3514014,2016,41,125.0
3514014,2016,44-45,320.0
3514014,2016,48-49,170.0
3514014,2016,51,20.0
3514014,2016,52,80.0
3514014,2016,53,50.0
3514014,2016,54,100.0
3514014,2016,55,0.0
3514014,2016,56,110.0
3514014,2016,61,165.0
3514014,2016,62,405.0
3514014,2016,71,60.0
3514014,2016,72,195.0
3514014,2016,81,190.0
3514014,2016,91,160.0
3514019,2016,11,170.0
3514019,2016,21,35.0
3514019,2016,22,255.0
3514019,2016,23,710.0
3514019,2016,31-33,785.0
3514019,2016,41,180.0
3514019,2016,44-45,740.0
3514019,2016,48-49,190.0
3514019,2016,51,70.0
3514019,2016,52,110.0
3514019,2016,53,75.0
3514019,2016,54,265.0
3514019,2016,55,0.0
3514019,2016,56,255.0
3514019,2016,61,385.0
3514019,2016,62,730.0
3514019,2016,71,95.0
3514019,2016,72,355.0
3514019,2016,81,235.0
3514019,2016,91,285.0
3514020,2016,11,170.0
3514020,2016,21,25.0
3514020,2016,22,240.0
3514020,2016,23,705.0
3514020,2016,31-33,1005.0
3514020,2016,41,230.0
3514020,2016,44-45,1155.0
3514020,2016,48-49,285.0
3514020,2016,51,125.0
3514020,2016,52,215.0
3514020,2016,53,130.0
3514020,2016,54,480.0
3514020,2016,55,10.0
3514020,2016,56,330.0
3514020,2016,61,575.0
3514020,2016,62,960.0
3514020,2016,71,175.0
3514020,2016,72,685.0
3514020,2016,81,320.0
3514020,2016,91,450.0
3514021,2016,11,20.0
3514021,2016,21,30.0
3514021,2016,22,150.0
3514021,2016,23,555.0
3514021,2016,31-33,1105.0
3514021,2016,41,210.0
3514021,2016,44-45,1055.0
3514021,2016,48-49,305.0
3514021,2016,51,135.0
3514021,2016,52,245.0
3514021,2016,53,200.0
3514021,2016,54,480.0
3514021,2016,55,0.0
3514021,2016,56,415.0
3514021,2016,61,570.0
3514021,2016,62,1220.0
3514021,2016,71,145.0
3514021,2016,72,745.0
3514021,2016,81,410.0
3514021,2016,91,380.0
3514024,2016,11,185.0
3514024,2016,21,10.0
3514024,2016,22,140.0
3514024,2016,23,415.0
3514024,2016,31-33,430.0
3514024,2016,41,100.0
3514024,2016,44-45,370.0
3514024,2016,48-49,175.0
3514024,2016,51,55.0
3514024,2016,52,90.0
3514024,2016,53,65.0
3514024,2016,54,165.0
3514024,2016,55,0.0
3514024,2016,56,155.0
3514024,2016,61,250.0
3514024,2016,62,390.0
3514024,2016,71,40.0
3514024,2016,72,195.0
3514024,2016,81,220.0
3514024,2016,91,175.0
3514027,2016,11,10.0
3514027,2016,21,0.0
3514027,2016,22,10.0
3514027,2016,23,25.0
3514027,2016,31-33,15.0
3514027,2016,41,0.0
3514027,2016,44-45,45.0
3514027,2016,48-49,10.0
3514027,2016,51,0.0
3514027,2016,52,0.0
3514027,2016,53,10.0
3514027,2016,54,0.0
3514027,2016,55,0.0
3514027,2016,56,10.0
3514027,2016,61,10.0
3514027,2016,62,30.0
3514027,2016,71,0.0
3514027,2016,72,15.0
3514027,2016,81,15.0
3514027,2016,91,45.0
3514045,2016,11,445.0
3514045,2016,21,60.0
3514045,2016,22,85.0
3514045,2016,23,520.0
3514045,2016,31-33,585.0
3514045,2016,41,170.0
3514045,2016,44-45,715.0
3514045,2016,48-49,275.0
3514045,2016,51,50.0
3514045,2016,52,135.0
3514045,2016,53,90.0
3514045,2016,54,270.0
3514045,2016,55,10.0
3514045,2016,56,270.0
3514045,2016,61,330.0
3514045,2016,62,620.0
3514045,2016,71,160.0
3514045,2016,72,295.0
3514045,2016,81,290.0
3514045,2016,91,295.0
3515003,2016,11,130.0
3515003,2016,21,30.0
3515003,2016,22,0.0
3515003,2016,23,205.0
3515003,2016,31-33,170.0
3515003,2016,41,95.0
3515003,2016,44-45,225.0
3515003,2016,48-49,110.0
3515003,2016,51,20.0
3515003,2016,52,40.0
3515003,2016,53,30.0
3515003,2016,54,100.0
3515003,2016,55,0.0
3515003,2016,56,65.0
3515003,2016,61,130.0
3515003,2016,62,310.0
3515003,2016,71,45.0
3515003,2016,72,135.0
3515003,2016,81,80.0
3515003,2016,91,125.0
3515005,2016,11,275.0
3515005,2016,21,20.0
3515005,2016,22,55.0
3515005,2016,23,385.0
3515005,2016,31-33,365.0
3515005,2016,41,150.0
3515005,2016,44-45,380.0
3515005,2016,48-49,145.0
3515005,2016,51,60.0
3515005,2016,52,100.0
3515005,2016,53,50.0
3515005,2016,54,160.0
3515005,2016,55,0.0
3515005,2016,56,185.0
3515005,2016,61,250.0
3515005,2016,62,420.0
3515005,2016,71,75.0
3515005,2016,72,175.0
3515005,2016,81,130.0
3515005,2016,91,265.0
3515008,2016,11,0.0
3515008,2016,21,0.0
3515008,2016,22,10.0
3515008,2016,23,10.0
3515008,2016,31-33,10.0
3515008,2016,41,0.0
3515008,2016,44-45,25.0
3515008,2016,48-49,10.0
3515008,2016,51,0.0
3515008,2016,52,0.0
3515008,2016,53,0.0
3515008,2016,54,10.0
3515008,2016,55,0.0
3515008,2016,56,10.0
3515008,2016,61,15.0
3515008,2016,62,25.0
3515008,2016,71,10.0
3515008,2016,72,10.0
3515008,2016,81,10.0
3515008,2016,91,15.0
3515013,2016,11,180.0
3515013,2016,21,30.0
3515013,2016,22,140.0
3515013,2016,23,490.0
3515013,2016,31-33,415.0
3515013,2016,41,185.0
3515013,2016,44-45,540.0
3515013,2016,48-49,225.0
3515013,2016,51,70.0
3515013,2016,52,105.0
3515013,2016,53,70.0
3515013,2016,54,260.0
3515013,2016,55,0.0
3515013,2016,56,175.0
3515013,2016,61,365.0
3515013,2016,62,585.0
3515013,2016,71,110.0
3515013,2016,72,190.0
3515013,2016,81,230.0
3515013,2016,91,305.0
3515014,2016,11,245.0
3515014,2016,21,135.0
3515014,2016,22,360.0
3515014,2016,23,2355.0
3515014,2016,31-33,2730.0
3515014,2016,41,1030.0
3515014,2016,44-45,5410.0
3515014,2016,48-49,1385.0
3515014,2016,51,775.0
3515014,2016,52,1020.0
3515014,2016,53,530.0
3515014,2016,54,1910.0
3515014,2016,55,10.0
3515014,2016,56,2535.0
3515014,2016,61,3805.0
3515014,2016,62,5875.0
3515014,2016,71,1055.0
3515014,2016,72,3475.0
3515014,2016,81,1710.0
3515014,2016,91,2095.0
3515015,2016,11,135.0
3515015,2016,21,35.0
3515015,2016,22,140.0
3515015,2016,23,945.0
3515015,2016,31-33,645.0
3515015,2016,41,295.0
3515015,2016,44-45,965.0
3515015,2016,48-49,255.0
3515015,2016,51,80.0
3515015,2016,52,225.0
3515015,2016,53,150.0
3515015,2016,54,395.0
3515015,2016,55,0.0
3515015,2016,56,345.0
3515015,2016,61,780.0
3515015,2016,62,1260.0
3515015,2016,71,160.0
3515015,2016,72,535.0
3515015,2016,81,495.0
3515015,2016,91,505.0
3515019,2016,11,0.0
3515019,2016,21,0.0
3515019,2016,22,0.0
3515019,2016,23,65.0
3515019,2016,31-33,10.0
3515019,2016,41,10.0
3515019,2016,44-45,70.0
3515019,2016,48-49,10.0
3515019,2016,51,10.0
3515019,2016,52,0.0
3515019,2016,53,10.0
3515019,2016,54,15.0
3515019,2016,55,0.0
3515019,2016,56,20.0
3515019,2016,61,30.0
3515019,2016,62,85.0
3515019,2016,71,25.0
3515019,2016,72,20.0
3515019,2016,81,15.0
3515019,2016,91,50.0
3515023,2016,11,200.0
3515023,2016,21,45.0
3515023,2016,22,35.0
3515023,2016,23,510.0
3515023,2016,31-33,335.0
3515023,2016,41,125.0
3515023,2016,44-45,380.0
3515023,2016,48-49,135.0
3515023,2016,51,50.0
3515023,2016,52,40.0
3515023,2016,53,60.0
3515023,2016,54,195.0
3515023,2016,55,0.0
3515023,2016,56,145.0
3515023,2016,61,275.0
3515023,2016,62,410.0
3515023,2016,71,90.0
3515023,2016,72,165.0
3515023,2016,81,160.0
3515023,2016,91,195.0
3515030,2016,11,35.0
3515030,2016,21,55.0
3515030,2016,22,10.0
3515030,2016,23,215.0
3515030,2016,31-33,155.0
3515030,2016,41,70.0
3515030,2016,44-45,255.0
3515030,2016,48-49,100.0
3515030,2016,51,30.0
3515030,2016,52,45.0
3515030,2016,53,45.0
3515030,2016,54,75.0
3515030,2016,55,0.0
3515030,2016,56,70.0
3515030,2016,61,75.0
3515030,2016,62,195.0
3515030,2016,71,25.0
3515030,2016,72,160.0
3515030,2016,81,80.0
3515030,2016,91,75.0
3515037,2016,11,15.0
3515037,2016,21,20.0
3515037,2016,22,10.0
3515037,2016,23,190.0
3515037,2016,31-33,60.0
3515037,2016,41,20.0
3515037,2016,44-45,170.0
3515037,2016,48-49,35.0
3515037,2016,51,30.0
3515037,2016,52,10.0
3515037,2016,53,15.0
3515037,2016,54,25.0
3515037,2016,55,0.0
3515037,2016,56,45.0
3515037,2016,61,50.0
3515037,2016,62,105.0
3515037,2016,71,45.0
3515037,2016,72,110.0
3515037,2016,81,60.0
3515037,2016,91,85.0
3515044,2016,11,55.0
3515044,2016,21,45.0
3515044,2016,22,25.0
3515044,2016,23,375.0
3515044,2016,31-33,160.0
3515044,2016,41,80.0
3515044,2016,44-45,340.0
3515044,2016,48-49,130.0
3515044,2016,51,25.0
3515044,2016,52,95.0
3515044,2016,53,45.0
3515044,2016,54,160.0
3515044,2016,55,10.0
3515044,2016,56,130.0
3515044,2016,61,135.0
3515044,2016,62,210.0
3515044,2016,71,80.0
3515044,2016,72,150.0
3515044,2016,81,130.0
3515044,2016,91,120.0
3516010,2016,11,1340.0
3516010,2016,21,245.0
3516010,2016,22,500.0
3516010,2016,23,4145.0
3516010,2016,31-33,2865.0
3516010,2016,41,1085.0
3516010,2016,44-45,4570.0
3516010,2016,48-49,1565.0
3516010,2016,51,470.0
3516010,2016,52,1020.0
3516010,2016,53,590.0
3516010,2016,54,1630.0
3516010,2016,55,30.0
3516010,2016,56,1720.0
3516010,2016,61,2255.0
3516010,2016,62,4510.0
3516010,2016,71,900.0
3516010,2016,72,1980.0
3516010,2016,81,1740.0
3516010,2016,91,2295.0
3518001,2016,11,175.0
3518001,2016,21,60.0
3518001,2016,22,730.0
3518001,2016,23,3960.0
3518001,2016,31-33,3470.0
3518001,2016,41,2190.0
3518001,2016,44-45,5690.0
3518001,2016,48-49,2330.0
3518001,2016,51,1790.0
3518001,2016,52,4600.0
3518001,2016,53,1130.0
3518001,2016,54,4400.0
3518001,2016,55,185.0
3518001,2016,56,2520.0
3518001,2016,61,3980.0
3518001,2016,62,5050.0
3518001,2016,71,1055.0
3518001,2016,72,2440.0
3518001,2016,81,2035.0
3518001,2016,91,2640.0
3518005,2016,11,145.0
3518005,2016,21,85.0
3518005,2016,22,1020.0
3518005,2016,23,3830.0
3518005,2016,31-33,5100.0
3518005,2016,41,2595.0
3518005,2016,44-45,7385.0
3518005,2016,48-49,3700.0
3518005,2016,51,2425.0
3518005,2016,52,6605.0
3518005,2016,53,1375.0
3518005,2016,54,5140.0
3518005,2016,55,210.0
3518005,2016,56,3345.0
3518005,2016,61,4375.0
3518005,2016,62,6780.0
3518005,2016,71,1155.0
3518005,2016,72,3930.0
3518005,2016,81,2495.0
3518005,2016,91,3705.0
3518009,2016,11,260.0
3518009,2016,21,145.0
3518009,2016,22,1700.0
3518009,2016,23,4760.0
3518009,2016,31-33,5155.0
3518009,2016,41,2850.0
3518009,2016,44-45,8090.0
3518009,2016,48-49,2700.0
3518009,2016,51,2225.0
3518009,2016,52,5065.0
3518009,2016,53,1490.0
3518009,2016,54,5400.0
3518009,2016,55,215.0
3518009,2016,56,3005.0
3518009,2016,61,6275.0
3518009,2016,62,6955.0
3518009,2016,71,1620.0
3518009,2016,72,3880.0
3518009,2016,81,2515.0
3518009,2016,91,4435.0
3518013,2016,11,240.0
3518013,2016,21,100.0
3518013,2016,22,1415.0
3518013,2016,23,6565.0
3518013,2016,31-33,7950.0
3518013,2016,41,2990.0
3518013,2016,44-45,10010.0
3518013,2016,48-49,4600.0
3518013,2016,51,1920.0
3518013,2016,52,2965.0
3518013,2016,53,1265.0
3518013,2016,54,4180.0
3518013,2016,55,105.0
3518013,2016,56,4795.0
3518013,2016,61,5890.0
3518013,2016,62,8780.0
3518013,2016,71,1620.0
3518013,2016,72,5795.0
3518013,2016,81,3375.0
3518013,2016,91,4280.0
3518017,2016,11,860.0
3518017,2016,21,115.0
3518017,2016,22,2190.0
3518017,2016,23,4660.0
3518017,2016,31-33,4700.0
3518017,2016,41,1525.0
3518017,2016,44-45,5510.0
3518017,2016,48-49,2195.0
3518017,2016,51,970.0
3518017,2016,52,1915.0
3518017,2016,53,845.0
3518017,2016,54,2910.0
3518017,2016,55,60.0
3518017,2016,56,2190.0
3518017,2016,61,4140.0
3518017,2016,62,6230.0
3518017,2016,71,1005.0
3518017,2016,72,2960.0
3518017,2016,81,2060.0
3518017,2016,91,3355.0
3518020,2016,11,615.0
3518020,2016,21,50.0
3518020,2016,22,290.0
3518020,2016,23,1375.0
3518020,2016,31-33,915.0
3518020,2016,41,395.0
3518020,2016,44-45,1340.0
3518020,2016,48-49,400.0
3518020,2016,51,205.0
3518020,2016,52,310.0
3518020,2016,53,220.0
3518020,2016,54,725.0
3518020,2016,55,0.0
3518020,2016,56,535.0
3518020,2016,61,910.0
3518020,2016,62,1120.0
3518020,2016,71,505.0
3518020,2016,72,635.0
3518020,2016,81,485.0
3518020,2016,91,640.0
3518022,2016,11,0.0
3518022,2016,21,0.0
3518022,2016,22,0.0
3518022,2016,23,0.0
3518022,2016,31-33,0.0
3518022,2016,41,0.0
3518022,2016,44-45,0.0
3518022,2016,48-49,10.0
3518022,2016,51,0.0
3518022,2016,52,0.0
3518022,2016,53,0.0
3518022,2016,54,0.0
3518022,2016,55,0.0
3518022,2016,56,0.0
3518022,2016,61,0.0
3518022,2016,62,10.0
3518022,2016,71,10.0
3518022,2016,72,0.0
3518022,2016,81,0.0
3518022,2016,91,20.0
3518029,2016,11,410.0
3518029,2016,21,30.0
3518029,2016,22,160.0
3518029,2016,23,1165.0
3518029,2016,31-33,865.0
3518029,2016,41,570.0
3518029,2016,44-45,1280.0
3518029,2016,48-49,360.0
3518029,2016,51,265.0
3518029,2016,52,655.0
3518029,2016,53,230.0
3518029,2016,54,1045.0
3518029,2016,55,55.0
3518029,2016,56,725.0
3518029,2016,61,995.0
3518029,2016,62,1080.0
3518029,2016,71,460.0
3518029,2016,72,640.0
3518029,2016,81,470.0
3518029,2016,91,630.0
3518039,2016,11,295.0
3518039,2016,21,50.0
3518039,2016,22,60.0
3518039,2016,23,945.0
3518039,2016,31-33,485.0
3518039,2016,41,210.0
3518039,2016,44-45,650.0
3518039,2016,48-49,320.0
3518039,2016,51,90.0
3518039,2016,52,235.0
3518039,2016,53,65.0
3518039,2016,54,340.0
3518039,2016,55,10.0
3518039,2016,56,310.0
3518039,2016,61,370.0
3518039,2016,62,605.0
3518039,2016,71,170.0
3518039,2016,72,340.0
3518039,2016,81,215.0
3518039,2016,91,340.0
3519028,2016,11,265.0
3519028,2016,21,190.0
3519028,2016,22,715.0
3519028,2016,23,15095.0
3519028,2016,31-33,16985.0
3519028,2016,41,8745.0
3519028,2016,44-45,19525.0
3519028,2016,48-49,6990.0
3519028,2016,51,3995.0
3519028,2016,52,12545.0
3519028,2016,53,5080.0
3519028,2016,54,17775.0
3519028,2016,55,455.0
3519028,2016,56,5975.0
3519028,2016,61,14300.0
3519028,2016,62,13470.0
3519028,2016,71,2920.0
3519028,2016,72,7770.0
3519028,2016,81,7420.0
3519028,2016,91,5720.0
3519036,2016,11,295.0
3519036,2016,21,210.0
3519036,2016,22,910.0
3519036,2016,23,7135.0
3519036,2016,31-33,15160.0
3519036,2016,41,9675.0
3519036,2016,44-45,18830.0
3519036,2016,48-49,5635.0
3519036,2016,51,5495.0
3519036,2016,52,17555.0
3519036,2016,53,5460.0
3519036,2016,54,20615.0
3519036,2016,55,430.0
3519036,2016,56,7040.0
3519036,2016,61,11650.0
3519036,2016,62,14060.0
3519036,2016,71,2530.0
3519036,2016,72,12035.0
3519036,2016,81,6930.0
3519036,2016,91,5610.0
3519038,2016,11,155.0
3519038,2016,21,135.0
3519038,2016,22,610.0
3519038,2016,23,6125.0
3519038,2016,31-33,8070.0
3519038,2016,41,5195.0
3519038,2016,44-45,11875.0
3519038,2016,48-49,3375.0
3519038,2016,51,3105.0
3519038,2016,52,9490.0
3519038,2016,53,3905.0
3519038,2016,54,13800.0
3519038,2016,55,200.0
3519038,2016,56,3590.0
3519038,2016,61,8035.0
3519038,2016,62,9405.0
3519038,2016,71,1845.0
3519038,2016,72,5200.0
3519038,2016,81,4320.0
3519038,2016,91,3700.0
3519044,2016,11,240.0
3519044,2016,21,45.0
3519044,2016,22,195.0
3519044,2016,23,2020.0
3519044,2016,31-33,1850.0
3519044,2016,41,1350.0
3519044,2016,44-45,2565.0
3519044,2016,48-49,810.0
3519044,2016,51,690.0
3519044,2016,52,1940.0
3519044,2016,53,660.0
3519044,2016,54,2355.0
3519044,2016,55,60.0
3519044,2016,56,1160.0
3519044,2016,61,2105.0
3519044,2016,62,2065.0
3519044,2016,71,745.0
3519044,2016,72,1330.0
3519044,2016,81,975.0
3519044,2016,91,990.0
3519046,2016,11,115.0
3519046,2016,21,50.0
3519046,2016,22,190.0
3519046,2016,23,2245.0
3519046,2016,31-33,2630.0
3519046,2016,41,1770.0
3519046,2016,44-45,3610.0
3519046,2016,48-49,985.0
3519046,2016,51,970.0
3519046,2016,52,2465.0
3519046,2016,53,1015.0
3519046,2016,54,3380.0
3519046,2016,55,150.0
3519046,2016,56,1275.0
3519046,2016,61,2960.0
3519046,2016,62,2505.0
3519046,2016,71,775.0
3519046,2016,72,1605.0
3519046,2016,81,1270.0
3519046,2016,91,1385.0
3519048,2016,11,180.0
3519048,2016,21,60.0
3519048,2016,22,295.0
3519048,2016,23,3485.0
3519048,2016,31-33,4605.0
3519048,2016,41,2155.0
3519048,2016,44-45,5870.0
3519048,2016,48-49,1445.0
3519048,2016,51,1280.0
3519048,2016,52,3060.0
3519048,2016,53,995.0
3519048,2016,54,4675.0
3519048,2016,55,100.0
3519048,2016,56,2180.0
3519048,2016,61,4010.0
3519048,2016,62,4285.0
3519048,2016,71,1080.0
3519048,2016,72,3060.0
3519048,2016,81,1900.0
3519048,2016,91,2445.0
3519049,2016,11,385.0
3519049,2016,21,10.0
3519049,2016,22,80.0
3519049,2016,23,2160.0
3519049,2016,31-33,1070.0
3519049,2016,41,735.0
3519049,2016,44-45,1310.0
3519049,2016,48-49,470.0
3519049,2016,51,280.0
3519049,2016,52,735.0
3519049,2016,53,515.0
3519049,2016,54,1245.0
3519049,2016,55,35.0
3519049,2016,56,610.0
3519049,2016,61,1160.0
3519049,2016,62,925.0
3519049,2016,71,325.0
3519049,2016,72,580.0
3519049,2016,81,545.0
3519049,2016,91,505.0
3519054,2016,11,180.0
3519054,2016,21,20.0
3519054,2016,22,115.0
3519054,2016,23,1585.0
3519054,2016,31-33,1305.0
3519054,2016,41,590.0
3519054,2016,44-45,1530.0
3519054,2016,48-49,425.0
3519054,2016,51,370.0
3519054,2016,52,575.0
3519054,2016,53,310.0
3519054,2016,54,1060.0
3519054,2016,55,15.0
3519054,2016,56,760.0
3519054,2016,61,1050.0
3519054,2016,62,1205.0
3519054,2016,71,405.0
3519054,2016,72,630.0
3519054,2016,81,485.0
3519054,2016,91,965.0
3519070,2016,11,450.0
3519070,2016,21,60.0
3519070,2016,22,205.0
3519070,2016,23,3190.0
3519070,2016,31-33,2515.0
3519070,2016,41,1050.0
3519070,2016,44-45,2880.0
3519070,2016,48-49,1070.0
3519070,2016,51,605.0
3519070,2016,52,950.0
3519070,2016,53,465.0
3519070,2016,54,1530.0
3519070,2016,55,25.0
3519070,2016,56,1440.0
3519070,2016,61,1630.0
3519070,2016,62,2580.0
3519070,2016,71,605.0
3519070,2016,72,1315.0
3519070,2016,81,1190.0
3519070,2016,91,1495.0
3519076,2016,11,0.0
3519076,2016,21,0.0
3519076,2016,22,0.0
3519076,2016,23,10.0
3519076,2016,31-33,0.0
3519076,2016,41,0.0
3519076,2016,44-45,10.0
3519076,2016,48-49,20.0
3519076,2016,51,10.0
3519076,2016,52,0.0
3519076,2016,53,0.0
3519076,2016,54,10.0
3519076,2016,55,0.0
3519076,2016,56,10.0
3519076,2016,61,10.0
3519076,2016,62,15.0
3519076,2016,71,10.0
3519076,2016,72,10.0
3519076,2016,81,0.0
3519076,2016,91,30.0
3520005,2016,11,2095.0
3520005,2016,21,2045.0
3520005,2016,22,5915.0
3520005,2016,23,76475.0
3520005,2016,31-33,105285.0
3520005,2016,41,50120.0
3520005,2016,44-45,141535.0
3520005,2016,48-49,57910.0
3520005,2016,51,61350.0
3520005,2016,52,120005.0
3520005,2016,53,39935.0
3520005,2016,54,175685.0
3520005,2016,55,4085.0
3520005,2016,56,78885.0
3520005,2016,61,110275.0
3520005,2016,62,143250.0
3520005,2016,71,34995.0
3520005,2016,72,106910.0
3520005,2016,81,67390.0
3520005,2016,91,53395.0
3521005,2016,11,885.0
3521005,2016,21,545.0
3521005,2016,22,1925.0
3521005,2016,23,22390.0
3521005,2016,31-33,40380.0
3521005,2016,41,22795.0
3521005,2016,44-45,45310.0
3521005,2016,48-49,26585.0
3521005,2016,51,10435.0
3521005,2016,52,29355.0
3521005,2016,53,8750.0
3521005,2016,54,38615.0
3521005,2016,55,1125.0
3521005,2016,56,20860.0
3521005,2016,61,24060.0
3521005,2016,62,32270.0
3521005,2016,71,5485.0
3521005,2016,72,23330.0
3521005,2016,81,14955.0
3521005,2016,91,12150.0
3521010,2016,11,730.0
3521010,2016,21,245.0
3521010,2016,22,975.0
3521010,2016,23,17840.0
3521010,2016,31-33,45780.0
3521010,2016,41,17065.0
3521010,2016,44-45,36020.0
3521010,2016,48-49,40770.0
3521010,2016,51,6555.0
3521010,2016,52,16530.0
3521010,2016,53,5980.0
3521010,2016,54,20140.0
3521010,2016,55,555.0
3521010,2016,56,19235.0
3521010,2016,61,15785.0
3521010,2016,62,24460.0
3521010,2016,71,3445.0
3521010,2016,72,16935.0
3521010,2016,81,11110.0
3521010,2016,91,10280.0
3521024,2016,11,565.0
3521024,2016,21,70.0
3521024,2016,22,145.0
3521024,2016,23,4525.0
3521024,2016,31-33,4330.0
3521024,2016,41,2065.0
3521024,2016,44-45,4095.0
3521024,2016,48-49,2570.0
3521024,2016,51,790.0
3521024,2016,52,1610.0
3521024,2016,53,765.0
3521024,2016,54,2740.0
3521024,2016,55,145.0
3521024,2016,56,1890.0
3521024,2016,61,3155.0
3521024,2016,62,2535.0
3521024,2016,71,790.0
3521024,2016,72,1940.0
3521024,2016,81,1560.0
3521024,2016,91,1940.0
3522001,2016,11,135.0
3522001,2016,21,0.0
3522001,2016,22,10.0
3522001,2016,23,160.0
3522001,2016,31-33,155.0
3522001,2016,41,65.0
3522001,2016,44-45,160.0
3522001,2016,48-49,80.0
3522001,2016,51,20.0
3522001,2016,52,45.0
3522001,2016,53,15.0
3522001,2016,54,90.0
3522001,2016,55,0.0
3522001,2016,56,55.0
3522001,2016,61,115.0
3522001,2016,62,80.0
3522001,2016,71,35.0
3522001,2016,72,80.0
3522001,2016,81,80.0
3522001,2016,91,85.0
3522008,2016,11,175.0
3522008,2016,21,0.0
3522008,2016,22,10.0
3522008,2016,23,260.0
3522008,2016,31-33,315.0
3522008,2016,41,115.0
3522008,2016,44-45,250.0
3522008,2016,48-49,155.0
3522008,2016,51,25.0
3522008,2016,52,85.0
3522008,2016,53,40.0
3522008,2016,54,120.0
3522008,2016,55,0.0
3522008,2016,56,125.0
3522008,2016,61,135.0
3522008,2016,62,215.0
3522008,2016,71,50.0
3522008,2016,72,160.0
3522008,2016,81,140.0
3522008,2016,91,120.0
3522010,2016,11,105.0
3522010,2016,21,10.0
3522010,2016,22,10.0
3522010,2016,23,240.0
3522010,2016,31-33,220.0
3522010,2016,41,100.0
3522010,2016,44-45,165.0
3522010,2016,48-49,100.0
3522010,2016,51,15.0
3522010,2016,52,60.0
3522010,2016,53,25.0
3522010,2016,54,90.0
3522010,2016,55,0.0
3522010,2016,56,105.0
3522010,2016,61,70.0
3522010,2016,62,155.0
3522010,2016,71,25.0
3522010,2016,72,120.0
3522010,2016,81,60.0
3522010,2016,91,70.0
3522012,2016,11,170.0
3522012,2016,21,0.0
3522012,2016,22,55.0
3522012,2016,23,450.0
3522012,2016,31-33,495.0
3522012,2016,41,260.0
3522012,2016,44-45,535.0
3522012,2016,48-49,210.0
3522012,2016,51,115.0
3522012,2016,52,195.0
3522012,2016,53,155.0
3522012,2016,54,430.0
3522012,2016,55,0.0
3522012,2016,56,275.0
3522012,2016,61,340.0
3522012,2016,62,405.0
3522012,2016,71,150.0
3522012,2016,72,290.0
3522012,2016,81,195.0
3522012,2016,91,260.0
3522014,2016,11,105.0
3522014,2016,21,40.0
3522014,2016,22,180.0
3522014,2016,23,1570.0
3522014,2016,31-33,1880.0
3522014,2016,41,785.0
3522014,2016,44-45,2055.0
3522014,2016,48-49,880.0
3522014,2016,51,325.0
3522014,2016,52,460.0
3522014,2016,53,370.0
3522014,2016,54,850.0
3522014,2016,55,20.0
3522014,2016,56,790.0
3522014,2016,61,1210.0
3522014,2016,62,1635.0
3522014,2016,71,310.0
3522014,2016,72,1255.0
3522014,2016,81,740.0
3522014,2016,91,1030.0
3522016,2016,11,130.0
3522016,2016,21,0.0
3522016,2016,22,15.0
3522016,2016,23,205.0
3522016,2016,31-33,220.0
3522016,2016,41,95.0
3522016,2016,44-45,125.0
3522016,2016,48-49,120.0
3522016,2016,51,30.0
3522016,2016,52,65.0
3522016,2016,53,45.0
3522016,2016,54,130.0
3522016,2016,55,10.0
3522016,2016,56,200.0
3522016,2016,61,170.0
3522016,2016,62,140.0
3522016,2016,71,75.0
3522016,2016,72,125.0
3522016,2016,81,75.0
3522016,2016,91,80.0
3522019,2016,11,150.0
3522019,2016,21,0.0
3522019,2016,22,0.0
3522019,2016,23,175.0
3522019,2016,31-33,345.0
3522019,2016,41,65.0
3522019,2016,44-45,130.0
3522019,2016,48-49,140.0
3522019,2016,51,10.0
3522019,2016,52,10.0
3522019,2016,53,15.0
3522019,2016,54,60.0
3522019,2016,55,0.0
3522019,2016,56,70.0
3522019,2016,61,50.0
3522019,2016,62,150.0
3522019,2016,71,35.0
3522019,2016,72,85.0
3522019,2016,81,60.0
3522019,2016,91,65.0
3522021,2016,11,15.0
3522021,2016,21,15.0
3522021,2016,22,10.0
3522021,2016,23,360.0
3522021,2016,31-33,740.0
3522021,2016,41,210.0
3522021,2016,44-45,555.0
3522021,2016,48-49,315.0
3522021,2016,51,55.0
3522021,2016,52,135.0
3522021,2016,53,70.0
3522021,2016,54,240.0
3522021,2016,55,0.0
3522021,2016,56,175.0
3522021,2016,61,225.0
3522021,2016,62,495.0
3522021,2016,71,65.0
3522021,2016,72,195.0
3522021,2016,81,125.0
3522021,2016,91,150.0
3523001,2016,11,135.0
3523001,2016,21,10.0
3523001,2016,22,30.0
3523001,2016,23,395.0
3523001,2016,31-33,525.0
3523001,2016,41,225.0
3523001,2016,44-45,390.0
3523001,2016,48-49,190.0
3523001,2016,51,55.0
3523001,2016,52,190.0
3523001,2016,53,130.0
3523001,2016,54,370.0
3523001,2016,55,15.0
3523001,2016,56,200.0
3523001,2016,61,295.0
3523001,2016,62,305.0
3523001,2016,71,100.0
3523001,2016,72,205.0
3523001,2016,81,185.0
3523001,2016,91,185.0
3523008,2016,11,630.0
3523008,2016,21,100.0
3523008,2016,22,305.0
3523008,2016,23,3780.0
3523008,2016,31-33,14310.0
3523008,2016,41,3130.0
3523008,2016,44-45,7710.0
3523008,2016,48-49,2600.0
3523008,2016,51,1300.0
3523008,2016,52,2785.0
3523008,2016,53,1190.0
3523008,2016,54,5355.0
3523008,2016,55,105.0
3523008,2016,56,2720.0
3523008,2016,61,8575.0
3523008,2016,62,7125.0
3523008,2016,71,1550.0
3523008,2016,72,4755.0
3523008,2016,81,2995.0
3523008,2016,91,3440.0
3523009,2016,11,375.0
3523009,2016,21,10.0
3523009,2016,22,25.0
3523009,2016,23,655.0
3523009,2016,31-33,985.0
3523009,2016,41,415.0
3523009,2016,44-45,750.0
3523009,2016,48-49,370.0
3523009,2016,51,125.0
3523009,2016,52,290.0
3523009,2016,53,110.0
3523009,2016,54,480.0
3523009,2016,55,25.0
3523009,2016,56,305.0
3523009,2016,61,665.0
3523009,2016,62,560.0
3523009,2016,71,200.0
3523009,2016,72,390.0
3523009,2016,81,345.0
3523009,2016,91,435.0
3523017,2016,11,310.0
3523017,2016,21,35.0
3523017,2016,22,20.0
3523017,2016,23,610.0
3523017,2016,31-33,825.0
3523017,2016,41,415.0
3523017,2016,44-45,740.0
3523017,2016,48-49,495.0
3523017,2016,51,100.0
3523017,2016,52,230.0
3523017,2016,53,85.0
3523017,2016,54,570.0
3523017,2016,55,20.0
3523017,2016,56,350.0
3523017,2016,61,430.0
3523017,2016,62,510.0
3523017,2016,71,225.0
3523017,2016,72,290.0
3523017,2016,81,405.0
3523017,2016,91,280.0
3523025,2016,11,645.0
3523025,2016,21,40.0
3523025,2016,22,90.0
3523025,2016,23,1340.0
3523025,2016,31-33,2315.0
3523025,2016,41,610.0
3523025,2016,44-45,1490.0
3523025,2016,48-49,485.0
3523025,2016,51,210.0
3523025,2016,52,555.0
3523025,2016,53,205.0
3523025,2016,54,940.0
3523025,2016,55,10.0
3523025,2016,56,670.0
3523025,2016,61,1425.0
3523025,2016,62,1645.0
3523025,2016,71,340.0
3523025,2016,72,795.0
3523025,2016,81,645.0
3523025,2016,91,620.0
3523033,2016,11,1230.0
3523033,2016,21,0.0
3523033,2016,22,10.0
3523033,2016,23,575.0
3523033,2016,31-33,895.0
3523033,2016,41,330.0
3523033,2016,44-45,405.0
3523033,2016,48-49,215.0
3523033,2016,51,45.0
3523033,2016,52,210.0
3523033,2016,53,55.0
3523033,2016,54,170.0
3523033,2016,55,0.0
3523033,2016,56,230.0
3523033,2016,61,285.0
3523033,2016,62,360.0
3523033,2016,71,30.0
3523033,2016,72,275.0
3523033,2016,81,210.0
3523033,2016,91,145.0
3523043,2016,11,470.0
3523043,2016,21,15.0
3523043,2016,22,20.0
3523043,2016,23,425.0
3523043,2016,31-33,1045.0
3523043,2016,41,205.0
3523043,2016,44-45,415.0
3523043,2016,48-49,150.0
3523043,2016,51,65.0
3523043,2016,52,100.0
3523043,2016,53,30.0
3523043,2016,54,135.0
3523043,2016,55,0.0
3523043,2016,56,185.0
3523043,2016,61,210.0
3523043,2016,62,390.0
3523043,2016,71,40.0
3523043,2016,72,180.0
3523043,2016,81,195.0
3523043,2016,91,145.0
3523050,2016,11,705.0
3523050,2016,21,0.0
3523050,2016,22,55.0
3523050,2016,23,660.0
3523050,2016,31-33,1315.0
3523050,2016,41,240.0
3523050,2016,44-45,585.0
3523050,2016,48-49,320.0
3523050,2016,51,50.0
3523050,2016,52,115.0
3523050,2016,53,75.0
3523050,2016,54,170.0
3523050,2016,55,0.0
3523050,2016,56,205.0
3523050,2016,61,225.0
3523050,2016,62,565.0
3523050,2016,71,65.0
3523050,2016,72,340.0
3523050,2016,81,260.0
3523050,2016,91,160.0
3524001,2016,11,260.0
3524001,2016,21,325.0
3524001,2016,22,670.0
3524001,2016,23,4900.0
3524001,2016,31-33,8020.0
3524001,2016,41,5780.0
3524001,2016,44-45,11255.0
3524001,2016,48-49,3775.0
3524001,2016,51,3255.0
3524001,2016,52,10675.0
3524001,2016,53,3095.0
3524001,2016,54,13540.0
3524001,2016,55,500.0
3524001,2016,56,3805.0
3524001,2016,61,8165.0
3524001,2016,62,9345.0
3524001,2016,71,2210.0
3524001,2016,72,6145.0
3524001,2016,81,3615.0
3524001,2016,91,4250.0
3524002,2016,11,360.0
3524002,2016,21,190.0
3524002,2016,22,660.0
3524002,2016,23,5525.0
3524002,2016,31-33,9925.0
3524002,2016,41,6080.0
3524002,2016,44-45,12255.0
3524002,2016,48-49,3805.0
3524002,2016,51,2780.0
3524002,2016,52,6650.0
3524002,2016,53,2250.0
3524002,2016,54,9330.0
3524002,2016,55,385.0
3524002,2016,56,4220.0
3524002,2016,61,8630.0
3524002,2016,62,10520.0
3524002,2016,71,1935.0
3524002,2016,72,6325.0
3524002,2016,81,3675.0
3524002,2016,91,4710.0
3524009,2016,11,460.0
3524009,2016,21,95.0
3524009,2016,22,325.0
3524009,2016,23,3550.0
3524009,2016,31-33,5905.0
3524009,2016,41,3925.0
3524009,2016,44-45,6950.0
3524009,2016,48-49,3710.0
3524009,2016,51,1510.0
3524009,2016,52,4615.0
3524009,2016,53,1045.0
3524009,2016,54,5470.0
3524009,2016,55,180.0
3524009,2016,56,2345.0
3524009,2016,61,4710.0
3524009,2016,62,4965.0
3524009,2016,71,955.0
3524009,2016,72,2940.0
3524009,2016,81,2085.0
3524009,2016,91,3040.0
3524015,2016,11,385.0
3524015,2016,21,100.0
3524015,2016,22,185.0
3524015,2016,23,2820.0
3524015,2016,31-33,4565.0
3524015,2016,41,2435.0
3524015,2016,44-45,4185.0
3524015,2016,48-49,2220.0
3524015,2016,51,685.0
3524015,2016,52,1570.0
3524015,2016,53,735.0
3524015,2016,54,2680.0
3524015,2016,55,95.0
3524015,2016,56,1530.0
3524015,2016,61,2880.0
3524015,2016,62,2560.0
3524015,2016,71,750.0
3524015,2016,72,1735.0
3524015,2016,81,1325.0
3524015,2016,91,1755.0
3525005,2016,11,2860.0
3525005,2016,21,315.0
3525005,2016,22,1315.0
3525005,2016,23,20110.0
3525005,2016,31-33,33155.0
3525005,2016,41,11105.0
3525005,2016,44-45,32200.0
3525005,2016,48-49,11465.0
3525005,2016,51,5545.0
3525005,2016,52,10830.0
3525005,2016,53,4870.0
3525005,2016,54,15705.0
3525005,2016,55,400.0
3525005,2016,56,14125.0
3525005,2016,61,24300.0
3525005,2016,62,36280.0
3525005,2016,71,4840.0
3525005,2016,72,18320.0
3525005,2016,81,11740.0
3525005,2016,91,12485.0
3526003,2016,11,175.0
3526003,2016,21,30.0
3526003,2016,22,120.0
3526003,2016,23,1285.0
3526003,2016,31-33,1570.0
3526003,2016,41,440.0
3526003,2016,44-45,1705.0
3526003,2016,48-49,945.0
3526003,2016,51,170.0
3526003,2016,52,360.0
3526003,2016,53,175.0
3526003,2016,54,655.0
3526003,2016,55,0.0
3526003,2016,56,735.0
3526003,2016,61,860.0
3526003,2016,62,1485.0
3526003,2016,71,745.0
3526003,2016,72,1385.0
3526003,2016,81,700.0
3526003,2016,91,860.0
3526011,2016,11,170.0
3526011,2016,21,40.0
3526011,2016,22,90.0
3526011,2016,23,705.0
3526011,2016,31-33,1125.0
3526011,2016,41,285.0
3526011,2016,44-45,1145.0
3526011,2016,48-49,450.0
3526011,2016,51,110.0
3526011,2016,52,210.0
3526011,2016,53,70.0
3526011,2016,54,300.0
3526011,2016,55,10.0
3526011,2016,56,455.0
3526011,2016,61,555.0
3526011,2016,62,965.0
3526011,2016,71,250.0
3526011,2016,72,730.0
3526011,2016,81,420.0
3526011,2016,91,355.0
3526014,2016,11,470.0
3526014,2016,21,15.0
3526014,2016,22,55.0
3526014,2016,23,345.0
3526014,2016,31-33,355.0
3526014,2016,41,145.0
3526014,2016,44-45,255.0
3526014,2016,48-49,180.0
3526014,2016,51,15.0
3526014,2016,52,80.0
3526014,2016,53,60.0
3526014,2016,54,165.0
3526014,2016,55,0.0
3526014,2016,56,165.0
3526014,2016,61,160.0
3526014,2016,62,390.0
3526014,2016,71,70.0
3526014,2016,72,155.0
3526014,2016,81,205.0
3526014,2016,91,165.0
3526021,2016,11,610.0
3526021,2016,21,25.0
3526021,2016,22,55.0
3526021,2016,23,780.0
3526021,2016,31-33,1060.0
3526021,2016,41,455.0
3526021,2016,44-45,865.0
3526021,2016,48-49,440.0
3526021,2016,51,95.0
3526021,2016,52,200.0
3526021,2016,53,120.0
3526021,2016,54,365.0
3526021,2016,55,0.0
3526021,2016,56,370.0
3526021,2016,61,505.0
3526021,2016,62,760.0
3526021,2016,71,140.0
3526021,2016,72,405.0
3526021,2016,81,390.0
3526021,2016,91,355.0
3526028,2016,11,405.0
3526028,2016,21,30.0
3526028,2016,22,85.0
3526028,2016,23,685.0
3526028,2016,31-33,710.0
3526028,2016,41,255.0
3526028,2016,44-45,810.0
3526028,2016,48-49,215.0
3526028,2016,51,100.0
3526028,2016,52,265.0
3526028,2016,53,100.0
3526028,2016,54,505.0
3526028,2016,55,10.0
3526028,2016,56,400.0
3526028,2016,61,1085.0
3526028,2016,62,1080.0
3526028,2016,71,320.0
3526028,2016,72,485.0
3526028,2016,81,400.0
3526028,2016,91,540.0
3526032,2016,11,235.0
3526032,2016,21,80.0
3526032,2016,22,180.0
3526032,2016,23,1960.0
3526032,2016,31-33,2345.0
3526032,2016,41,765.0
3526032,2016,44-45,3120.0
3526032,2016,48-49,1060.0
3526032,2016,51,290.0
3526032,2016,52,890.0
3526032,2016,53,315.0
3526032,2016,54,975.0
3526032,2016,55,20.0
3526032,2016,56,1735.0
3526032,2016,61,2015.0
3526032,2016,62,3265.0
3526032,2016,71,855.0
3526032,2016,72,2090.0
3526032,2016,81,1135.0
3526032,2016,91,1245.0
3526037,2016,11,170.0
3526037,2016,21,25.0
3526037,2016,22,50.0
3526037,2016,23,710.0
3526037,2016,31-33,860.0
3526037,2016,41,385.0
3526037,2016,44-45,1365.0
3526037,2016,48-49,410.0
3526037,2016,51,140.0
3526037,2016,52,330.0
3526037,2016,53,125.0
3526037,2016,54,435.0
3526037,2016,55,0.0
3526037,2016,56,605.0
3526037,2016,61,765.0
3526037,2016,62,1285.0
3526037,2016,71,305.0
3526037,2016,72,1200.0
3526037,2016,81,405.0
3526037,2016,91,380.0
3526043,2016,11,430.0
3526043,2016,21,75.0
3526043,2016,22,310.0
3526043,2016,23,2640.0
3526043,2016,31-33,3285.0
3526043,2016,41,1200.0
3526043,2016,44-45,5230.0
3526043,2016,48-49,1800.0
3526043,2016,51,445.0
3526043,2016,52,925.0
3526043,2016,53,555.0
3526043,2016,54,1755.0
3526043,2016,55,20.0
3526043,2016,56,2155.0
3526043,2016,61,2635.0
3526043,2016,62,4275.0
3526043,2016,71,3650.0
3526043,2016,72,8820.0
3526043,2016,81,1725.0
3526043,2016,91,2160.0
3526047,2016,11,545.0
3526047,2016,21,0.0
3526047,2016,22,35.0
3526047,2016,23,505.0
3526047,2016,31-33,640.0
3526047,2016,41,370.0
3526047,2016,44-45,935.0
3526047,2016,48-49,305.0
3526047,2016,51,110.0
3526047,2016,52,305.0
3526047,2016,53,205.0
3526047,2016,54,640.0
3526047,2016,55,0.0
3526047,2016,56,365.0
3526047,2016,61,565.0
3526047,2016,62,735.0
3526047,2016,71,420.0
3526047,2016,72,925.0
3526047,2016,81,300.0
3526047,2016,91,365.0
3526053,2016,11,1470.0
3526053,2016,21,135.0
3526053,2016,22,205.0
3526053,2016,23,4365.0
3526053,2016,31-33,5760.0
3526053,2016,41,2080.0
3526053,2016,44-45,9150.0
3526053,2016,48-49,2540.0
3526053,2016,51,990.0
3526053,2016,52,1990.0
3526053,2016,53,1215.0
3526053,2016,54,3130.0
3526053,2016,55,65.0
3526053,2016,56,3925.0
3526053,2016,61,5100.0
3526053,2016,62,8430.0
3526053,2016,71,1875.0
3526053,2016,72,7070.0
3526053,2016,81,3075.0
3526053,2016,91,2870.0
3526057,2016,11,810.0
3526057,2016,21,25.0
3526057,2016,22,95.0
3526057,2016,23,1000.0
3526057,2016,31-33,1615.0
3526057,2016,41,650.0
3526057,2016,44-45,1155.0
3526057,2016,48-49,510.0
3526057,2016,51,175.0
3526057,2016,52,440.0
3526057,2016,53,170.0
3526057,2016,54,655.0
3526057,2016,55,15.0
3526057,2016,56,510.0
3526057,2016,61,870.0
3526057,2016,62,1440.0
3526057,2016,71,230.0
3526057,2016,72,790.0
3526057,2016,81,620.0
3526057,2016,91,600.0
3526065,2016,11,305.0
3526065,2016,21,20.0
3526065,2016,22,90.0
3526065,2016,23,1085.0
3526065,2016,31-33,1765.0
3526065,2016,41,780.0
3526065,2016,44-45,1595.0
3526065,2016,48-49,575.0
3526065,2016,51,200.0
3526065,2016,52,730.0
3526065,2016,53,315.0
3526065,2016,54,910.0
3526065,2016,55,20.0
3526065,2016,56,480.0
3526065,2016,61,1335.0
3526065,2016,62,1805.0
3526065,2016,71,260.0
3526065,2016,72,850.0
3526065,2016,81,655.0
3526065,2016,91,800.0
3528018,2016,11,1580.0
3528018,2016,21,120.0
3528018,2016,22,235.0
3528018,2016,23,2545.0
3528018,2016,31-33,3250.0
3528018,2016,41,1055.0
3528018,2016,44-45,2750.0
3528018,2016,48-49,1260.0
3528018,2016,51,275.0
3528018,2016,52,635.0
3528018,2016,53,255.0
3528018,2016,54,770.0
3528018,2016,55,25.0
3528018,2016,56,955.0
3528018,2016,61,1310.0
3528018,2016,62,2975.0
3528018,2016,71,355.0
3528018,2016,72,1345.0
3528018,2016,81,1165.0
3528018,2016,91,1015.0
3528035,2016,11,0.0
3528035,2016,21,0.0
3528035,2016,22,0.0
3528035,2016,23,10.0
3528035,2016,31-33,15.0
3528035,2016,41,0.0
3528035,2016,44-45,10.0
3528035,2016,48-49,0.0
3528035,2016,51,0.0
3528035,2016,52,0.0
3528035,2016,53,0.0
3528035,2016,54,0.0
3528035,2016,55,0.0
3528035,2016,56,0.0
3528035,2016,61,0.0
3528035,2016,62,10.0
3528035,2016,71,0.0
3528035,2016,72,0.0
3528035,2016,81,0.0
3528035,2016,91,0.0
3528052,2016,11,2835.0
3528052,2016,21,115.0
3528052,2016,22,275.0
3528052,2016,23,2570.0
3528052,2016,31-33,4735.0
3528052,2016,41,1285.0
3528052,2016,44-45,3550.0
3528052,2016,48-49,1570.0
3528052,2016,51,310.0
3528052,2016,52,665.0
3528052,2016,53,320.0
3528052,2016,54,1125.0
3528052,2016,55,15.0
3528052,2016,56,1225.0
3528052,2016,61,1700.0
3528052,2016,62,3435.0
3528052,2016,71,625.0
3528052,2016,72,2000.0
3528052,2016,81,1330.0
3528052,2016,91,1180.0
3529005,2016,11,1145.0
3529005,2016,21,25.0
3529005,2016,22,125.0
3529005,2016,23,1855.0
3529005,2016,31-33,3095.0
3529005,2016,41,890.0
3529005,2016,44-45,2150.0
3529005,2016,48-49,995.0
3529005,2016,51,270.0
3529005,2016,52,515.0
3529005,2016,53,225.0
3529005,2016,54,990.0
3529005,2016,55,30.0
3529005,2016,56,760.0
3529005,2016,61,1420.0
3529005,2016,62,2065.0
3529005,2016,71,425.0
3529005,2016,72,1080.0
3529005,2016,81,920.0
3529005,2016,91,910.0
3529006,2016,11,395.0
3529006,2016,21,100.0
3529006,2016,22,295.0
3529006,2016,23,3300.0
3529006,2016,31-33,8900.0
3529006,2016,41,2355.0
3529006,2016,44-45,6005.0
3529006,2016,48-49,2675.0
3529006,2016,51,650.0
3529006,2016,52,1170.0
3529006,2016,53,640.0
3529006,2016,54,2020.0
3529006,2016,55,40.0
3529006,2016,56,2785.0
3529006,2016,61,3225.0
3529006,2016,62,5805.0
3529006,2016,71,1275.0
3529006,2016,72,3585.0
3529006,2016,81,2135.0
3529006,2016,91,1665.0
3529021,2016,11,10.0
3529021,2016,21,0.0
3529021,2016,22,10.0
3529021,2016,23,30.0
3529021,2016,31-33,45.0
3529021,2016,41,0.0
3529021,2016,44-45,35.0
3529021,2016,48-49,10.0
3529021,2016,51,10.0
3529021,2016,52,0.0
3529021,2016,53,0.0
3529021,2016,54,15.0
3529021,2016,55,0.0
3529021,2016,56,0.0
3529021,2016,61,10.0
3529021,2016,62,40.0
3529021,2016,71,15.0
3529021,2016,72,10.0
3529021,2016,81,10.0
3529021,2016,91,25.0
3530004,2016,11,185.0
3530004,2016,21,10.0
3530004,2016,22,25.0
3530004,2016,23,525.0
3530004,2016,31-33,945.0
3530004,2016,41,290.0
3530004,2016,44-45,550.0
3530004,2016,48-49,290.0
3530004,2016,51,105.0
3530004,2016,52,285.0
3530004,2016,53,55.0
3530004,2016,54,370.0
3530004,2016,55,10.0
3530004,2016,56,230.0
3530004,2016,61,570.0
3530004,2016,62,535.0
3530004,2016,71,100.0
3530004,2016,72,265.0
3530004,2016,81,225.0
3530004,2016,91,375.0
3530010,2016,11,525.0
3530010,2016,21,135.0
3530010,2016,22,340.0
3530010,2016,23,5120.0
3530010,2016,31-33,14455.0
3530010,2016,41,3590.0
3530010,2016,44-45,8525.0
3530010,2016,48-49,3755.0
3530010,2016,51,1360.0
3530010,2016,52,2790.0
3530010,2016,53,1245.0
3530010,2016,54,4150.0
3530010,2016,55,145.0
3530010,2016,56,2890.0
3530010,2016,61,3675.0
3530010,2016,62,6760.0
3530010,2016,71,1245.0
3530010,2016,72,4775.0
3530010,2016,81,2565.0
3530010,2016,91,2600.0
3530013,2016,11,540.0
3530013,2016,21,125.0
3530013,2016,22,360.0
3530013,2016,23,8430.0
3530013,2016,31-33,21370.0
3530013,2016,41,4945.0
3530013,2016,44-45,14105.0
3530013,2016,48-49,5500.0
3530013,2016,51,3790.0
3530013,2016,52,8175.0
3530013,2016,53,1955.0
3530013,2016,54,9450.0
3530013,2016,55,185.0
3530013,2016,56,6020.0
3530013,2016,61,10075.0
3530013,2016,62,13095.0
3530013,2016,71,1890.0
3530013,2016,72,8460.0
3530013,2016,81,4765.0
3530013,2016,91,4150.0
3530016,2016,11,260.0
3530016,2016,21,60.0
3530016,2016,22,230.0
3530016,2016,23,2510.0
3530016,2016,31-33,5930.0
3530016,2016,41,1935.0
3530016,2016,44-45,5635.0
3530016,2016,48-49,1290.0
3530016,2016,51,2330.0
3530016,2016,52,4840.0
3530016,2016,53,1005.0
3530016,2016,54,5985.0
3530016,2016,55,85.0
3530016,2016,56,1935.0
3530016,2016,61,8260.0
3530016,2016,62,4920.0
3530016,2016,71,1005.0
3530016,2016,72,3965.0
3530016,2016,81,1965.0
3530016,2016,91,1875.0
3530020,2016,11,455.0
3530020,2016,21,35.0
3530020,2016,22,65.0
3530020,2016,23,1160.0
3530020,2016,31-33,1295.0
3530020,2016,41,490.0
3530020,2016,44-45,1045.0
3530020,2016,48-49,590.0
3530020,2016,51,220.0
3530020,2016,52,760.0
3530020,2016,53,250.0
3530020,2016,54,735.0
3530020,2016,55,25.0
3530020,2016,56,360.0
3530020,2016,61,930.0
3530020,2016,62,1130.0
3530020,2016,71,175.0
3530020,2016,72,550.0
3530020,2016,81,450.0
3530020,2016,91,465.0
3530027,2016,11,935.0
3530027,2016,21,30.0
3530027,2016,22,0.0
3530027,2016,23,675.0
3530027,2016,31-33,955.0
3530027,2016,41,270.0
3530027,2016,44-45,505.0
3530027,2016,48-49,180.0
3530027,2016,51,115.0
3530027,2016,52,295.0
3530027,2016,53,65.0
3530027,2016,54,280.0
3530027,2016,55,10.0
3530027,2016,56,210.0
3530027,2016,61,360.0
3530027,2016,62,375.0
3530027,2016,71,50.0
3530027,2016,72,200.0
3530027,2016,81,310.0
3530027,2016,91,200.0
3530035,2016,11,1210.0
3530035,2016,21,15.0
3530035,2016,22,45.0
3530035,2016,23,1075.0
3530035,2016,31-33,1955.0
3530035,2016,41,580.0
3530035,2016,44-45,1360.0
3530035,2016,48-49,500.0
3530035,2016,51,305.0
3530035,2016,52,750.0
3530035,2016,53,210.0
3530035,2016,54,960.0
3530035,2016,55,25.0
3530035,2016,56,470.0
3530035,2016,61,1025.0
3530035,2016,62,1320.0
3530035,2016,71,215.0
3530035,2016,72,550.0
3530035,2016,81,755.0
3530035,2016,91,535.0
3531011,2016,11,135.0
3531011,2016,21,10.0
3531011,2016,22,35.0
3531011,2016,23,1115.0
3531011,2016,31-33,3550.0
3531011,2016,41,520.0
3531011,2016,44-45,1915.0
3531011,2016,48-49,555.0
3531011,2016,51,210.0
3531011,2016,52,790.0
3531011,2016,53,240.0
3531011,2016,54,820.0
3531011,2016,55,10.0
3531011,2016,56,595.0
3531011,2016,61,1060.0
3531011,2016,62,2055.0
3531011,2016,71,815.0
3531011,2016,72,1360.0
3531011,2016,81,765.0
3531011,2016,91,520.0
3531013,2016,11,465.0
3531013,2016,21,0.0
3531013,2016,22,10.0
3531013,2016,23,240.0
3531013,2016,31-33,365.0
3531013,2016,41,110.0
3531013,2016,44-45,285.0
3531013,2016,48-49,100.0
3531013,2016,51,10.0
3531013,2016,52,60.0
3531013,2016,53,20.0
3531013,2016,54,100.0
3531013,2016,55,0.0
3531013,2016,56,75.0
3531013,2016,61,140.0
3531013,2016,62,225.0
3531013,2016,71,60.0
3531013,2016,72,80.0
3531013,2016,81,85.0
3531013,2016,91,30.0
3531016,2016,11,105.0
3531016,2016,21,20.0
3531016,2016,22,10.0
3531016,2016,23,260.0
3531016,2016,31-33,825.0
3531016,2016,41,330.0
3531016,2016,44-45,420.0
3531016,2016,48-49,110.0
3531016,2016,51,35.0
3531016,2016,52,150.0
3531016,2016,53,25.0
3531016,2016,54,150.0
3531016,2016,55,0.0
3531016,2016,56,115.0
3531016,2016,61,205.0
3531016,2016,62,475.0
3531016,2016,71,110.0
3531016,2016,72,160.0
3531016,2016,81,165.0
3531016,2016,91,150.0
3531025,2016,11,875.0
3531025,2016,21,10.0
3531025,2016,22,40.0
3531025,2016,23,535.0
3531025,2016,31-33,895.0
3531025,2016,41,210.0
3531025,2016,44-45,365.0
3531025,2016,48-49,230.0
3531025,2016,51,45.0
3531025,2016,52,165.0
3531025,2016,53,15.0
3531025,2016,54,170.0
3531025,2016,55,0.0
3531025,2016,56,170.0
3531025,2016,61,310.0
3531025,2016,62,460.0
3531025,2016,71,65.0
3531025,2016,72,200.0
3531025,2016,81,180.0
3531025,2016,91,135.0
3531030,2016,11,1375.0
3531030,2016,21,10.0
3531030,2016,22,15.0
3531030,2016,23,835.0
3531030,2016,31-33,1030.0
3531030,2016,41,265.0
3531030,2016,44-45,565.0
3531030,2016,48-49,295.0
3531030,2016,51,65.0
3531030,2016,52,210.0
3531030,2016,53,75.0
3531030,2016,54,205.0
3531030,2016,55,15.0
3531030,2016,56,220.0
3531030,2016,61,245.0
3531030,2016,62,520.0
3531030,2016,71,75.0
3531030,2016,72,285.0
3531030,2016,81,365.0
3531030,2016,91,160.0
3531040,2016,11,970.0
3531040,2016,21,40.0
3531040,2016,22,35.0
3531040,2016,23,515.0
3531040,2016,31-33,1410.0
3531040,2016,41,455.0
3531040,2016,44-45,845.0
3531040,2016,48-49,300.0
3531040,2016,51,70.0
3531040,2016,52,275.0
3531040,2016,53,80.0
3531040,2016,54,275.0
3531040,2016,55,10.0
3531040,2016,56,220.0
3531040,2016,61,235.0
3531040,2016,62,690.0
3531040,2016,71,75.0
3531040,2016,72,350.0
3531040,2016,81,295.0
3531040,2016,91,125.0
3532002,2016,11,775.0
3532002,2016,21,10.0
3532002,2016,22,20.0
3532002,2016,23,710.0
3532002,2016,31-33,1045.0
3532002,2016,41,280.0
3532002,2016,44-45,665.0
3532002,2016,48-49,365.0
3532002,2016,51,80.0
3532002,2016,52,100.0
3532002,2016,53,65.0
3532002,2016,54,180.0
3532002,2016,55,0.0
3532002,2016,56,150.0
3532002,2016,61,245.0
3532002,2016,62,520.0
3532002,2016,71,85.0
3532002,2016,72,240.0
3532002,2016,81,270.0
3532002,2016,91,130.0
3532004,2016,11,170.0
3532004,2016,21,30.0
3532004,2016,22,35.0
3532004,2016,23,420.0
3532004,2016,31-33,1825.0
3532004,2016,41,220.0
3532004,2016,44-45,1030.0
3532004,2016,48-49,320.0
3532004,2016,51,50.0
3532004,2016,52,195.0
3532004,2016,53,95.0
3532004,2016,54,290.0
3532004,2016,55,0.0
3532004,2016,56,315.0
3532004,2016,61,295.0
3532004,2016,62,710.0
3532004,2016,71,110.0
3532004,2016,72,515.0
3532004,2016,81,340.0
3532004,2016,91,265.0
3532012,2016,11,690.0
3532012,2016,21,10.0
3532012,2016,22,20.0
3532012,2016,23,355.0
3532012,2016,31-33,815.0
3532012,2016,41,200.0
3532012,2016,44-45,330.0
3532012,2016,48-49,365.0
3532012,2016,51,15.0
3532012,2016,52,90.0
3532012,2016,53,25.0
3532012,2016,54,110.0
3532012,2016,55,0.0
3532012,2016,56,150.0
3532012,2016,61,195.0
3532012,2016,62,355.0
3532012,2016,71,85.0
3532012,2016,72,190.0
3532012,2016,81,170.0
3532012,2016,91,110.0
3532018,2016,11,90.0
3532018,2016,21,15.0
3532018,2016,22,45.0
3532018,2016,23,350.0
3532018,2016,31-33,1735.0
3532018,2016,41,325.0
3532018,2016,44-45,715.0
3532018,2016,48-49,370.0
3532018,2016,51,55.0
3532018,2016,52,245.0
3532018,2016,53,100.0
3532018,2016,54,225.0
3532018,2016,55,0.0
3532018,2016,56,315.0
3532018,2016,61,335.0
3532018,2016,62,740.0
3532018,2016,71,155.0
3532018,2016,72,535.0
3532018,2016,81,285.0
3532018,2016,91,245.0
3532027,2016,11,770.0
3532027,2016,21,15.0
3532027,2016,22,30.0
3532027,2016,23,420.0
3532027,2016,31-33,720.0
3532027,2016,41,180.0
3532027,2016,44-45,360.0
3532027,2016,48-49,330.0
3532027,2016,51,50.0
3532027,2016,52,160.0
3532027,2016,53,40.0
3532027,2016,54,200.0
3532027,2016,55,0.0
3532027,2016,56,140.0
3532027,2016,61,270.0
3532027,2016,62,495.0
3532027,2016,71,60.0
3532027,2016,72,205.0
3532027,2016,81,215.0
3532027,2016,91,135.0
3532038,2016,11,565.0
3532038,2016,21,0.0
3532038,2016,22,0.0
3532038,2016,23,410.0
3532038,2016,31-33,710.0
3532038,2016,41,180.0
3532038,2016,44-45,370.0
3532038,2016,48-49,200.0
3532038,2016,51,25.0
3532038,2016,52,155.0
3532038,2016,53,40.0
3532038,2016,54,170.0
3532038,2016,55,0.0
3532038,2016,56,120.0
3532038,2016,61,205.0
3532038,2016,62,450.0
3532038,2016,71,70.0
3532038,2016,72,210.0
3532038,2016,81,170.0
3532038,2016,91,115.0
3532042,2016,11,215.0
3532042,2016,21,60.0
3532042,2016,22,100.0
3532042,2016,23,1275.0
3532042,2016,31-33,5130.0
3532042,2016,41,875.0
3532042,2016,44-45,2390.0
3532042,2016,48-49,1250.0
3532042,2016,51,295.0
3532042,2016,52,610.0
3532042,2016,53,260.0
3532042,2016,54,635.0
3532042,2016,55,20.0
3532042,2016,56,925.0
3532042,2016,61,1115.0
3532042,2016,62,2305.0
3532042,2016,71,385.0
3532042,2016,72,1545.0
3532042,2016,81,1000.0
3532042,2016,91,800.0
3532045,2016,11,385.0
3532045,2016,21,10.0
3532045,2016,22,40.0
3532045,2016,23,420.0
3532045,2016,31-33,815.0
3532045,2016,41,205.0
3532045,2016,44-45,405.0
3532045,2016,48-49,355.0
3532045,2016,51,50.0
3532045,2016,52,205.0
3532045,2016,53,65.0
3532045,2016,54,235.0
3532045,2016,55,0.0
3532045,2016,56,160.0
3532045,2016,61,245.0
3532045,2016,62,310.0
3532045,2016,71,70.0
3532045,2016,72,180.0
3532045,2016,81,155.0
3532045,2016,91,160.0
3534005,2016,11,490.0
3534005,2016,21,0.0
3534005,2016,22,20.0
3534005,2016,23,380.0
3534005,2016,31-33,815.0
3534005,2016,41,110.0
3534005,2016,44-45,275.0
3534005,2016,48-49,200.0
3534005,2016,51,10.0
3534005,2016,52,45.0
3534005,2016,53,25.0
3534005,2016,54,65.0
3534005,2016,55,0.0
3534005,2016,56,130.0
3534005,2016,61,105.0
3534005,2016,62,210.0
3534005,2016,71,25.0
3534005,2016,72,190.0
3534005,2016,81,145.0
3534005,2016,91,75.0
3534010,2016,11,765.0
3534010,2016,21,25.0
3534010,2016,22,15.0
3534010,2016,23,480.0
3534010,2016,31-33,895.0
3534010,2016,41,110.0
3534010,2016,44-45,410.0
3534010,2016,48-49,380.0
3534010,2016,51,80.0
3534010,2016,52,85.0
3534010,2016,53,55.0
3534010,2016,54,95.0
3534010,2016,55,0.0
3534010,2016,56,215.0
3534010,2016,61,175.0
3534010,2016,62,385.0
3534010,2016,71,20.0
3534010,2016,72,150.0
3534010,2016,81,230.0
3534010,2016,91,80.0
3534011,2016,11,185.0
3534011,2016,21,20.0
3534011,2016,22,10.0
3534011,2016,23,300.0
3534011,2016,31-33,690.0
3534011,2016,41,95.0
3534011,2016,44-45,400.0
3534011,2016,48-49,235.0
3534011,2016,51,30.0
3534011,2016,52,75.0
3534011,2016,53,50.0
3534011,2016,54,125.0
3534011,2016,55,0.0
3534011,2016,56,125.0
3534011,2016,61,225.0
3534011,2016,62,330.0
3534011,2016,71,50.0
3534011,2016,72,205.0
3534011,2016,81,185.0
3534011,2016,91,110.0
3534020,2016,11,270.0
3534020,2016,21,10.0
3534020,2016,22,65.0
3534020,2016,23,620.0
3534020,2016,31-33,915.0
3534020,2016,41,260.0
3534020,2016,44-45,660.0
3534020,2016,48-49,435.0
3534020,2016,51,110.0
3534020,2016,52,220.0
3534020,2016,53,90.0
3534020,2016,54,260.0
3534020,2016,55,10.0
3534020,2016,56,300.0
3534020,2016,61,415.0
3534020,2016,62,950.0
3534020,2016,71,155.0
3534020,2016,72,315.0
3534020,2016,81,340.0
3534020,2016,91,400.0
3534021,2016,11,210.0
3534021,2016,21,15.0
3534021,2016,22,125.0
3534021,2016,23,1150.0
3534021,2016,31-33,3390.0
3534021,2016,41,515.0
3534021,2016,44-45,2285.0
3534021,2016,48-49,1025.0
3534021,2016,51,235.0
3534021,2016,52,590.0
3534021,2016,53,325.0
3534021,2016,54,755.0
3534021,2016,55,15.0
3534021,2016,56,1065.0
3534021,2016,61,1190.0
3534021,2016,62,2705.0
3534021,2016,71,300.0
3534021,2016,72,1415.0
3534021,2016,81,835.0
3534021,2016,91,720.0
3534024,2016,11,295.0
3534024,2016,21,0.0
3534024,2016,22,10.0
3534024,2016,23,215.0
3534024,2016,31-33,295.0
3534024,2016,41,100.0
3534024,2016,44-45,190.0
3534024,2016,48-49,170.0
3534024,2016,51,15.0
3534024,2016,52,55.0
3534024,2016,53,20.0
3534024,2016,54,120.0
3534024,2016,55,0.0
3534024,2016,56,100.0
3534024,2016,61,160.0
3534024,2016,62,340.0
3534024,2016,71,55.0
3534024,2016,72,100.0
3534024,2016,81,100.0
3534024,2016,91,120.0
3534030,2016,11,315.0
3534030,2016,21,0.0
3534030,2016,22,15.0
3534030,2016,23,180.0
3534030,2016,31-33,245.0
3534030,2016,41,55.0
3534030,2016,44-45,150.0
3534030,2016,48-49,80.0
3534030,2016,51,15.0
3534030,2016,52,70.0
3534030,2016,53,15.0
3534030,2016,54,100.0
3534030,2016,55,0.0
3534030,2016,56,60.0
3534030,2016,61,105.0
3534030,2016,62,285.0
3534030,2016,71,55.0
3534030,2016,72,165.0
3534030,2016,81,140.0
3534030,2016,91,70.0
3534042,2016,11,255.0
3534042,2016,21,10.0
3534042,2016,22,25.0
3534042,2016,23,295.0
3534042,2016,31-33,305.0
3534042,2016,41,90.0
3534042,2016,44-45,180.0
3534042,2016,48-49,180.0
3534042,2016,51,35.0
3534042,2016,52,65.0
3534042,2016,53,15.0
3534042,2016,54,55.0
3534042,2016,55,0.0
3534042,2016,56,150.0
3534042,2016,61,100.0
3534042,2016,62,270.0
3534042,2016,71,30.0
3534042,2016,72,165.0
3534042,2016,81,125.0
3534042,2016,91,120.0
3536020,2016,11,3785.0
3536020,2016,21,175.0
3536020,2016,22,995.0
3536020,2016,23,3265.0
3536020,2016,31-33,6430.0
3536020,2016,41,1815.0
3536020,2016,44-45,5590.0
3536020,2016,48-49,2530.0
3536020,2016,51,750.0
3536020,2016,52,1130.0
3536020,2016,53,550.0
3536020,2016,54,1455.0
3536020,2016,55,20.0
3536020,2016,56,2490.0
3536020,2016,61,2945.0
3536020,2016,62,6125.0
3536020,2016,71,830.0
3536020,2016,72,3370.0
3536020,2016,81,2190.0
3536020,2016,91,2210.0
3536029,2016,11,10.0
3536029,2016,21,0.0
3536029,2016,22,0.0
3536029,2016,23,15.0
3536029,2016,31-33,20.0
3536029,2016,41,0.0
3536029,2016,44-45,25.0
3536029,2016,48-49,0.0
3536029,2016,51,0.0
3536029,2016,52,0.0
3536029,2016,53,0.0
3536029,2016,54,0.0
3536029,2016,55,0.0
3536029,2016,56,10.0
3536029,2016,61,10.0
3536029,2016,62,35.0
3536029,2016,71,0.0
3536029,2016,72,0.0
3536029,2016,81,0.0
3536029,2016,91,10.0
3537001,2016,11,20.0
3537001,2016,21,0.0
3537001,2016,22,0.0
3537001,2016,23,10.0
3537001,2016,31-33,0.0
3537001,2016,41,0.0
3537001,2016,44-45,0.0
3537001,2016,48-49,15.0
3537001,2016,51,0.0
3537001,2016,52,0.0
3537001,2016,53,0.0
3537001,2016,54,10.0
3537001,2016,55,0.0
3537001,2016,56,0.0
3537001,2016,61,0.0
3537001,2016,62,0.0
3537001,2016,71,0.0
3537001,2016,72,0.0
3537001,2016,81,0.0
3537001,2016,91,0.0
3537003,2016,11,2050.0
3537003,2016,21,15.0
3537003,2016,22,50.0
3537003,2016,23,960.0
3537003,2016,31-33,2105.0
3537003,2016,41,600.0
3537003,2016,44-45,1225.0
3537003,2016,48-49,670.0
3537003,2016,51,95.0
3537003,2016,52,225.0
3537003,2016,53,145.0
3537003,2016,54,390.0
3537003,2016,55,10.0
3537003,2016,56,330.0
3537003,2016,61,540.0
3537003,2016,62,1020.0
3537003,2016,71,135.0
3537003,2016,72,835.0
3537003,2016,81,505.0
3537003,2016,91,210.0
3537013,2016,11,1035.0
3537013,2016,21,50.0
3537013,2016,22,85.0
3537013,2016,23,870.0
3537013,2016,31-33,1895.0
3537013,2016,41,370.0
3537013,2016,44-45,1135.0
3537013,2016,48-49,545.0
3537013,2016,51,70.0
3537013,2016,52,230.0
3537013,2016,53,130.0
3537013,2016,54,380.0
3537013,2016,55,0.0
3537013,2016,56,285.0
3537013,2016,61,615.0
3537013,2016,62,1105.0
3537013,2016,71,215.0
3537013,2016,72,615.0
3537013,2016,81,450.0
3537013,2016,91,425.0
3537016,2016,11,350.0
3537016,2016,21,30.0
3537016,2016,22,70.0
3537016,2016,23,705.0
3537016,2016,31-33,2115.0
3537016,2016,41,285.0
3537016,2016,44-45,1115.0
3537016,2016,48-49,605.0
3537016,2016,51,85.0
3537016,2016,52,330.0
3537016,2016,53,80.0
3537016,2016,54,365.0
3537016,2016,55,0.0
3537016,2016,56,375.0
3537016,2016,61,570.0
3537016,2016,62,1300.0
3537016,2016,71,200.0
3537016,2016,72,610.0
3537016,2016,81,425.0
3537016,2016,91,435.0
3537028,2016,11,155.0
3537028,2016,21,70.0
3537028,2016,22,115.0
3537028,2016,23,610.0
3537028,2016,31-33,2525.0
3537028,2016,41,325.0
3537028,2016,44-45,1375.0
3537028,2016,48-49,405.0
3537028,2016,51,65.0
3537028,2016,52,365.0
3537028,2016,53,155.0
3537028,2016,54,500.0
3537028,2016,55,10.0
3537028,2016,56,340.0
3537028,2016,61,905.0
3537028,2016,62,1520.0
3537028,2016,71,415.0
3537028,2016,72,685.0
3537028,2016,81,450.0
3537028,2016,91,490.0
3537034,2016,11,70.0
3537034,2016,21,55.0
3537034,2016,22,115.0
3537034,2016,23,825.0
3537034,2016,31-33,3130.0
3537034,2016,41,425.0
3537034,2016,44-45,1625.0
3537034,2016,48-49,545.0
3537034,2016,51,145.0
3537034,2016,52,685.0
3537034,2016,53,215.0
3537034,2016,54,920.0
3537034,2016,55,30.0
3537034,2016,56,510.0
3537034,2016,61,1575.0
3537034,2016,62,2280.0
3537034,2016,71,505.0
3537034,2016,72,910.0
3537034,2016,81,475.0
3537034,2016,91,795.0
3537039,2016,11,920.0
3537039,2016,21,165.0
3537039,2016,22,370.0
3537039,2016,23,4720.0
3537039,2016,31-33,19660.0
3537039,2016,41,2525.0
3537039,2016,44-45,10660.0
3537039,2016,48-49,4530.0
3537039,2016,51,1295.0
3537039,2016,52,2970.0
3537039,2016,53,1360.0
3537039,2016,54,5160.0
3537039,2016,55,45.0
3537039,2016,56,5450.0
3537039,2016,61,6975.0
3537039,2016,62,12040.0
3537039,2016,71,2840.0
3537039,2016,72,8825.0
3537039,2016,81,4180.0
3537039,2016,91,3335.0
3537048,2016,11,105.0
3537048,2016,21,10.0
3537048,2016,22,55.0
3537048,2016,23,595.0
3537048,2016,31-33,2620.0
3537048,2016,41,330.0
3537048,2016,44-45,1140.0
3537048,2016,48-49,375.0
3537048,2016,51,115.0
3537048,2016,52,515.0
3537048,2016,53,170.0
3537048,2016,54,575.0
3537048,2016,55,25.0
3537048,2016,56,485.0
3537048,2016,61,1215.0
3537048,2016,62,1830.0
3537048,2016,71,315.0
3537048,2016,72,725.0
3537048,2016,81,515.0
3537048,2016,91,565.0
3537064,2016,11,550.0
3537064,2016,21,65.0
3537064,2016,22,155.0
3537064,2016,23,1505.0
3537064,2016,31-33,4305.0
3537064,2016,41,525.0
3537064,2016,44-45,1990.0
3537064,2016,48-49,790.0
3537064,2016,51,170.0
3537064,2016,52,640.0
3537064,2016,53,200.0
3537064,2016,54,910.0
3537064,2016,55,15.0
3537064,2016,56,640.0
3537064,2016,61,1415.0
3537064,2016,62,2340.0
3537064,2016,71,380.0
3537064,2016,72,1060.0
3537064,2016,81,760.0
3537064,2016,91,880.0
3538003,2016,11,405.0
3538003,2016,21,135.0
3538003,2016,22,100.0
3538003,2016,23,740.0
3538003,2016,31-33,1080.0
3538003,2016,41,280.0
3538003,2016,44-45,615.0
3538003,2016,48-49,335.0
3538003,2016,51,70.0
3538003,2016,52,125.0
3538003,2016,53,85.0
3538003,2016,54,290.0
3538003,2016,55,10.0
3538003,2016,56,280.0
3538003,2016,61,295.0
3538003,2016,62,955.0
3538003,2016,71,180.0
3538003,2016,72,385.0
3538003,2016,81,380.0
3538003,2016,91,285.0
3538004,2016,11,25.0
3538004,2016,21,0.0
3538004,2016,22,0.0
3538004,2016,23,25.0
3538004,2016,31-33,25.0
3538004,2016,41,0.0
3538004,2016,44-45,40.0
3538004,2016,48-49,35.0
3538004,2016,51,0.0
3538004,2016,52,0.0
3538004,2016,53,0.0
3538004,2016,54,10.0
3538004,2016,55,0.0
3538004,2016,56,15.0
3538004,2016,61,55.0
3538004,2016,62,85.0
3538004,2016,71,15.0
3538004,2016,72,20.0
3538004,2016,81,10.0
3538004,2016,91,60.0
3538007,2016,11,235.0
3538007,2016,21,0.0
3538007,2016,22,10.0
3538007,2016,23,80.0
3538007,2016,31-33,170.0
3538007,2016,41,40.0
3538007,2016,44-45,25.0
3538007,2016,48-49,50.0
3538007,2016,51,10.0
3538007,2016,52,25.0
3538007,2016,53,10.0
3538007,2016,54,25.0
3538007,2016,55,0.0
3538007,2016,56,55.0
3538007,2016,61,55.0
3538007,2016,62,105.0
3538007,2016,71,10.0
3538007,2016,72,25.0
3538007,2016,81,20.0
3538007,2016,91,45.0
3538015,2016,11,260.0
3538015,2016,21,0.0
3538015,2016,22,0.0
3538015,2016,23,95.0
3538015,2016,31-33,190.0
3538015,2016,41,55.0
3538015,2016,44-45,85.0
3538015,2016,48-49,70.0
3538015,2016,51,15.0
3538015,2016,52,30.0
3538015,2016,53,0.0
3538015,2016,54,35.0
3538015,2016,55,0.0
3538015,2016,56,40.0
3538015,2016,61,55.0
3538015,2016,62,165.0
3538015,2016,71,10.0
3538015,2016,72,50.0
3538015,2016,81,80.0
3538015,2016,91,50.0
3538016,2016,11,240.0
3538016,2016,21,25.0
3538016,2016,22,20.0
3538016,2016,23,155.0
3538016,2016,31-33,215.0
3538016,2016,41,50.0
3538016,2016,44-45,125.0
3538016,2016,48-49,60.0
3538016,2016,51,10.0
3538016,2016,52,20.0
3538016,2016,53,10.0
3538016,2016,54,35.0
3538016,2016,55,0.0
3538016,2016,56,35.0
3538016,2016,61,50.0
3538016,2016,62,170.0
3538016,2016,71,20.0
3538016,2016,72,75.0
3538016,2016,81,85.0
3538016,2016,91,55.0
3538018,2016,11,10.0
3538018,2016,21,15.0
3538018,2016,22,0.0
3538018,2016,23,40.0
3538018,2016,31-33,55.0
3538018,2016,41,10.0
3538018,2016,44-45,30.0
3538018,2016,48-49,25.0
3538018,2016,51,10.0
3538018,2016,52,0.0
3538018,2016,53,0.0
3538018,2016,54,30.0
3538018,2016,55,0.0
3538018,2016,56,10.0
3538018,2016,61,30.0
3538018,2016,62,55.0
3538018,2016,71,0.0
3538018,2016,72,25.0
3538018,2016,81,10.0
3538018,2016,91,10.0
3538019,2016,11,45.0
3538019,2016,21,50.0
3538019,2016,22,20.0
3538019,2016,23,235.0
3538019,2016,31-33,390.0
3538019,2016,41,65.0
3538019,2016,44-45,260.0
3538019,2016,48-49,150.0
3538019,2016,51,35.0
3538019,2016,52,35.0
3538019,2016,53,35.0
3538019,2016,54,90.0
3538019,2016,55,0.0
3538019,2016,56,135.0
3538019,2016,61,215.0
3538019,2016,62,430.0
3538019,2016,71,75.0
3538019,2016,72,165.0
3538019,2016,81,140.0
3538019,2016,91,135.0
3538025,2016,11,10.0
3538025,2016,21,0.0
3538025,2016,22,10.0
3538025,2016,23,20.0
3538025,2016,31-33,10.0
3538025,2016,41,0.0
3538025,2016,44-45,25.0
3538025,2016,48-49,0.0
3538025,2016,51,0.0
3538025,2016,52,0.0
3538025,2016,53,0.0
3538025,2016,54,0.0
3538025,2016,55,0.0
3538025,2016,56,20.0
3538025,2016,61,10.0
3538025,2016,62,55.0
3538025,2016,71,10.0
3538025,2016,72,15.0
3538025,2016,81,10.0
3538025,2016,91,25.0
3538030,2016,11,255.0
3538030,2016,21,425.0
3538030,2016,22,310.0
3538030,2016,23,2845.0
3538030,2016,31-33,3570.0
3538030,2016,41,1240.0
3538030,2016,44-45,4460.0
3538030,2016,48-49,1265.0
3538030,2016,51,325.0
3538030,2016,52,815.0
3538030,2016,53,470.0
3538030,2016,54,1890.0
3538030,2016,55,30.0
3538030,2016,56,2075.0
3538030,2016,61,2145.0
3538030,2016,62,4305.0
3538030,2016,71,785.0
3538030,2016,72,3170.0
3538030,2016,81,1730.0
3538030,2016,91,1270.0
3538031,2016,11,10.0
3538031,2016,21,10.0
3538031,2016,22,0.0
3538031,2016,23,100.0
3538031,2016,31-33,75.0
3538031,2016,41,25.0
3538031,2016,44-45,105.0
3538031,2016,48-49,35.0
3538031,2016,51,0.0
3538031,2016,52,15.0
3538031,2016,53,10.0
3538031,2016,54,55.0
3538031,2016,55,0.0
3538031,2016,56,70.0
3538031,2016,61,80.0
3538031,2016,62,135.0
3538031,2016,71,50.0
3538031,2016,72,110.0
3538031,2016,81,45.0
3538031,2016,91,55.0
3538035,2016,11,355.0
3538035,2016,21,15.0
3538035,2016,22,75.0
3538035,2016,23,345.0
3538035,2016,31-33,500.0
3538035,2016,41,155.0
3538035,2016,44-45,340.0
3538035,2016,48-49,180.0
3538035,2016,51,30.0
3538035,2016,52,60.0
3538035,2016,53,65.0
3538035,2016,54,205.0
3538035,2016,55,0.0
3538035,2016,56,115.0
3538035,2016,61,380.0
3538035,2016,62,525.0
3538035,2016,71,100.0
3538035,2016,72,190.0
3538035,2016,81,215.0
3538035,2016,91,140.0
3538040,2016,11,420.0
3538040,2016,21,25.0
3538040,2016,22,45.0
3538040,2016,23,560.0
3538040,2016,31-33,385.0
3538040,2016,41,175.0
3538040,2016,44-45,585.0
3538040,2016,48-49,260.0
3538040,2016,51,55.0
3538040,2016,52,140.0
3538040,2016,53,80.0
3538040,2016,54,185.0
3538040,2016,55,10.0
3538040,2016,56,130.0
3538040,2016,61,215.0
3538040,2016,62,635.0
3538040,2016,71,185.0
3538040,2016,72,435.0
3538040,2016,81,235.0
3538040,2016,91,150.0
3538043,2016,11,380.0
3538043,2016,21,15.0
3538043,2016,22,10.0
3538043,2016,23,175.0
3538043,2016,31-33,140.0
3538043,2016,41,90.0
3538043,2016,44-45,145.0
3538043,2016,48-49,105.0
3538043,2016,51,15.0
3538043,2016,52,55.0
3538043,2016,53,10.0
3538043,2016,54,55.0
3538043,2016,55,0.0
3538043,2016,56,70.0
3538043,2016,61,115.0
3538043,2016,62,295.0
3538043,2016,71,45.0
3538043,2016,72,30.0
3538043,2016,81,95.0
3538043,2016,91,75.0
3538056,2016,11,15.0
3538056,2016,21,0.0
3538056,2016,22,10.0
3538056,2016,23,30.0
3538056,2016,31-33,10.0
3538056,2016,41,10.0
3538056,2016,44-45,40.0
3538056,2016,48-49,10.0
3538056,2016,51,0.0
3538056,2016,52,10.0
3538056,2016,53,10.0
3538056,2016,54,10.0
3538056,2016,55,0.0
3538056,2016,56,25.0
3538056,2016,61,20.0
3538056,2016,62,55.0
3538056,2016,71,15.0
3538056,2016,72,25.0
3538056,2016,81,10.0
3538056,2016,91,60.0
3539002,2016,11,10.0
3539002,2016,21,0.0
3539002,2016,22,0.0
3539002,2016,23,10.0
3539002,2016,31-33,40.0
3539002,2016,41,0.0
3539002,2016,44-45,25.0
3539002,2016,48-49,15.0
3539002,2016,51,0.0
3539002,2016,52,10.0
3539002,2016,53,0.0
3539002,2016,54,15.0
3539002,2016,55,0.0
3539002,2016,56,10.0
3539002,2016,61,10.0
3539002,2016,62,20.0
3539002,2016,71,10.0
3539002,2016,72,10.0
3539002,2016,81,10.0
3539002,2016,91,0.0
3539005,2016,11,275.0
3539005,2016,21,30.0
3539005,2016,22,20.0
3539005,2016,23,315.0
3539005,2016,31-33,395.0
3539005,2016,41,115.0
3539005,2016,44-45,310.0
3539005,2016,48-49,195.0
3539005,2016,51,20.0
3539005,2016,52,95.0
3539005,2016,53,25.0
3539005,2016,54,125.0
3539005,2016,55,0.0
3539005,2016,56,100.0
3539005,2016,61,170.0
3539005,2016,62,395.0
3539005,2016,71,25.0
3539005,2016,72,150.0
3539005,2016,81,145.0
3539005,2016,91,70.0
3539015,2016,11,650.0
3539015,2016,21,15.0
3539015,2016,22,100.0
3539015,2016,23,965.0
3539015,2016,31-33,1710.0
3539015,2016,41,400.0
3539015,2016,44-45,1225.0
3539015,2016,48-49,475.0
3539015,2016,51,110.0
3539015,2016,52,380.0
3539015,2016,53,135.0
3539015,2016,54,480.0
3539015,2016,55,10.0
3539015,2016,56,410.0
3539015,2016,61,640.0
3539015,2016,62,1630.0
3539015,2016,71,180.0
3539015,2016,72,700.0
3539015,2016,81,535.0
3539015,2016,91,325.0
3539027,2016,11,610.0
3539027,2016,21,10.0
3539027,2016,22,55.0
3539027,2016,23,780.0
3539027,2016,31-33,1025.0
3539027,2016,41,390.0
3539027,2016,44-45,695.0
3539027,2016,48-49,390.0
3539027,2016,51,80.0
3539027,2016,52,345.0
3539027,2016,53,110.0
3539027,2016,54,320.0
3539027,2016,55,0.0
3539027,2016,56,245.0
3539027,2016,61,500.0
3539027,2016,62,820.0
3539027,2016,71,135.0
3539027,2016,72,320.0
3539027,2016,81,430.0
3539027,2016,91,300.0
3539033,2016,11,625.0
3539033,2016,21,10.0
3539033,2016,22,40.0
3539033,2016,23,1015.0
3539033,2016,31-33,825.0
3539033,2016,41,380.0
3539033,2016,44-45,785.0
3539033,2016,48-49,320.0
3539033,2016,51,160.0
3539033,2016,52,490.0
3539033,2016,53,165.0
3539033,2016,54,590.0
3539033,2016,55,10.0
3539033,2016,56,360.0
3539033,2016,61,975.0
3539033,2016,62,1325.0
3539033,2016,71,260.0
3539033,2016,72,405.0
3539033,2016,81,340.0
3539033,2016,91,505.0
3539036,2016,11,1075.0
3539036,2016,21,265.0
3539036,2016,22,975.0
3539036,2016,23,11730.0
3539036,2016,31-33,19335.0
3539036,2016,41,6195.0
3539036,2016,44-45,23030.0
3539036,2016,48-49,7725.0
3539036,2016,51,3660.0
3539036,2016,52,11405.0
3539036,2016,53,3640.0
3539036,2016,54,12920.0
3539036,2016,55,150.0
3539036,2016,56,10030.0
3539036,2016,61,19355.0
3539036,2016,62,27950.0
3539036,2016,71,4245.0
3539036,2016,72,15000.0
3539036,2016,81,8300.0
3539036,2016,91,7495.0
3539041,2016,11,590.0
3539041,2016,21,0.0
3539041,2016,22,30.0
3539041,2016,23,395.0
3539041,2016,31-33,270.0
3539041,2016,41,130.0
3539041,2016,44-45,345.0
3539041,2016,48-49,170.0
3539041,2016,51,40.0
3539041,2016,52,90.0
3539041,2016,53,20.0
3539041,2016,54,170.0
3539041,2016,55,0.0
3539041,2016,56,130.0
3539041,2016,61,200.0
3539041,2016,62,395.0
3539041,2016,71,45.0
3539041,2016,72,180.0
3539041,2016,81,180.0
3539041,2016,91,130.0
3539047,2016,11,355.0
3539047,2016,21,0.0
3539047,2016,22,15.0
3539047,2016,23,180.0
3539047,2016,31-33,205.0
3539047,2016,41,55.0
3539047,2016,44-45,145.0
3539047,2016,48-49,90.0
3539047,2016,51,0.0
3539047,2016,52,35.0
3539047,2016,53,10.0
3539047,2016,54,45.0
3539047,2016,55,0.0
3539047,2016,56,45.0
3539047,2016,61,95.0
3539047,2016,62,200.0
3539047,2016,71,10.0
3539047,2016,72,80.0
3539047,2016,81,85.0
3539047,2016,91,35.0
3539060,2016,11,230.0
3539060,2016,21,10.0
3539060,2016,22,20.0
3539060,2016,23,315.0
3539060,2016,31-33,315.0
3539060,2016,41,95.0
3539060,2016,44-45,205.0
3539060,2016,48-49,155.0
3539060,2016,51,15.0
3539060,2016,52,85.0
3539060,2016,53,30.0
3539060,2016,54,120.0
3539060,2016,55,0.0
3539060,2016,56,100.0
3539060,2016,61,205.0
3539060,2016,62,380.0
3539060,2016,71,55.0
3539060,2016,72,135.0
3539060,2016,81,135.0
3539060,2016,91,105.0
3540005,2016,11,630.0
3540005,2016,21,30.0
3540005,2016,22,35.0
3540005,2016,23,475.0
3540005,2016,31-33,615.0
3540005,2016,41,225.0
3540005,2016,44-45,650.0
3540005,2016,48-49,165.0
3540005,2016,51,60.0
3540005,2016,52,195.0
3540005,2016,53,60.0
3540005,2016,54,155.0
3540005,2016,55,0.0
3540005,2016,56,220.0
3540005,2016,61,285.0
3540005,2016,62,480.0
3540005,2016,71,60.0
3540005,2016,72,330.0
3540005,2016,81,185.0
3540005,2016,91,145.0
3540010,2016,11,490.0
3540010,2016,21,30.0
3540010,2016,22,35.0
3540010,2016,23,345.0
3540010,2016,31-33,395.0
3540010,2016,41,120.0
3540010,2016,44-45,380.0
3540010,2016,48-49,160.0
3540010,2016,51,80.0
3540010,2016,52,140.0
3540010,2016,53,35.0
3540010,2016,54,170.0
3540010,2016,55,0.0
3540010,2016,56,140.0
3540010,2016,61,215.0
3540010,2016,62,405.0
3540010,2016,71,55.0
3540010,2016,72,350.0
3540010,2016,81,155.0
3540010,2016,91,150.0
3540025,2016,11,570.0
3540025,2016,21,85.0
3540025,2016,22,70.0
3540025,2016,23,380.0
3540025,2016,31-33,310.0
3540025,2016,41,145.0
3540025,2016,44-45,365.0
3540025,2016,48-49,130.0
3540025,2016,51,35.0
3540025,2016,52,65.0
3540025,2016,53,40.0
3540025,2016,54,120.0
3540025,2016,55,0.0
3540025,2016,56,105.0
3540025,2016,61,250.0
3540025,2016,62,485.0
3540025,2016,71,120.0
3540025,2016,72,240.0
3540025,2016,81,170.0
3540025,2016,91,145.0
3540028,2016,11,90.0
3540028,2016,21,180.0
3540028,2016,22,65.0
3540028,2016,23,220.0
3540028,2016,31-33,215.0
3540028,2016,41,95.0
3540028,2016,44-45,605.0
3540028,2016,48-49,105.0
3540028,2016,51,45.0
3540028,2016,52,155.0
3540028,2016,53,40.0
3540028,2016,54,145.0
3540028,2016,55,0.0
3540028,2016,56,145.0
3540028,2016,61,260.0
3540028,2016,62,475.0
3540028,2016,71,85.0
3540028,2016,72,300.0
3540028,2016,81,170.0
3540028,2016,91,165.0
3540040,2016,11,990.0
3540040,2016,21,35.0
3540040,2016,22,40.0
3540040,2016,23,455.0
3540040,2016,31-33,790.0
3540040,2016,41,230.0
3540040,2016,44-45,410.0
3540040,2016,48-49,230.0
3540040,2016,51,65.0
3540040,2016,52,125.0
3540040,2016,53,50.0
3540040,2016,54,95.0
3540040,2016,55,10.0
3540040,2016,56,120.0
3540040,2016,61,255.0
3540040,2016,62,525.0
3540040,2016,71,75.0
3540040,2016,72,220.0
3540040,2016,81,200.0
3540040,2016,91,105.0
3540046,2016,11,540.0
3540046,2016,21,20.0
3540046,2016,22,30.0
3540046,2016,23,185.0
3540046,2016,31-33,310.0
3540046,2016,41,95.0
3540046,2016,44-45,120.0
3540046,2016,48-49,105.0
3540046,2016,51,0.0
3540046,2016,52,35.0
3540046,2016,53,30.0
3540046,2016,54,35.0
3540046,2016,55,0.0
3540046,2016,56,65.0
3540046,2016,61,105.0
3540046,2016,62,150.0
3540046,2016,71,10.0
3540046,2016,72,45.0
3540046,2016,81,110.0
3540046,2016,91,25.0
3540050,2016,11,430.0
3540050,2016,21,25.0
3540050,2016,22,55.0
3540050,2016,23,275.0
3540050,2016,31-33,200.0
3540050,2016,41,55.0
3540050,2016,44-45,135.0
3540050,2016,48-49,100.0
3540050,2016,51,15.0
3540050,2016,52,40.0
3540050,2016,53,0.0
3540050,2016,54,45.0
3540050,2016,55,0.0
3540050,2016,56,20.0
3540050,2016,61,65.0
3540050,2016,62,160.0
3540050,2016,71,20.0
3540050,2016,72,55.0
3540050,2016,81,145.0
3540050,2016,91,30.0
3540055,2016,11,240.0
3540055,2016,21,20.0
3540055,2016,22,55.0
3540055,2016,23,240.0
3540055,2016,31-33,350.0
3540055,2016,41,90.0
3540055,2016,44-45,300.0
3540055,2016,48-49,155.0
3540055,2016,51,35.0
3540055,2016,52,65.0
3540055,2016,53,20.0
3540055,2016,54,55.0
3540055,2016,55,0.0
3540055,2016,56,70.0
3540055,2016,61,150.0
3540055,2016,62,260.0
3540055,2016,71,45.0
3540055,2016,72,175.0
3540055,2016,81,115.0
3540055,2016,91,105.0
3540063,2016,11,615.0
3540063,2016,21,100.0
3540063,2016,22,100.0
3540063,2016,23,175.0
3540063,2016,31-33,175.0
3540063,2016,41,130.0
3540063,2016,44-45,240.0
3540063,2016,48-49,130.0
3540063,2016,51,20.0
3540063,2016,52,75.0
3540063,2016,53,20.0
3540063,2016,54,90.0
3540063,2016,55,0.0
3540063,2016,56,115.0
3540063,2016,61,145.0
3540063,2016,62,275.0
3540063,2016,71,40.0
3540063,2016,72,125.0
3540063,2016,81,135.0
3540063,2016,91,85.0
3541004,2016,11,500.0
3541004,2016,21,40.0
3541004,2016,22,115.0
3541004,2016,23,420.0
3541004,2016,31-33,500.0
3541004,2016,41,140.0
3541004,2016,44-45,275.0
3541004,2016,48-49,110.0
3541004,2016,51,25.0
3541004,2016,52,65.0
3541004,2016,53,20.0
3541004,2016,54,105.0
3541004,2016,55,0.0
3541004,2016,56,70.0
3541004,2016,61,130.0
3541004,2016,62,320.0
3541004,2016,71,10.0
3541004,2016,72,150.0
3541004,2016,81,165.0
3541004,2016,91,100.0
3541015,2016,11,470.0
3541015,2016,21,35.0
3541015,2016,22,445.0
3541015,2016,23,390.0
3541015,2016,31-33,220.0
3541015,2016,41,95.0
3541015,2016,44-45,350.0
3541015,2016,48-49,95.0
3541015,2016,51,45.0
3541015,2016,52,75.0
3541015,2016,53,40.0
3541015,2016,54,80.0
3541015,2016,55,0.0
3541015,2016,56,75.0
3541015,2016,61,135.0
3541015,2016,62,330.0
3541015,2016,71,70.0
3541015,2016,72,170.0
3541015,2016,81,175.0
3541015,2016,91,100.0
3541024,2016,11,325.0
3541024,2016,21,30.0
3541024,2016,22,1400.0
3541024,2016,23,435.0
3541024,2016,31-33,220.0
3541024,2016,41,80.0
3541024,2016,44-45,605.0
3541024,2016,48-49,100.0
3541024,2016,51,105.0
3541024,2016,52,130.0
3541024,2016,53,85.0
3541024,2016,54,255.0
3541024,2016,55,0.0
3541024,2016,56,120.0
3541024,2016,61,255.0
3541024,2016,62,570.0
3541024,2016,71,50.0
3541024,2016,72,400.0
3541024,2016,81,235.0
3541024,2016,91,220.0
3541032,2016,11,520.0
3541032,2016,21,0.0
3541032,2016,22,370.0
3541032,2016,23,505.0
3541032,2016,31-33,505.0
3541032,2016,41,145.0
3541032,2016,44-45,535.0
3541032,2016,48-49,190.0
3541032,2016,51,40.0
3541032,2016,52,105.0
3541032,2016,53,70.0
3541032,2016,54,135.0
3541032,2016,55,0.0
3541032,2016,56,160.0
3541032,2016,61,340.0
3541032,2016,62,525.0
3541032,2016,71,90.0
3541032,2016,72,345.0
3541032,2016,81,230.0
3541032,2016,91,165.0
3541043,2016,11,415.0
3541043,2016,21,15.0
3541043,2016,22,245.0
3541043,2016,23,410.0
3541043,2016,31-33,255.0
3541043,2016,41,150.0
3541043,2016,44-45,290.0
3541043,2016,48-49,120.0
3541043,2016,51,20.0
3541043,2016,52,80.0
3541043,2016,53,35.0
3541043,2016,54,150.0
3541043,2016,55,0.0
3541043,2016,56,100.0
3541043,2016,61,195.0
3541043,2016,62,480.0
3541043,2016,71,55.0
3541043,2016,72,190.0
3541043,2016,81,170.0
3541043,2016,91,140.0
3541045,2016,11,120.0
3541045,2016,21,20.0
3541045,2016,22,1740.0
3541045,2016,23,445.0
3541045,2016,31-33,170.0
3541045,2016,41,75.0
3541045,2016,44-45,795.0
3541045,2016,48-49,115.0
3541045,2016,51,105.0
3541045,2016,52,110.0
3541045,2016,53,90.0
3541045,2016,54,285.0
3541045,2016,55,10.0
3541045,2016,56,130.0
3541045,2016,61,325.0
3541045,2016,62,620.0
3541045,2016,71,145.0
3541045,2016,72,550.0
3541045,2016,81,280.0
3541045,2016,91,255.0
3541055,2016,11,160.0
3541055,2016,21,135.0
3541055,2016,22,165.0
3541055,2016,23,415.0
3541055,2016,31-33,260.0
3541055,2016,41,105.0
3541055,2016,44-45,555.0
3541055,2016,48-49,120.0
3541055,2016,51,25.0
3541055,2016,52,80.0
3541055,2016,53,60.0
3541055,2016,54,150.0
3541055,2016,55,10.0
3541055,2016,56,140.0
3541055,2016,61,210.0
3541055,2016,62,515.0
3541055,2016,71,75.0
3541055,2016,72,340.0
3541055,2016,81,210.0
3541055,2016,91,150.0
3541057,2016,11,10.0
3541057,2016,21,0.0
3541057,2016,22,20.0
3541057,2016,23,25.0
3541057,2016,31-33,0.0
3541057,2016,41,10.0
3541057,2016,44-45,45.0
3541057,2016,48-49,10.0
3541057,2016,51,10.0
3541057,2016,52,10.0
3541057,2016,53,0.0
3541057,2016,54,0.0
3541057,2016,55,0.0
3541057,2016,56,20.0
3541057,2016,61,15.0
3541057,2016,62,65.0
3541057,2016,71,15.0
3541057,2016,72,35.0
3541057,2016,81,0.0
3541057,2016,91,85.0
3541060,2016,11,15.0
3541060,2016,21,0.0
3541060,2016,22,10.0
3541060,2016,23,15.0
3541060,2016,31-33,10.0
3541060,2016,41,0.0
3541060,2016,44-45,20.0
3541060,2016,48-49,0.0
3541060,2016,51,0.0
3541060,2016,52,0.0
3541060,2016,53,10.0
3541060,2016,54,10.0
3541060,2016,55,0.0
3541060,2016,56,0.0
3541060,2016,61,30.0
3541060,2016,62,40.0
3541060,2016,71,15.0
3541060,2016,72,15.0
3541060,2016,81,0.0
3541060,2016,91,40.0
3541069,2016,11,45.0
3541069,2016,21,50.0
3541069,2016,22,20.0
3541069,2016,23,215.0
3541069,2016,31-33,70.0
3541069,2016,41,15.0
3541069,2016,44-45,240.0
3541069,2016,48-49,65.0
3541069,2016,51,20.0
3541069,2016,52,20.0
3541069,2016,53,10.0
3541069,2016,54,85.0
3541069,2016,55,0.0
3541069,2016,56,60.0
3541069,2016,61,115.0
3541069,2016,62,160.0
3541069,2016,71,95.0
3541069,2016,72,160.0
3541069,2016,81,85.0
3541069,2016,91,85.0
3542004,2016,11,695.0
3542004,2016,21,10.0
3542004,2016,22,100.0
3542004,2016,23,810.0
3542004,2016,31-33,1030.0
3542004,2016,41,205.0
3542004,2016,44-45,670.0
3542004,2016,48-49,330.0
3542004,2016,51,95.0
3542004,2016,52,160.0
3542004,2016,53,90.0
3542004,2016,54,255.0
3542004,2016,55,0.0
3542004,2016,56,210.0
3542004,2016,61,310.0
3542004,2016,62,690.0
3542004,2016,71,100.0
3542004,2016,72,345.0
3542004,2016,81,335.0
3542004,2016,91,180.0
3542005,2016,11,550.0
3542005,2016,21,15.0
3542005,2016,22,20.0
3542005,2016,23,495.0
3542005,2016,31-33,700.0
3542005,2016,41,105.0
3542005,2016,44-45,340.0
3542005,2016,48-49,235.0
3542005,2016,51,60.0
3542005,2016,52,80.0
3542005,2016,53,45.0
3542005,2016,54,110.0
3542005,2016,55,0.0
3542005,2016,56,190.0
3542005,2016,61,230.0
3542005,2016,62,295.0
3542005,2016,71,35.0
3542005,2016,72,185.0
3542005,2016,81,260.0
3542005,2016,91,120.0
3542015,2016,11,520.0
3542015,2016,21,20.0
3542015,2016,22,30.0
3542015,2016,23,570.0
3542015,2016,31-33,780.0
3542015,2016,41,140.0
3542015,2016,44-45,470.0
3542015,2016,48-49,205.0
3542015,2016,51,70.0
3542015,2016,52,140.0
3542015,2016,53,85.0
3542015,2016,54,285.0
3542015,2016,55,0.0
3542015,2016,56,225.0
3542015,2016,61,240.0
3542015,2016,62,465.0
3542015,2016,71,140.0
3542015,2016,72,215.0
3542015,2016,81,210.0
3542015,2016,91,140.0
3542029,2016,11,75.0
3542029,2016,21,10.0
3542029,2016,22,80.0
3542029,2016,23,270.0
3542029,2016,31-33,590.0
3542029,2016,41,70.0
3542029,2016,44-45,570.0
3542029,2016,48-49,105.0
3542029,2016,51,55.0
3542029,2016,52,125.0
3542029,2016,53,15.0
3542029,2016,54,55.0
3542029,2016,55,0.0
3542029,2016,56,130.0
3542029,2016,61,220.0
3542029,2016,62,420.0
3542029,2016,71,105.0
3542029,2016,72,205.0
3542029,2016,81,200.0
3542029,2016,91,150.0
3542037,2016,11,435.0
3542037,2016,21,25.0
3542037,2016,22,60.0
3542037,2016,23,480.0
3542037,2016,31-33,465.0
3542037,2016,41,70.0
3542037,2016,44-45,305.0
3542037,2016,48-49,115.0
3542037,2016,51,20.0
3542037,2016,52,50.0
3542037,2016,53,25.0
3542037,2016,54,170.0
3542037,2016,55,0.0
3542037,2016,56,110.0
3542037,2016,61,135.0
3542037,2016,62,495.0
3542037,2016,71,40.0
3542037,2016,72,150.0
3542037,2016,81,160.0
3542037,2016,91,175.0
3542045,2016,11,220.0
3542045,2016,21,10.0
3542045,2016,22,30.0
3542045,2016,23,325.0
3542045,2016,31-33,165.0
3542045,2016,41,65.0
3542045,2016,44-45,320.0
3542045,2016,48-49,95.0
3542045,2016,51,40.0
3542045,2016,52,125.0
3542045,2016,53,190.0
3542045,2016,54,320.0
3542045,2016,55,10.0
3542045,2016,56,160.0
3542045,2016,61,315.0
3542045,2016,62,315.0
3542045,2016,71,220.0
3542045,2016,72,295.0
3542045,2016,81,165.0
3542045,2016,91,115.0
3542047,2016,11,335.0
3542047,2016,21,20.0
3542047,2016,22,75.0
3542047,2016,23,540.0
3542047,2016,31-33,425.0
3542047,2016,41,90.0
3542047,2016,44-45,595.0
3542047,2016,48-49,190.0
3542047,2016,51,70.0
3542047,2016,52,120.0
3542047,2016,53,130.0
3542047,2016,54,275.0
3542047,2016,55,0.0
3542047,2016,56,305.0
3542047,2016,61,325.0
3542047,2016,62,885.0
3542047,2016,71,160.0
3542047,2016,72,440.0
3542047,2016,81,250.0
3542047,2016,91,295.0
3542053,2016,11,240.0
3542053,2016,21,50.0
3542053,2016,22,160.0
3542053,2016,23,515.0
3542053,2016,31-33,465.0
3542053,2016,41,175.0
3542053,2016,44-45,755.0
3542053,2016,48-49,195.0
3542053,2016,51,70.0
3542053,2016,52,165.0
3542053,2016,53,90.0
3542053,2016,54,220.0
3542053,2016,55,0.0
3542053,2016,56,190.0
3542053,2016,61,275.0
3542053,2016,62,930.0
3542053,2016,71,160.0
3542053,2016,72,250.0
3542053,2016,81,230.0
3542053,2016,91,275.0
3542059,2016,11,75.0
3542059,2016,21,105.0
3542059,2016,22,180.0
3542059,2016,23,560.0
3542059,2016,31-33,1125.0
3542059,2016,41,210.0
3542059,2016,44-45,1570.0
3542059,2016,48-49,340.0
3542059,2016,51,135.0
3542059,2016,52,210.0
3542059,2016,53,155.0
3542059,2016,54,355.0
3542059,2016,55,10.0
3542059,2016,56,460.0
3542059,2016,61,570.0
3542059,2016,62,1900.0
3542059,2016,71,230.0
3542059,2016,72,875.0
3542059,2016,81,455.0
3542059,2016,91,360.0
3543003,2016,11,280.0
3543003,2016,21,15.0
3543003,2016,22,45.0
3543003,2016,23,625.0
3543003,2016,31-33,1145.0
3543003,2016,41,250.0
3543003,2016,44-45,640.0
3543003,2016,48-49,450.0
3543003,2016,51,100.0
3543003,2016,52,165.0
3543003,2016,53,115.0
3543003,2016,54,265.0
3543003,2016,55,25.0
3543003,2016,56,395.0
3543003,2016,61,415.0
3543003,2016,62,490.0
3543003,2016,71,100.0
3543003,2016,72,305.0
3543003,2016,81,215.0
3543003,2016,91,295.0
3543005,2016,11,430.0
3543005,2016,21,10.0
3543005,2016,22,55.0
3543005,2016,23,725.0
3543005,2016,31-33,1060.0
3543005,2016,41,260.0
3543005,2016,44-45,935.0
3543005,2016,48-49,290.0
3543005,2016,51,95.0
3543005,2016,52,130.0
3543005,2016,53,110.0
3543005,2016,54,415.0
3543005,2016,55,0.0
3543005,2016,56,330.0
3543005,2016,61,490.0
3543005,2016,62,820.0
3543005,2016,71,175.0
3543005,2016,72,585.0
3543005,2016,81,410.0
3543005,2016,91,415.0
3543007,2016,11,360.0
3543007,2016,21,40.0
3543007,2016,22,145.0
3543007,2016,23,2070.0
3543007,2016,31-33,3080.0
3543007,2016,41,905.0
3543007,2016,44-45,2065.0
3543007,2016,48-49,1160.0
3543007,2016,51,270.0
3543007,2016,52,450.0
3543007,2016,53,355.0
3543007,2016,54,1000.0
3543007,2016,55,25.0
3543007,2016,56,975.0
3543007,2016,61,1045.0
3543007,2016,62,1525.0
3543007,2016,71,345.0
3543007,2016,72,1185.0
3543007,2016,81,635.0
3543007,2016,91,815.0
3543009,2016,11,345.0
3543009,2016,21,10.0
3543009,2016,22,160.0
3543009,2016,23,990.0
3543009,2016,31-33,995.0
3543009,2016,41,505.0
3543009,2016,44-45,1080.0
3543009,2016,48-49,435.0
3543009,2016,51,170.0
3543009,2016,52,310.0
3543009,2016,53,225.0
3543009,2016,54,670.0
3543009,2016,55,0.0
3543009,2016,56,430.0
3543009,2016,61,1025.0
3543009,2016,62,1285.0
3543009,2016,71,280.0
3543009,2016,72,560.0
3543009,2016,81,485.0
3543009,2016,91,840.0
3543014,2016,11,395.0
3543014,2016,21,40.0
3543014,2016,22,110.0
3543014,2016,23,2830.0
3543014,2016,31-33,2480.0
3543014,2016,41,975.0
3543014,2016,44-45,2315.0
3543014,2016,48-49,765.0
3543014,2016,51,375.0
3543014,2016,52,835.0
3543014,2016,53,335.0
3543014,2016,54,1115.0
3543014,2016,55,40.0
3543014,2016,56,970.0
3543014,2016,61,1140.0
3543014,2016,62,1590.0
3543014,2016,71,415.0
3543014,2016,72,1115.0
3543014,2016,81,905.0
3543014,2016,91,920.0
3543015,2016,11,160.0
3543015,2016,21,65.0
3543015,2016,22,45.0
3543015,2016,23,810.0
3543015,2016,31-33,590.0
3543015,2016,41,280.0
3543015,2016,44-45,895.0
3543015,2016,48-49,320.0
3543015,2016,51,90.0
3543015,2016,52,155.0
3543015,2016,53,120.0
3543015,2016,54,280.0
3543015,2016,55,0.0
3543015,2016,56,330.0
3543015,2016,61,430.0
3543015,2016,62,885.0
3543015,2016,71,430.0
3543015,2016,72,515.0
3543015,2016,81,290.0
3543015,2016,91,510.0
3543017,2016,11,275.0
3543017,2016,21,40.0
3543017,2016,22,175.0
3543017,2016,23,2845.0
3543017,2016,31-33,2335.0
3543017,2016,41,890.0
3543017,2016,44-45,2665.0
3543017,2016,48-49,1105.0
3543017,2016,51,385.0
3543017,2016,52,555.0
3543017,2016,53,355.0
3543017,2016,54,980.0
3543017,2016,55,20.0
3543017,2016,56,1185.0
3543017,2016,61,1205.0
3543017,2016,62,1770.0
3543017,2016,71,390.0
3543017,2016,72,1060.0
3543017,2016,81,930.0
3543017,2016,91,965.0
3543019,2016,11,105.0
3543019,2016,21,75.0
3543019,2016,22,65.0
3543019,2016,23,455.0
3543019,2016,31-33,380.0
3543019,2016,41,135.0
3543019,2016,44-45,665.0
3543019,2016,48-49,185.0
3543019,2016,51,60.0
3543019,2016,52,60.0
3543019,2016,53,100.0
3543019,2016,54,190.0
3543019,2016,55,0.0
3543019,2016,56,250.0
3543019,2016,61,255.0
3543019,2016,62,525.0
3543019,2016,71,240.0
3543019,2016,72,320.0
3543019,2016,81,195.0
3543019,2016,91,365.0
3543021,2016,11,330.0
3543021,2016,21,10.0
3543021,2016,22,75.0
3543021,2016,23,975.0
3543021,2016,31-33,1395.0
3543021,2016,41,370.0
3543021,2016,44-45,1310.0
3543021,2016,48-49,555.0
3543021,2016,51,120.0
3543021,2016,52,200.0
3543021,2016,53,195.0
3543021,2016,54,370.0
3543021,2016,55,0.0
3543021,2016,56,610.0
3543021,2016,61,615.0
3543021,2016,62,1020.0
3543021,2016,71,175.0
3543021,2016,72,855.0
3543021,2016,81,460.0
3543021,2016,91,2135.0
3543023,2016,11,295.0
3543023,2016,21,35.0
3543023,2016,22,120.0
3543023,2016,23,1195.0
3543023,2016,31-33,1020.0
3543023,2016,41,450.0
3543023,2016,44-45,1270.0
3543023,2016,48-49,425.0
3543023,2016,51,200.0
3543023,2016,52,275.0
3543023,2016,53,230.0
3543023,2016,54,705.0
3543023,2016,55,10.0
3543023,2016,56,490.0
3543023,2016,61,965.0
3543023,2016,62,1420.0
3543023,2016,71,300.0
3543023,2016,72,625.0
3543023,2016,81,515.0
3543023,2016,91,1025.0
3543031,2016,11,55.0
3543031,2016,21,55.0
3543031,2016,22,40.0
3543031,2016,23,895.0
3543031,2016,31-33,765.0
3543031,2016,41,215.0
3543031,2016,44-45,1330.0
3543031,2016,48-49,230.0
3543031,2016,51,190.0
3543031,2016,52,310.0
3543031,2016,53,305.0
3543031,2016,54,755.0
3543031,2016,55,0.0
3543031,2016,56,625.0
3543031,2016,61,695.0
3543031,2016,62,1260.0
3543031,2016,71,405.0
3543031,2016,72,1540.0
3543031,2016,81,485.0
3543031,2016,91,370.0
3543042,2016,11,315.0
3543042,2016,21,135.0
3543042,2016,22,740.0
3543042,2016,23,6340.0
3543042,2016,31-33,7710.0
3543042,2016,41,3110.0
3543042,2016,44-45,10615.0
3543042,2016,48-49,3730.0
3543042,2016,51,1650.0
3543042,2016,52,2425.0
3543042,2016,53,1545.0
3543042,2016,54,4190.0
3543042,2016,55,95.0
3543042,2016,56,4420.0
3543042,2016,61,5770.0
3543042,2016,62,8890.0
3543042,2016,71,1705.0
3543042,2016,72,6120.0
3543042,2016,81,2915.0
3543042,2016,91,4890.0
3543050,2016,11,0.0
3543050,2016,21,0.0
3543050,2016,22,0.0
3543050,2016,23,25.0
3543050,2016,31-33,15.0
3543050,2016,41,10.0
3543050,2016,44-45,40.0
3543050,2016,48-49,10.0
3543050,2016,51,0.0
3543050,2016,52,0.0
3543050,2016,53,10.0
3543050,2016,54,10.0
3543050,2016,55,0.0
3543050,2016,56,25.0
3543050,2016,61,20.0
3543050,2016,62,45.0
3543050,2016,71,60.0
3543050,2016,72,20.0
3543050,2016,81,10.0
3543050,2016,91,110.0
3543052,2016,11,85.0
3543052,2016,21,80.0
3543052,2016,22,65.0
3543052,2016,23,1100.0
3543052,2016,31-33,1105.0
3543052,2016,41,435.0
3543052,2016,44-45,1930.0
3543052,2016,48-49,375.0
3543052,2016,51,210.0
3543052,2016,52,270.0
3543052,2016,53,195.0
3543052,2016,54,625.0
3543052,2016,55,10.0
3543052,2016,56,725.0
3543052,2016,61,840.0
3543052,2016,62,2080.0
3543052,2016,71,1165.0
3543052,2016,72,1620.0
3543052,2016,81,645.0
3543052,2016,91,930.0
3543064,2016,11,55.0
3543064,2016,21,45.0
3543064,2016,22,70.0
3543064,2016,23,970.0
3543064,2016,31-33,650.0
3543064,2016,41,265.0
3543064,2016,44-45,1140.0
3543064,2016,48-49,410.0
3543064,2016,51,175.0
3543064,2016,52,215.0
3543064,2016,53,330.0
3543064,2016,54,480.0
3543064,2016,55,0.0
3543064,2016,56,480.0
3543064,2016,61,450.0
3543064,2016,62,805.0
3543064,2016,71,220.0
3543064,2016,72,855.0
3543064,2016,81,325.0
3543064,2016,91,545.0
3543068,2016,11,140.0
3543068,2016,21,30.0
3543068,2016,22,40.0
3543068,2016,23,660.0
3543068,2016,31-33,665.0
3543068,2016,41,175.0
3543068,2016,44-45,570.0
3543068,2016,48-49,230.0
3543068,2016,51,65.0
3543068,2016,52,135.0
3543068,2016,53,105.0
3543068,2016,54,310.0
3543068,2016,55,0.0
3543068,2016,56,325.0
3543068,2016,61,345.0
3543068,2016,62,760.0
3543068,2016,71,170.0
3543068,2016,72,265.0
3543068,2016,81,260.0
3543068,2016,91,405.0
3543069,2016,11,10.0
3543069,2016,21,0.0
3543069,2016,22,10.0
3543069,2016,23,25.0
3543069,2016,31-33,0.0
3543069,2016,41,0.0
3543069,2016,44-45,15.0
3543069,2016,48-49,30.0
3543069,2016,51,10.0
3543069,2016,52,0.0
3543069,2016,53,10.0
3543069,2016,54,10.0
3543069,2016,55,0.0
3543069,2016,56,20.0
3543069,2016,61,20.0
3543069,2016,62,55.0
3543069,2016,71,0.0
3543069,2016,72,10.0
3543069,2016,81,10.0
3543069,2016,91,35.0
3543070,2016,11,0.0
3543070,2016,21,0.0
3543070,2016,22,0.0
3543070,2016,23,0.0
3543070,2016,31-33,0.0
3543070,2016,41,0.0
3543070,2016,44-45,10.0
3543070,2016,48-49,0.0
3543070,2016,51,0.0
3543070,2016,52,0.0
3543070,2016,53,0.0
3543070,2016,54,0.0
3543070,2016,55,0.0
3543070,2016,56,0.0
3543070,2016,61,0.0
3543070,2016,62,0.0
3543070,2016,71,0.0
3543070,2016,72,0.0
3543070,2016,81,0.0
3543070,2016,91,0.0
3543071,2016,11,85.0
3543071,2016,21,10.0
3543071,2016,22,30.0
3543071,2016,23,605.0
3543071,2016,31-33,755.0
3543071,2016,41,100.0
3543071,2016,44-45,670.0
3543071,2016,48-49,225.0
3543071,2016,51,70.0
3543071,2016,52,95.0
3543071,2016,53,90.0
3543071,2016,54,155.0
3543071,2016,55,0.0
3543071,2016,56,195.0
3543071,2016,61,270.0
3543071,2016,62,675.0
3543071,2016,71,135.0
3543071,2016,72,330.0
3543071,2016,81,220.0
3543071,2016,91,345.0
3543072,2016,11,10.0
3543072,2016,21,15.0
3543072,2016,22,45.0
3543072,2016,23,415.0
3543072,2016,31-33,570.0
3543072,2016,41,75.0
3543072,2016,44-45,435.0
3543072,2016,48-49,100.0
3543072,2016,51,40.0
3543072,2016,52,65.0
3543072,2016,53,60.0
3543072,2016,54,175.0
3543072,2016,55,10.0
3543072,2016,56,140.0
3543072,2016,61,195.0
3543072,2016,62,845.0
3543072,2016,71,135.0
3543072,2016,72,270.0
3543072,2016,81,130.0
3543072,2016,91,255.0
3543074,2016,11,25.0
3543074,2016,21,10.0
3543074,2016,22,30.0
3543074,2016,23,580.0
3543074,2016,31-33,1180.0
3543074,2016,41,155.0
3543074,2016,44-45,1055.0
3543074,2016,48-49,225.0
3543074,2016,51,105.0
3543074,2016,52,110.0
3543074,2016,53,115.0
3543074,2016,54,310.0
3543074,2016,55,0.0
3543074,2016,56,350.0
3543074,2016,61,410.0
3543074,2016,62,1225.0
3543074,2016,71,195.0
3543074,2016,72,620.0
3543074,2016,81,370.0
3543074,2016,91,405.0
3544002,2016,11,20.0
3544002,2016,21,40.0
3544002,2016,22,40.0
3544002,2016,23,765.0
3544002,2016,31-33,345.0
3544002,2016,41,100.0
3544002,2016,44-45,925.0
3544002,2016,48-49,220.0
3544002,2016,51,50.0
3544002,2016,52,100.0
3544002,2016,53,100.0
3544002,2016,54,275.0
3544002,2016,55,0.0
3544002,2016,56,240.0
3544002,2016,61,290.0
3544002,2016,62,560.0
3544002,2016,71,210.0
3544002,2016,72,460.0
3544002,2016,81,265.0
3544002,2016,91,330.0
3544018,2016,11,45.0
3544018,2016,21,15.0
3544018,2016,22,90.0
3544018,2016,23,1275.0
3544018,2016,31-33,340.0
3544018,2016,41,170.0
3544018,2016,44-45,1210.0
3544018,2016,48-49,345.0
3544018,2016,51,130.0
3544018,2016,52,160.0
3544018,2016,53,200.0
3544018,2016,54,365.0
3544018,2016,55,0.0
3544018,2016,56,430.0
3544018,2016,61,545.0
3544018,2016,62,960.0
3544018,2016,71,295.0
3544018,2016,72,690.0
3544018,2016,81,275.0
3544018,2016,91,670.0
3544027,2016,11,25.0
3544027,2016,21,15.0
3544027,2016,22,10.0
3544027,2016,23,235.0
3544027,2016,31-33,95.0
3544027,2016,41,50.0
3544027,2016,44-45,210.0
3544027,2016,48-49,50.0
3544027,2016,51,35.0
3544027,2016,52,60.0
3544027,2016,53,45.0
3544027,2016,54,135.0
3544027,2016,55,0.0
3544027,2016,56,100.0
3544027,2016,61,75.0
3544027,2016,62,95.0
3544027,2016,71,80.0
3544027,2016,72,160.0
3544027,2016,81,50.0
3544027,2016,91,55.0
3544042,2016,11,100.0
3544042,2016,21,75.0
3544042,2016,22,115.0
3544042,2016,23,1290.0
3544042,2016,31-33,675.0
3544042,2016,41,320.0
3544042,2016,44-45,1575.0
3544042,2016,48-49,265.0
3544042,2016,51,150.0
3544042,2016,52,200.0
3544042,2016,53,210.0
3544042,2016,54,590.0
3544042,2016,55,0.0
3544042,2016,56,605.0
3544042,2016,61,500.0
3544042,2016,62,1345.0
3544042,2016,71,240.0
3544042,2016,72,1130.0
3544042,2016,81,465.0
3544042,2016,91,410.0
3544053,2016,11,95.0
3544053,2016,21,10.0
3544053,2016,22,10.0
3544053,2016,23,710.0
3544053,2016,31-33,190.0
3544053,2016,41,70.0
3544053,2016,44-45,400.0
3544053,2016,48-49,105.0
3544053,2016,51,25.0
3544053,2016,52,95.0
3544053,2016,53,205.0
3544053,2016,54,195.0
3544053,2016,55,0.0
3544053,2016,56,225.0
3544053,2016,61,130.0
3544053,2016,62,215.0
3544053,2016,71,225.0
3544053,2016,72,245.0
3544053,2016,81,130.0
3544053,2016,91,155.0
3544065,2016,11,0.0
3544065,2016,21,10.0
3544065,2016,22,0.0
3544065,2016,23,235.0
3544065,2016,31-33,60.0
3544065,2016,41,35.0
3544065,2016,44-45,200.0
3544065,2016,48-49,45.0
3544065,2016,51,10.0
3544065,2016,52,10.0
3544065,2016,53,60.0
3544065,2016,54,45.0
3544065,2016,55,0.0
3544065,2016,56,60.0
3544065,2016,61,40.0
3544065,2016,62,75.0
3544065,2016,71,60.0
3544065,2016,72,135.0
3544065,2016,81,15.0
3544065,2016,91,80.0
3544073,2016,11,0.0
3544073,2016,21,0.0
3544073,2016,22,0.0
3544073,2016,23,10.0
3544073,2016,31-33,10.0
3544073,2016,41,0.0
3544073,2016,44-45,10.0
3544073,2016,48-49,10.0
3544073,2016,51,0.0
3544073,2016,52,0.0
3544073,2016,53,0.0
3544073,2016,54,0.0
3544073,2016,55,0.0
3544073,2016,56,10.0
3544073,2016,61,10.0
3544073,2016,62,10.0
3544073,2016,71,15.0
3544073,2016,72,0.0
3544073,2016,81,0.0
3544073,2016,91,10.0
3546005,2016,11,20.0
3546005,2016,21,15.0
3546005,2016,22,25.0
3546005,2016,23,175.0
3546005,2016,31-33,95.0
3546005,2016,41,30.0
3546005,2016,44-45,180.0
3546005,2016,48-49,85.0
3546005,2016,51,15.0
3546005,2016,52,30.0
3546005,2016,53,45.0
3546005,2016,54,45.0
3546005,2016,55,0.0
3546005,2016,56,90.0
3546005,2016,61,65.0
3546005,2016,62,105.0
3546005,2016,71,35.0
3546005,2016,72,75.0
3546005,2016,81,60.0
3546005,2016,91,95.0
3546015,2016,11,30.0
3546015,2016,21,20.0
3546015,2016,22,60.0
3546015,2016,23,450.0
3546015,2016,31-33,80.0
3546015,2016,41,85.0
3546015,2016,44-45,390.0
3546015,2016,48-49,145.0
3546015,2016,51,35.0
3546015,2016,52,65.0
3546015,2016,53,50.0
3546015,2016,54,125.0
3546015,2016,55,0.0
3546015,2016,56,195.0
3546015,2016,61,140.0
3546015,2016,62,280.0
3546015,2016,71,65.0
3546015,2016,72,300.0
3546015,2016,81,110.0
3546015,2016,91,95.0
3546018,2016,11,10.0
3546018,2016,21,0.0
3546018,2016,22,15.0
3546018,2016,23,190.0
3546018,2016,31-33,25.0
3546018,2016,41,20.0
3546018,2016,44-45,115.0
3546018,2016,48-49,25.0
3546018,2016,51,25.0
3546018,2016,52,40.0
3546018,2016,53,30.0
3546018,2016,54,55.0
3546018,2016,55,0.0
3546018,2016,56,50.0
3546018,2016,61,25.0
3546018,2016,62,60.0
3546018,2016,71,55.0
3546018,2016,72,80.0
3546018,2016,81,50.0
3546018,2016,91,60.0
3546024,2016,11,30.0
3546024,2016,21,10.0
3546024,2016,22,35.0
3546024,2016,23,425.0
3546024,2016,31-33,105.0
3546024,2016,41,60.0
3546024,2016,44-45,455.0
3546024,2016,48-49,100.0
3546024,2016,51,65.0
3546024,2016,52,45.0
3546024,2016,53,70.0
3546024,2016,54,130.0
3546024,2016,55,10.0
3546024,2016,56,170.0
3546024,2016,61,205.0
3546024,2016,62,305.0
3546024,2016,71,75.0
3546024,2016,72,275.0
3546024,2016,81,110.0
3546024,2016,91,120.0
3547002,2016,11,15.0
3547002,2016,21,10.0
3547002,2016,22,30.0
3547002,2016,23,355.0
3547002,2016,31-33,495.0
3547002,2016,41,110.0
3547002,2016,44-45,535.0
3547002,2016,48-49,170.0
3547002,2016,51,95.0
3547002,2016,52,100.0
3547002,2016,53,65.0
3547002,2016,54,175.0
3547002,2016,55,0.0
3547002,2016,56,225.0
3547002,2016,61,205.0
3547002,2016,62,540.0
3547002,2016,71,55.0
3547002,2016,72,380.0
3547002,2016,81,180.0
3547002,2016,91,390.0
3547003,2016,11,135.0
3547003,2016,21,30.0
3547003,2016,22,90.0
3547003,2016,23,570.0
3547003,2016,31-33,440.0
3547003,2016,41,110.0
3547003,2016,44-45,450.0
3547003,2016,48-49,140.0
3547003,2016,51,75.0
3547003,2016,52,85.0
3547003,2016,53,65.0
3547003,2016,54,210.0
3547003,2016,55,10.0
3547003,2016,56,165.0
3547003,2016,61,230.0
3547003,2016,62,500.0
3547003,2016,71,60.0
3547003,2016,72,220.0
3547003,2016,81,195.0
3547003,2016,91,290.0
3547008,2016,11,15.0
3547008,2016,21,10.0
3547008,2016,22,25.0
3547008,2016,23,135.0
3547008,2016,31-33,135.0
3547008,2016,41,25.0
3547008,2016,44-45,105.0
3547008,2016,48-49,30.0
3547008,2016,51,0.0
3547008,2016,52,10.0
3547008,2016,53,35.0
3547008,2016,54,90.0
3547008,2016,55,0.0
3547008,2016,56,50.0
3547008,2016,61,60.0
3547008,2016,62,130.0
3547008,2016,71,20.0
3547008,2016,72,90.0
3547008,2016,81,75.0
3547008,2016,91,85.0
3547020,2016,11,55.0
3547020,2016,21,10.0
3547020,2016,22,0.0
3547020,2016,23,110.0
3547020,2016,31-33,40.0
3547020,2016,41,15.0
3547020,2016,44-45,45.0
3547020,2016,48-49,40.0
3547020,2016,51,10.0
3547020,2016,52,15.0
3547020,2016,53,10.0
3547020,2016,54,15.0
3547020,2016,55,0.0
3547020,2016,56,25.0
3547020,2016,61,40.0
3547020,2016,62,80.0
3547020,2016,71,10.0
3547020,2016,72,30.0
3547020,2016,81,30.0
3547020,2016,91,50.0
3547030,2016,11,70.0
3547030,2016,21,0.0
3547030,2016,22,30.0
3547030,2016,23,220.0
3547030,2016,31-33,180.0
3547030,2016,41,20.0
3547030,2016,44-45,275.0
3547030,2016,48-49,50.0
3547030,2016,51,25.0
3547030,2016,52,10.0
3547030,2016,53,20.0
3547030,2016,54,45.0
3547030,2016,55,10.0
3547030,2016,56,75.0
3547030,2016,61,115.0
3547030,2016,62,285.0
3547030,2016,71,35.0
3547030,2016,72,125.0
3547030,2016,81,75.0
3547030,2016,91,70.0
3547033,2016,11,45.0
3547033,2016,21,0.0
3547033,2016,22,25.0
3547033,2016,23,150.0
3547033,2016,31-33,55.0
3547033,2016,41,0.0
3547033,2016,44-45,145.0
3547033,2016,48-49,40.0
3547033,2016,51,15.0
3547033,2016,52,25.0
3547033,2016,53,0.0
3547033,2016,54,35.0
3547033,2016,55,0.0
3547033,2016,56,35.0
3547033,2016,61,85.0
3547033,2016,62,150.0
3547033,2016,71,35.0
3547033,2016,72,95.0
3547033,2016,81,65.0
3547033,2016,91,75.0
3547035,2016,11,90.0
3547035,2016,21,10.0
3547035,2016,22,25.0
3547035,2016,23,185.0
3547035,2016,31-33,120.0
3547035,2016,41,40.0
3547035,2016,44-45,190.0
3547035,2016,48-49,70.0
3547035,2016,51,45.0
3547035,2016,52,15.0
3547035,2016,53,10.0
3547035,2016,54,90.0
3547035,2016,55,10.0
3547035,2016,56,45.0
3547035,2016,61,120.0
3547035,2016,62,220.0
3547035,2016,71,15.0
3547035,2016,72,100.0
3547035,2016,81,95.0
3547035,2016,91,115.0
3547037,2016,11,10.0
3547037,2016,21,10.0
3547037,2016,22,0.0
3547037,2016,23,20.0
3547037,2016,31-33,10.0
3547037,2016,41,0.0
3547037,2016,44-45,25.0
3547037,2016,48-49,0.0
3547037,2016,51,0.0
3547037,2016,52,0.0
3547037,2016,53,0.0
3547037,2016,54,0.0
3547037,2016,55,0.0
3547037,2016,56,10.0
3547037,2016,61,0.0
3547037,2016,62,45.0
3547037,2016,71,10.0
3547037,2016,72,0.0
3547037,2016,81,10.0
3547037,2016,91,40.0
3547043,2016,11,265.0
3547043,2016,21,10.0
3547043,2016,22,55.0
3547043,2016,23,155.0
3547043,2016,31-33,165.0
3547043,2016,41,60.0
3547043,2016,44-45,140.0
3547043,2016,48-49,55.0
3547043,2016,51,10.0
3547043,2016,52,25.0
3547043,2016,53,20.0
3547043,2016,54,45.0
3547043,2016,55,0.0
3547043,2016,56,55.0
3547043,2016,61,130.0
3547043,2016,62,215.0
3547043,2016,71,20.0
3547043,2016,72,75.0
3547043,2016,81,60.0
3547043,2016,91,70.0
3547046,2016,11,75.0
3547046,2016,21,15.0
3547046,2016,22,25.0
3547046,2016,23,180.0
3547046,2016,31-33,240.0
3547046,2016,41,35.0
3547046,2016,44-45,210.0
3547046,2016,48-49,50.0
3547046,2016,51,25.0
3547046,2016,52,25.0
3547046,2016,53,15.0
3547046,2016,54,50.0
3547046,2016,55,0.0
3547046,2016,56,65.0
3547046,2016,61,85.0
3547046,2016,62,275.0
3547046,2016,71,0.0
3547046,2016,72,75.0
3547046,2016,81,45.0
3547046,2016,91,125.0
3547048,2016,11,20.0
3547048,2016,21,20.0
3547048,2016,22,15.0
3547048,2016,23,255.0
3547048,2016,31-33,495.0
3547048,2016,41,90.0
3547048,2016,44-45,550.0
3547048,2016,48-49,100.0
3547048,2016,51,115.0
3547048,2016,52,55.0
3547048,2016,53,35.0
3547048,2016,54,155.0
3547048,2016,55,0.0
3547048,2016,56,110.0
3547048,2016,61,145.0
3547048,2016,62,645.0
3547048,2016,71,45.0
3547048,2016,72,280.0
3547048,2016,81,115.0
3547048,2016,91,190.0
3547056,2016,11,290.0
3547056,2016,21,15.0
3547056,2016,22,65.0
3547056,2016,23,370.0
3547056,2016,31-33,290.0
3547056,2016,41,100.0
3547056,2016,44-45,370.0
3547056,2016,48-49,105.0
3547056,2016,51,30.0
3547056,2016,52,85.0
3547056,2016,53,65.0
3547056,2016,54,150.0
3547056,2016,55,0.0
3547056,2016,56,160.0
3547056,2016,61,280.0
3547056,2016,62,475.0
3547056,2016,71,60.0
3547056,2016,72,230.0
3547056,2016,81,160.0
3547056,2016,91,270.0
3547064,2016,11,35.0
3547064,2016,21,10.0
3547064,2016,22,65.0
3547064,2016,23,515.0
3547064,2016,31-33,240.0
3547064,2016,41,75.0
3547064,2016,44-45,860.0
3547064,2016,48-49,130.0
3547064,2016,51,65.0
3547064,2016,52,105.0
3547064,2016,53,75.0
3547064,2016,54,455.0
3547064,2016,55,0.0
3547064,2016,56,385.0
3547064,2016,61,475.0
3547064,2016,62,830.0
3547064,2016,71,70.0
3547064,2016,72,560.0
3547064,2016,81,300.0
3547064,2016,91,750.0
3547070,2016,11,100.0
3547070,2016,21,10.0
3547070,2016,22,50.0
3547070,2016,23,220.0
3547070,2016,31-33,130.0
3547070,2016,41,25.0
3547070,2016,44-45,160.0
3547070,2016,48-49,55.0
3547070,2016,51,10.0
3547070,2016,52,45.0
3547070,2016,53,10.0
3547070,2016,54,45.0
3547070,2016,55,0.0
3547070,2016,56,55.0
3547070,2016,61,90.0
3547070,2016,62,160.0
3547070,2016,71,20.0
3547070,2016,72,110.0
3547070,2016,81,60.0
3547070,2016,91,145.0
3547075,2016,11,195.0
3547075,2016,21,35.0
3547075,2016,22,125.0
3547075,2016,23,475.0
3547075,2016,31-33,270.0
3547075,2016,41,95.0
3547075,2016,44-45,700.0
3547075,2016,48-49,120.0
3547075,2016,51,55.0
3547075,2016,52,115.0
3547075,2016,53,35.0
3547075,2016,54,385.0
3547075,2016,55,10.0
3547075,2016,56,200.0
3547075,2016,61,290.0
3547075,2016,62,715.0
3547075,2016,71,40.0
3547075,2016,72,205.0
3547075,2016,81,225.0
3547075,2016,91,595.0
3547076,2016,11,30.0
3547076,2016,21,15.0
3547076,2016,22,95.0
3547076,2016,23,345.0
3547076,2016,31-33,125.0
3547076,2016,41,45.0
3547076,2016,44-45,755.0
3547076,2016,48-49,125.0
3547076,2016,51,75.0
3547076,2016,52,70.0
3547076,2016,53,80.0
3547076,2016,54,550.0
3547076,2016,55,0.0
3547076,2016,56,330.0
3547076,2016,61,460.0
3547076,2016,62,910.0
3547076,2016,71,95.0
3547076,2016,72,470.0
3547076,2016,81,230.0
3547076,2016,91,4380.0
3547090,2016,11,25.0
3547090,2016,21,0.0
3547090,2016,22,70.0
3547090,2016,23,90.0
3547090,2016,31-33,25.0
3547090,2016,41,10.0
3547090,2016,44-45,125.0
3547090,2016,48-49,45.0
3547090,2016,51,0.0
3547090,2016,52,20.0
3547090,2016,53,10.0
3547090,2016,54,280.0
3547090,2016,55,0.0
3547090,2016,56,65.0
3547090,2016,61,20.0
3547090,2016,62,165.0
3547090,2016,71,20.0
3547090,2016,72,100.0
3547090,2016,81,30.0
3547090,2016,91,380.0
3547096,2016,11,0.0
3547096,2016,21,15.0
3547096,2016,22,50.0
3547096,2016,23,45.0
3547096,2016,31-33,35.0
3547096,2016,41,10.0
3547096,2016,44-45,185.0
3547096,2016,48-49,35.0
3547096,2016,51,35.0
3547096,2016,52,15.0
3547096,2016,53,30.0
3547096,2016,54,590.0
3547096,2016,55,0.0
3547096,2016,56,55.0
3547096,2016,61,165.0
3547096,2016,62,185.0
3547096,2016,71,15.0
3547096,2016,72,100.0
3547096,2016,81,75.0
3547096,2016,91,210.0
3547098,2016,11,10.0
3547098,2016,21,0.0
3547098,2016,22,0.0
3547098,2016,23,15.0
3547098,2016,31-33,0.0
3547098,2016,41,0.0
3547098,2016,44-45,10.0
3547098,2016,48-49,15.0
3547098,2016,51,0.0
3547098,2016,52,0.0
3547098,2016,53,0.0
3547098,2016,54,0.0
3547098,2016,55,0.0
3547098,2016,56,0.0
3547098,2016,61,0.0
3547098,2016,62,0.0
3547098,2016,71,0.0
3547098,2016,72,35.0
3547098,2016,81,0.0
3547098,2016,91,10.0
3548001,2016,11,45.0
3548001,2016,21,10.0
3548001,2016,22,0.0
3548001,2016,23,55.0
3548001,2016,31-33,60.0
3548001,2016,41,10.0
3548001,2016,44-45,35.0
3548001,2016,48-49,25.0
3548001,2016,51,0.0
3548001,2016,52,0.0
3548001,2016,53,10.0
3548001,2016,54,10.0
3548001,2016,55,0.0
3548001,2016,56,35.0
3548001,2016,61,10.0
3548001,2016,62,30.0
3548001,2016,71,0.0
3548001,2016,72,115.0
3548001,2016,81,10.0
3548001,2016,91,25.0
3548013,2016,11,30.0
3548013,2016,21,55.0
3548013,2016,22,0.0
3548013,2016,23,50.0
3548013,2016,31-33,10.0
3548013,2016,41,0.0
3548013,2016,44-45,45.0
3548013,2016,48-49,10.0
3548013,2016,51,0.0
3548013,2016,52,25.0
3548013,2016,53,10.0
3548013,2016,54,25.0
3548013,2016,55,0.0
3548013,2016,56,15.0
3548013,2016,61,45.0
3548013,2016,62,80.0
3548013,2016,71,10.0
3548013,2016,72,15.0
3548013,2016,81,40.0
3548013,2016,91,40.0
3548019,2016,11,0.0
3548019,2016,21,10.0
3548019,2016,22,0.0
3548019,2016,23,0.0
3548019,2016,31-33,0.0
3548019,2016,41,0.0
3548019,2016,44-45,15.0
3548019,2016,48-49,0.0
3548019,2016,51,0.0
3548019,2016,52,0.0
3548019,2016,53,0.0
3548019,2016,54,10.0
3548019,2016,55,0.0
3548019,2016,56,0.0
3548019,2016,61,10.0
3548019,2016,62,0.0
3548019,2016,71,0.0
3548019,2016,72,0.0
3548019,2016,81,0.0
3548019,2016,91,0.0
3548021,2016,11,15.0
3548021,2016,21,35.0
3548021,2016,22,0.0
3548021,2016,23,85.0
3548021,2016,31-33,35.0
3548021,2016,41,10.0
3548021,2016,44-45,90.0
3548021,2016,48-49,40.0
3548021,2016,51,10.0
3548021,2016,52,15.0
3548021,2016,53,10.0
3548021,2016,54,25.0
3548021,2016,55,0.0
3548021,2016,56,20.0
3548021,2016,61,45.0
3548021,2016,62,160.0
3548021,2016,71,15.0
3548021,2016,72,60.0
3548021,2016,81,50.0
3548021,2016,91,55.0
3548022,2016,11,10.0
3548022,2016,21,15.0
3548022,2016,22,0.0
3548022,2016,23,10.0
3548022,2016,31-33,15.0
3548022,2016,41,0.0
3548022,2016,44-45,20.0
3548022,2016,48-49,10.0
3548022,2016,51,0.0
3548022,2016,52,0.0
3548022,2016,53,0.0
3548022,2016,54,0.0
3548022,2016,55,0.0
3548022,2016,56,10.0
3548022,2016,61,0.0
3548022,2016,62,20.0
3548022,2016,71,0.0
3548022,2016,72,0.0
3548022,2016,81,10.0
3548022,2016,91,10.0
3548027,2016,11,25.0
3548027,2016,21,60.0
3548027,2016,22,10.0
3548027,2016,23,85.0
3548027,2016,31-33,65.0
3548027,2016,41,20.0
3548027,2016,44-45,110.0
3548027,2016,48-49,95.0
3548027,2016,51,10.0
3548027,2016,52,25.0
3548027,2016,53,10.0
3548027,2016,54,45.0
3548027,2016,55,0.0
3548027,2016,56,40.0
3548027,2016,61,55.0
3548027,2016,62,130.0
3548027,2016,71,0.0
3548027,2016,72,75.0
3548027,2016,81,50.0
3548027,2016,91,80.0
3548031,2016,11,55.0
3548031,2016,21,30.0
3548031,2016,22,10.0
3548031,2016,23,90.0
3548031,2016,31-33,25.0
3548031,2016,41,0.0
3548031,2016,44-45,50.0
3548031,2016,48-49,40.0
3548031,2016,51,10.0
3548031,2016,52,10.0
3548031,2016,53,10.0
3548031,2016,54,30.0
3548031,2016,55,0.0
3548031,2016,56,20.0
3548031,2016,61,30.0
3548031,2016,62,85.0
3548031,2016,71,0.0
3548031,2016,72,45.0
3548031,2016,81,30.0
3548031,2016,91,50.0
3548034,2016,11,15.0
3548034,2016,21,70.0
3548034,2016,22,40.0
3548034,2016,23,235.0
3548034,2016,31-33,150.0
3548034,2016,41,100.0
3548034,2016,44-45,255.0
3548034,2016,48-49,155.0
3548034,2016,51,15.0
3548034,2016,52,90.0
3548034,2016,53,30.0
3548034,2016,54,135.0
3548034,2016,55,0.0
3548034,2016,56,110.0
3548034,2016,61,240.0
3548034,2016,62,380.0
3548034,2016,71,30.0
3548034,2016,72,85.0
3548034,2016,81,120.0
3548034,2016,91,275.0
3548044,2016,11,130.0
3548044,2016,21,505.0
3548044,2016,22,220.0
3548044,2016,23,1455.0
3548044,2016,31-33,1135.0
3548044,2016,41,540.0
3548044,2016,44-45,3670.0
3548044,2016,48-49,1150.0
3548044,2016,51,330.0
3548044,2016,52,580.0
3548044,2016,53,430.0
3548044,2016,54,1225.0
3548044,2016,55,15.0
3548044,2016,56,1275.0
3548044,2016,61,2325.0
3548044,2016,62,4000.0
3548044,2016,71,510.0
3548044,2016,72,2240.0
3548044,2016,81,1060.0
3548044,2016,91,2050.0
3548055,2016,11,215.0
3548055,2016,21,205.0
3548055,2016,22,65.0
3548055,2016,23,670.0
3548055,2016,31-33,320.0
3548055,2016,41,105.0
3548055,2016,44-45,820.0
3548055,2016,48-49,290.0
3548055,2016,51,65.0
3548055,2016,52,135.0
3548055,2016,53,65.0
3548055,2016,54,120.0
3548055,2016,55,0.0
3548055,2016,56,180.0
3548055,2016,61,585.0
3548055,2016,62,1010.0
3548055,2016,71,90.0
3548055,2016,72,360.0
3548055,2016,81,210.0
3548055,2016,91,545.0
3548069,2016,11,0.0
3548069,2016,21,10.0
3548069,2016,22,10.0
3548069,2016,23,50.0
3548069,2016,31-33,10.0
3548069,2016,41,0.0
3548069,2016,44-45,35.0
3548069,2016,48-49,50.0
3548069,2016,51,0.0
3548069,2016,52,15.0
3548069,2016,53,10.0
3548069,2016,54,10.0
3548069,2016,55,0.0
3548069,2016,56,20.0
3548069,2016,61,15.0
3548069,2016,62,15.0
3548069,2016,71,10.0
3548069,2016,72,45.0
3548069,2016,81,0.0
3548069,2016,91,55.0
3548072,2016,11,10.0
3548072,2016,21,0.0
3548072,2016,22,0.0
3548072,2016,23,10.0
3548072,2016,31-33,0.0
3548072,2016,41,0.0
3548072,2016,44-45,0.0
3548072,2016,48-49,0.0
3548072,2016,51,0.0
3548072,2016,52,10.0
3548072,2016,53,10.0
3548072,2016,54,0.0
3548072,2016,55,0.0
3548072,2016,56,0.0
3548072,2016,61,10.0
3548072,2016,62,20.0
3548072,2016,71,0.0
3548072,2016,72,0.0
3548072,2016,81,0.0
3548072,2016,91,10.0
3548073,2016,11,15.0
3548073,2016,21,25.0
3548073,2016,22,15.0
3548073,2016,23,75.0
3548073,2016,31-33,30.0
3548073,2016,41,10.0
3548073,2016,44-45,90.0
3548073,2016,48-49,30.0
3548073,2016,51,10.0
3548073,2016,52,15.0
3548073,2016,53,15.0
3548073,2016,54,20.0
3548073,2016,55,0.0
3548073,2016,56,25.0
3548073,2016,61,65.0
3548073,2016,62,110.0
3548073,2016,71,15.0
3548073,2016,72,30.0
3548073,2016,81,50.0
3548073,2016,91,80.0
3548091,2016,11,0.0
3548091,2016,21,0.0
3548091,2016,22,0.0
3548091,2016,23,0.0
3548091,2016,31-33,0.0
3548091,2016,41,0.0
3548091,2016,44-45,10.0
3548091,2016,48-49,10.0
3548091,2016,51,0.0
3548091,2016,52,0.0
3548091,2016,53,0.0
3548091,2016,54,0.0
3548091,2016,55,0.0
3548091,2016,56,0.0
3548091,2016,61,0.0
3548091,2016,62,10.0
3548091,2016,71,0.0
3548091,2016,72,10.0
3548091,2016,81,0.0
3548091,2016,91,0.0
3548094,2016,11,0.0
3548094,2016,21,20.0
3548094,2016,22,0.0
3548094,2016,23,105.0
3548094,2016,31-33,125.0
3548094,2016,41,35.0
3548094,2016,44-45,135.0
3548094,2016,48-49,60.0
3548094,2016,51,10.0
3548094,2016,52,0.0
3548094,2016,53,10.0
3548094,2016,54,25.0
3548094,2016,55,0.0
3548094,2016,56,25.0
3548094,2016,61,45.0
3548094,2016,62,125.0
3548094,2016,71,20.0
3548094,2016,72,25.0
3548094,2016,81,40.0
3548094,2016,91,45.0
3549003,2016,11,0.0
3549003,2016,21,10.0
3549003,2016,22,10.0
3549003,2016,23,370.0
3549003,2016,31-33,145.0
3549003,2016,41,50.0
3549003,2016,44-45,295.0
3549003,2016,48-49,65.0
3549003,2016,51,25.0
3549003,2016,52,55.0
3549003,2016,53,90.0
3549003,2016,54,145.0
3549003,2016,55,0.0
3549003,2016,56,90.0
3549003,2016,61,105.0
3549003,2016,62,280.0
3549003,2016,71,95.0
3549003,2016,72,160.0
3549003,2016,81,85.0
3549003,2016,91,145.0
3549005,2016,11,10.0
3549005,2016,21,0.0
3549005,2016,22,0.0
3549005,2016,23,40.0
3549005,2016,31-33,15.0
3549005,2016,41,0.0
3549005,2016,44-45,25.0
3549005,2016,48-49,15.0
3549005,2016,51,0.0
3549005,2016,52,10.0
3549005,2016,53,10.0
3549005,2016,54,0.0
3549005,2016,55,0.0
3549005,2016,56,20.0
3549005,2016,61,0.0
3549005,2016,62,10.0
3549005,2016,71,35.0
3549005,2016,72,15.0
3549005,2016,81,0.0
3549005,2016,91,10.0
3549012,2016,11,0.0
3549012,2016,21,0.0
3549012,2016,22,0.0
3549012,2016,23,50.0
3549012,2016,31-33,45.0
3549012,2016,41,0.0
3549012,2016,44-45,30.0
3549012,2016,48-49,35.0
3549012,2016,51,0.0
3549012,2016,52,15.0
3549012,2016,53,10.0
3549012,2016,54,30.0
3549012,2016,55,0.0
3549012,2016,56,15.0
3549012,2016,61,15.0
3549012,2016,62,30.0
3549012,2016,71,0.0
3549012,2016,72,25.0
3549012,2016,81,20.0
3549012,2016,91,10.0
3549014,2016,11,30.0
3549014,2016,21,10.0
3549014,2016,22,30.0
3549014,2016,23,180.0
3549014,2016,31-33,125.0
3549014,2016,41,40.0
3549014,2016,44-45,220.0
3549014,2016,48-49,45.0
3549014,2016,51,10.0
3549014,2016,52,15.0
3549014,2016,53,30.0
3549014,2016,54,65.0
3549014,2016,55,0.0
3549014,2016,56,65.0
3549014,2016,61,40.0
3549014,2016,62,115.0
3549014,2016,71,10.0
3549014,2016,72,80.0
3549014,2016,81,45.0
3549014,2016,91,45.0
3549018,2016,11,0.0
3549018,2016,21,0.0
3549018,2016,22,0.0
3549018,2016,23,45.0
3549018,2016,31-33,25.0
3549018,2016,41,10.0
3549018,2016,44-45,55.0
3549018,2016,48-49,15.0
3549018,2016,51,10.0
3549018,2016,52,0.0
3549018,2016,53,0.0
3549018,2016,54,30.0
3549018,2016,55,0.0
3549018,2016,56,25.0
3549018,2016,61,20.0
3549018,2016,62,40.0
3549018,2016,71,0.0
3549018,2016,72,45.0
3549018,2016,81,10.0
3549018,2016,91,30.0
3549019,2016,11,10.0
3549019,2016,21,0.0
3549019,2016,22,0.0
3549019,2016,23,130.0
3549019,2016,31-33,35.0
3549019,2016,41,10.0
3549019,2016,44-45,60.0
3549019,2016,48-49,50.0
3549019,2016,51,0.0
3549019,2016,52,10.0
3549019,2016,53,15.0
3549019,2016,54,30.0
3549019,2016,55,0.0
3549019,2016,56,20.0
3549019,2016,61,50.0
3549019,2016,62,65.0
3549019,2016,71,0.0
3549019,2016,72,35.0
3549019,2016,81,45.0
3549019,2016,91,20.0
3549022,2016,11,0.0
3549022,2016,21,10.0
3549022,2016,22,0.0
3549022,2016,23,65.0
3549022,2016,31-33,40.0
3549022,2016,41,25.0
3549022,2016,44-45,50.0
3549022,2016,48-49,15.0
3549022,2016,51,0.0
3549022,2016,52,0.0
3549022,2016,53,0.0
3549022,2016,54,15.0
3549022,2016,55,0.0
3549022,2016,56,15.0
3549022,2016,61,15.0
3549022,2016,62,55.0
3549022,2016,71,0.0
3549022,2016,72,60.0
3549022,2016,81,15.0
3549022,2016,91,15.0
3549024,2016,11,20.0
3549024,2016,21,0.0
3549024,2016,22,0.0
3549024,2016,23,60.0
3549024,2016,31-33,40.0
3549024,2016,41,0.0
3549024,2016,44-45,65.0
3549024,2016,48-49,15.0
3549024,2016,51,15.0
3549024,2016,52,0.0
3549024,2016,53,10.0
3549024,2016,54,20.0
3549024,2016,55,0.0
3549024,2016,56,10.0
3549024,2016,61,15.0
3549024,2016,62,40.0
3549024,2016,71,10.0
3549024,2016,72,20.0
3549024,2016,81,15.0
3549024,2016,91,0.0
3549028,2016,11,20.0
3549028,2016,21,10.0
3549028,2016,22,10.0
3549028,2016,23,65.0
3549028,2016,31-33,35.0
3549028,2016,41,10.0
3549028,2016,44-45,95.0
3549028,2016,48-49,10.0
3549028,2016,51,10.0
3549028,2016,52,15.0
3549028,2016,53,0.0
3549028,2016,54,15.0
3549028,2016,55,0.0
3549028,2016,56,20.0
3549028,2016,61,30.0
3549028,2016,62,60.0
3549028,2016,71,30.0
3549028,2016,72,0.0
3549028,2016,81,25.0
3549028,2016,91,40.0
3549031,2016,11,20.0
3549031,2016,21,10.0
3549031,2016,22,15.0
3549031,2016,23,235.0
3549031,2016,31-33,75.0
3549031,2016,41,10.0
3549031,2016,44-45,150.0
3549031,2016,48-49,65.0
3549031,2016,51,15.0
3549031,2016,52,15.0
3549031,2016,53,15.0
3549031,2016,54,85.0
3549031,2016,55,0.0
3549031,2016,56,35.0
3549031,2016,61,105.0
3549031,2016,62,270.0
3549031,2016,71,60.0
3549031,2016,72,70.0
3549031,2016,81,80.0
3549031,2016,91,100.0
3549032,2016,11,30.0
3549032,2016,21,10.0
3549032,2016,22,10.0
3549032,2016,23,370.0
3549032,2016,31-33,175.0
3549032,2016,41,35.0
3549032,2016,44-45,540.0
3549032,2016,48-49,75.0
3549032,2016,51,40.0
3549032,2016,52,65.0
3549032,2016,53,45.0
3549032,2016,54,70.0
3549032,2016,55,0.0
3549032,2016,56,140.0
3549032,2016,61,220.0
3549032,2016,62,545.0
3549032,2016,71,50.0
3549032,2016,72,325.0
3549032,2016,81,145.0
3549032,2016,91,150.0
3549036,2016,11,0.0
3549036,2016,21,10.0
3549036,2016,22,15.0
3549036,2016,23,90.0
3549036,2016,31-33,15.0
3549036,2016,41,0.0
3549036,2016,44-45,80.0
3549036,2016,48-49,20.0
3549036,2016,51,15.0
3549036,2016,52,10.0
3549036,2016,53,10.0
3549036,2016,54,35.0
3549036,2016,55,0.0
3549036,2016,56,15.0
3549036,2016,61,30.0
3549036,2016,62,80.0
3549036,2016,71,10.0
3549036,2016,72,35.0
3549036,2016,81,30.0
3549036,2016,91,75.0
3549039,2016,11,10.0
3549039,2016,21,0.0
3549039,2016,22,0.0
3549039,2016,23,50.0
3549039,2016,31-33,25.0
3549039,2016,41,15.0
3549039,2016,44-45,40.0
3549039,2016,48-49,25.0
3549039,2016,51,0.0
3549039,2016,52,0.0
3549039,2016,53,0.0
3549039,2016,54,15.0
3549039,2016,55,0.0
3549039,2016,56,15.0
3549039,2016,61,0.0
3549039,2016,62,80.0
3549039,2016,71,10.0
3549039,2016,72,40.0
3549039,2016,81,15.0
3549039,2016,91,25.0
3549043,2016,11,20.0
3549043,2016,21,0.0
3549043,2016,22,10.0
3549043,2016,23,105.0
3549043,2016,31-33,70.0
3549043,2016,41,10.0
3549043,2016,44-45,60.0
3549043,2016,48-49,25.0
3549043,2016,51,0.0
3549043,2016,52,10.0
3549043,2016,53,15.0
3549043,2016,54,20.0
3549043,2016,55,0.0
3549043,2016,56,40.0
3549043,2016,61,20.0
3549043,2016,62,55.0
3549043,2016,71,10.0
3549043,2016,72,60.0
3549043,2016,81,40.0
3549043,2016,91,30.0
3549046,2016,11,30.0
3549046,2016,21,0.0
3549046,2016,22,15.0
3549046,2016,23,90.0
3549046,2016,31-33,65.0
3549046,2016,41,0.0
3549046,2016,44-45,110.0
3549046,2016,48-49,30.0
3549046,2016,51,0.0
3549046,2016,52,20.0
3549046,2016,53,10.0
3549046,2016,54,15.0
3549046,2016,55,0.0
3549046,2016,56,30.0
3549046,2016,61,40.0
3549046,2016,62,95.0
3549046,2016,71,15.0
3549046,2016,72,20.0
3549046,2016,81,45.0
3549046,2016,91,40.0
3549048,2016,11,10.0
3549048,2016,21,0.0
3549048,2016,22,0.0
3549048,2016,23,15.0
3549048,2016,31-33,15.0
3549048,2016,41,10.0
3549048,2016,44-45,105.0
3549048,2016,48-49,0.0
3549048,2016,51,0.0
3549048,2016,52,0.0
3549048,2016,53,10.0
3549048,2016,54,20.0
3549048,2016,55,0.0
3549048,2016,56,15.0
3549048,2016,61,25.0
3549048,2016,62,50.0
3549048,2016,71,0.0
3549048,2016,72,45.0
3549048,2016,81,10.0
3549048,2016,91,15.0
3549051,2016,11,0.0
3549051,2016,21,0.0
3549051,2016,22,0.0
3549051,2016,23,20.0
3549051,2016,31-33,15.0
3549051,2016,41,10.0
3549051,2016,44-45,0.0
3549051,2016,48-49,0.0
3549051,2016,51,0.0
3549051,2016,52,0.0
3549051,2016,53,0.0
3549051,2016,54,10.0
3549051,2016,55,0.0
3549051,2016,56,10.0
3549051,2016,61,15.0
3549051,2016,62,10.0
3549051,2016,71,10.0
3549051,2016,72,20.0
3549051,2016,81,10.0
3549051,2016,91,10.0
3549054,2016,11,0.0
3549054,2016,21,10.0
3549054,2016,22,10.0
3549054,2016,23,35.0
3549054,2016,31-33,40.0
3549054,2016,41,30.0
3549054,2016,44-45,90.0
3549054,2016,48-49,35.0
3549054,2016,51,0.0
3549054,2016,52,0.0
3549054,2016,53,0.0
3549054,2016,54,0.0
3549054,2016,55,0.0
3549054,2016,56,0.0
3549054,2016,61,20.0
3549054,2016,62,20.0
3549054,2016,71,0.0
3549054,2016,72,25.0
3549054,2016,81,10.0
3549054,2016,91,30.0
3549056,2016,11,0.0
3549056,2016,21,0.0
3549056,2016,22,0.0
3549056,2016,23,40.0
3549056,2016,31-33,75.0
3549056,2016,41,0.0
3549056,2016,44-45,65.0
3549056,2016,48-49,15.0
3549056,2016,51,10.0
3549056,2016,52,0.0
3549056,2016,53,0.0
3549056,2016,54,20.0
3549056,2016,55,0.0
3549056,2016,56,25.0
3549056,2016,61,30.0
3549056,2016,62,70.0
3549056,2016,71,10.0
3549056,2016,72,60.0
3549056,2016,81,10.0
3549056,2016,91,25.0
3549060,2016,11,50.0
3549060,2016,21,60.0
3549060,2016,22,25.0
3549060,2016,23,165.0
3549060,2016,31-33,95.0
3549060,2016,41,55.0
3549060,2016,44-45,155.0
3549060,2016,48-49,90.0
3549060,2016,51,10.0
3549060,2016,52,40.0
3549060,2016,53,20.0
3549060,2016,54,50.0
3549060,2016,55,0.0
3549060,2016,56,50.0
3549060,2016,61,120.0
3549060,2016,62,345.0
3549060,2016,71,30.0
3549060,2016,72,50.0
3549060,2016,81,65.0
3549060,2016,91,120.0
3549066,2016,11,20.0
3549066,2016,21,40.0
3549066,2016,22,55.0
3549066,2016,23,195.0
3549066,2016,31-33,120.0
3549066,2016,41,55.0
3549066,2016,44-45,230.0
3549066,2016,48-49,140.0
3549066,2016,51,55.0
3549066,2016,52,65.0
3549066,2016,53,40.0
3549066,2016,54,85.0
3549066,2016,55,0.0
3549066,2016,56,45.0
3549066,2016,61,180.0
3549066,2016,62,260.0
3549066,2016,71,45.0
3549066,2016,72,75.0
3549066,2016,81,130.0
3549066,2016,91,200.0
3549071,2016,11,25.0
3549071,2016,21,20.0
3549071,2016,22,25.0
3549071,2016,23,95.0
3549071,2016,31-33,35.0
3549071,2016,41,25.0
3549071,2016,44-45,85.0
3549071,2016,48-49,50.0
3549071,2016,51,15.0
3549071,2016,52,15.0
3549071,2016,53,15.0
3549071,2016,54,55.0
3549071,2016,55,0.0
3549071,2016,56,30.0
3549071,2016,61,40.0
3549071,2016,62,80.0
3549071,2016,71,10.0
3549071,2016,72,25.0
3549071,2016,81,35.0
3549071,2016,91,70.0
3549072,2016,11,0.0
3549072,2016,21,0.0
3549072,2016,22,0.0
3549072,2016,23,15.0
3549072,2016,31-33,0.0
3549072,2016,41,0.0
3549072,2016,44-45,10.0
3549072,2016,48-49,0.0
3549072,2016,51,10.0
3549072,2016,52,0.0
3549072,2016,53,0.0
3549072,2016,54,0.0
3549072,2016,55,0.0
3549072,2016,56,0.0
3549072,2016,61,10.0
3549072,2016,62,10.0
3549072,2016,71,10.0
3549072,2016,72,0.0
3549072,2016,81,10.0
3549072,2016,91,20.0
3549073,2016,11,10.0
3549073,2016,21,0.0
3549073,2016,22,10.0
3549073,2016,23,15.0
3549073,2016,31-33,10.0
3549073,2016,41,0.0
3549073,2016,44-45,15.0
3549073,2016,48-49,0.0
3549073,2016,51,0.0
3549073,2016,52,0.0
3549073,2016,53,0.0
3549073,2016,54,10.0
3549073,2016,55,0.0
3549073,2016,56,0.0
3549073,2016,61,10.0
3549073,2016,62,25.0
3549073,2016,71,0.0
3549073,2016,72,0.0
3549073,2016,81,10.0
3549073,2016,91,35.0
3549076,2016,11,0.0
3549076,2016,21,0.0
3549076,2016,22,10.0
3549076,2016,23,10.0
3549076,2016,31-33,0.0
3549076,2016,41,0.0
3549076,2016,44-45,10.0
3549076,2016,48-49,0.0
3549076,2016,51,0.0
3549076,2016,52,0.0
3549076,2016,53,10.0
3549076,2016,54,0.0
3549076,2016,55,0.0
3549076,2016,56,0.0
3549076,2016,61,0.0
3549076,2016,62,0.0
3549076,2016,71,0.0
3549076,2016,72,0.0
3549076,2016,81,0.0
3549076,2016,91,10.0
3549077,2016,11,0.0
3549077,2016,21,10.0
3549077,2016,22,10.0
3549077,2016,23,30.0
3549077,2016,31-33,0.0
3549077,2016,41,0.0
3549077,2016,44-45,0.0
3549077,2016,48-49,10.0
3549077,2016,51,0.0
3549077,2016,52,10.0
3549077,2016,53,10.0
3549077,2016,54,0.0
3549077,2016,55,0.0
3549077,2016,56,0.0
3549077,2016,61,25.0
3549077,2016,62,20.0
3549077,2016,71,0.0
3549077,2016,72,10.0
3549077,2016,81,0.0
3549077,2016,91,30.0
3549078,2016,11,0.0
3549078,2016,21,0.0
3549078,2016,22,0.0
3549078,2016,23,10.0
3549078,2016,31-33,0.0
3549078,2016,41,0.0
3549078,2016,44-45,10.0
3549078,2016,48-49,0.0
3549078,2016,51,0.0
3549078,2016,52,0.0
3549078,2016,53,0.0
3549078,2016,54,0.0
3549078,2016,55,0.0
3549078,2016,56,0.0
3549078,2016,61,0.0
3549078,2016,62,0.0
3549078,2016,71,0.0
3549078,2016,72,0.0
3549078,2016,81,0.0
3549078,2016,91,10.0
3549095,2016,11,0.0
3549095,2016,21,0.0
3549095,2016,22,0.0
3549095,2016,23,25.0
3549095,2016,31-33,20.0
3549095,2016,41,0.0
3549095,2016,44-45,10.0
3549095,2016,48-49,0.0
3549095,2016,51,0.0
3549095,2016,52,0.0
3549095,2016,53,0.0
3549095,2016,54,0.0
3549095,2016,55,0.0
3549095,2016,56,15.0
3549095,2016,61,10.0
3549095,2016,62,10.0
3549095,2016,71,0.0
3549095,2016,72,0.0
3549095,2016,81,10.0
3549095,2016,91,10.0
3549096,2016,11,15.0
3549096,2016,21,25.0
3549096,2016,22,10.0
3549096,2016,23,95.0
3549096,2016,31-33,45.0
3549096,2016,41,20.0
3549096,2016,44-45,70.0
3549096,2016,48-49,60.0
3549096,2016,51,0.0
3549096,2016,52,0.0
3549096,2016,53,10.0
3549096,2016,54,15.0
3549096,2016,55,0.0
3549096,2016,56,55.0
3549096,2016,61,60.0
3549096,2016,62,75.0
3549096,2016,71,25.0
3549096,2016,72,30.0
3549096,2016,81,45.0
3549096,2016,91,60.0
3551001,2016,11,20.0
3551001,2016,21,0.0
3551001,2016,22,10.0
3551001,2016,23,20.0
3551001,2016,31-33,0.0
3551001,2016,41,15.0
3551001,2016,44-45,20.0
3551001,2016,48-49,15.0
3551001,2016,51,0.0
3551001,2016,52,0.0
3551001,2016,53,0.0
3551001,2016,54,15.0
3551001,2016,55,0.0
3551001,2016,56,0.0
3551001,2016,61,10.0
3551001,2016,62,20.0
3551001,2016,71,0.0
3551001,2016,72,35.0
3551001,2016,81,15.0
3551001,2016,91,10.0
3551006,2016,11,95.0
3551006,2016,21,10.0
3551006,2016,22,0.0
3551006,2016,23,80.0
3551006,2016,31-33,45.0
3551006,2016,41,15.0
3551006,2016,44-45,135.0
3551006,2016,48-49,100.0
3551006,2016,51,10.0
3551006,2016,52,25.0
3551006,2016,53,10.0
3551006,2016,54,30.0
3551006,2016,55,0.0
3551006,2016,56,35.0
3551006,2016,61,75.0
3551006,2016,62,150.0
3551006,2016,71,0.0
3551006,2016,72,60.0
3551006,2016,81,55.0
3551006,2016,91,55.0
3551011,2016,11,20.0
3551011,2016,21,10.0
3551011,2016,22,0.0
3551011,2016,23,35.0
3551011,2016,31-33,10.0
3551011,2016,41,25.0
3551011,2016,44-45,75.0
3551011,2016,48-49,25.0
3551011,2016,51,10.0
3551011,2016,52,10.0
3551011,2016,53,10.0
3551011,2016,54,10.0
3551011,2016,55,0.0
3551011,2016,56,20.0
3551011,2016,61,50.0
3551011,2016,62,90.0
3551011,2016,71,0.0
3551011,2016,72,35.0
3551011,2016,81,35.0
3551011,2016,91,30.0
3551017,2016,11,50.0
3551017,2016,21,10.0
3551017,2016,22,30.0
3551017,2016,23,105.0
3551017,2016,31-33,55.0
3551017,2016,41,15.0
3551017,2016,44-45,150.0
3551017,2016,48-49,35.0
3551017,2016,51,30.0
3551017,2016,52,40.0
3551017,2016,53,25.0
3551017,2016,54,70.0
3551017,2016,55,0.0
3551017,2016,56,45.0
3551017,2016,61,70.0
3551017,2016,62,260.0
3551017,2016,71,20.0
3551017,2016,72,70.0
3551017,2016,81,55.0
3551017,2016,91,35.0
3551021,2016,11,35.0
3551021,2016,21,0.0
3551021,2016,22,10.0
3551021,2016,23,15.0
3551021,2016,31-33,15.0
3551021,2016,41,0.0
3551021,2016,44-45,30.0
3551021,2016,48-49,20.0
3551021,2016,51,10.0
3551021,2016,52,10.0
3551021,2016,53,0.0
3551021,2016,54,35.0
3551021,2016,55,0.0
3551021,2016,56,0.0
3551021,2016,61,20.0
3551021,2016,62,30.0
3551021,2016,71,0.0
3551021,2016,72,10.0
3551021,2016,81,15.0
3551021,2016,91,25.0
3551026,2016,11,10.0
3551026,2016,21,0.0
3551026,2016,22,0.0
3551026,2016,23,20.0
3551026,2016,31-33,25.0
3551026,2016,41,10.0
3551026,2016,44-45,15.0
3551026,2016,48-49,85.0
3551026,2016,51,0.0
3551026,2016,52,0.0
3551026,2016,53,10.0
3551026,2016,54,25.0
3551026,2016,55,0.0
3551026,2016,56,20.0
3551026,2016,61,10.0
3551026,2016,62,40.0
3551026,2016,71,10.0
3551026,2016,72,35.0
3551026,2016,81,30.0
3551026,2016,91,15.0
3551027,2016,11,35.0
3551027,2016,21,10.0
3551027,2016,22,0.0
3551027,2016,23,35.0
3551027,2016,31-33,0.0
3551027,2016,41,0.0
3551027,2016,44-45,25.0
3551027,2016,48-49,30.0
3551027,2016,51,0.0
3551027,2016,52,10.0
3551027,2016,53,0.0
3551027,2016,54,20.0
3551027,2016,55,0.0
3551027,2016,56,0.0
3551027,2016,61,0.0
3551027,2016,62,10.0
3551027,2016,71,15.0
3551027,2016,72,10.0
3551027,2016,81,0.0
3551027,2016,91,0.0
3551028,2016,11,25.0
3551028,2016,21,10.0
3551028,2016,22,10.0
3551028,2016,23,40.0
3551028,2016,31-33,0.0
3551028,2016,41,0.0
3551028,2016,44-45,10.0
3551028,2016,48-49,25.0
3551028,2016,51,0.0
3551028,2016,52,10.0
3551028,2016,53,0.0
3551028,2016,54,10.0
3551028,2016,55,0.0
3551028,2016,56,10.0
3551028,2016,61,0.0
3551028,2016,62,25.0
3551028,2016,71,10.0
3551028,2016,72,0.0
3551028,2016,81,0.0
3551028,2016,91,15.0
3551040,2016,11,0.0
3551040,2016,21,0.0
3551040,2016,22,10.0
3551040,2016,23,20.0
3551040,2016,31-33,10.0
3551040,2016,41,10.0
3551040,2016,44-45,15.0
3551040,2016,48-49,0.0
3551040,2016,51,0.0
3551040,2016,52,0.0
3551040,2016,53,0.0
3551040,2016,54,0.0
3551040,2016,55,0.0
3551040,2016,56,10.0
3551040,2016,61,15.0
3551040,2016,62,35.0
3551040,2016,71,10.0
3551040,2016,72,10.0
3551040,2016,81,0.0
3551040,2016,91,40.0
3551041,2016,11,0.0
3551041,2016,21,0.0
3551041,2016,22,0.0
3551041,2016,23,15.0
3551041,2016,31-33,10.0
3551041,2016,41,0.0
3551041,2016,44-45,15.0
3551041,2016,48-49,0.0
3551041,2016,51,0.0
3551041,2016,52,0.0
3551041,2016,53,0.0
3551041,2016,54,0.0
3551041,2016,55,0.0
3551041,2016,56,10.0
3551041,2016,61,0.0
3551041,2016,62,30.0
3551041,2016,71,0.0
3551041,2016,72,10.0
3551041,2016,81,10.0
3551041,2016,91,20.0
3551042,2016,11,0.0
3551042,2016,21,0.0
3551042,2016,22,10.0
3551042,2016,23,10.0
3551042,2016,31-33,0.0
3551042,2016,41,0.0
3551042,2016,44-45,10.0
3551042,2016,48-49,0.0
3551042,2016,51,0.0
3551042,2016,52,0.0
3551042,2016,53,0.0
3551042,2016,54,0.0
3551042,2016,55,0.0
3551042,2016,56,0.0
3551042,2016,61,0.0
3551042,2016,62,10.0
3551042,2016,71,0.0
3551042,2016,72,0.0
3551042,2016,81,0.0
3551042,2016,91,20.0
3551043,2016,11,30.0
3551043,2016,21,10.0
3551043,2016,22,0.0
3551043,2016,23,65.0
3551043,2016,31-33,15.0
3551043,2016,41,0.0
3551043,2016,44-45,65.0
3551043,2016,48-49,20.0
3551043,2016,51,0.0
3551043,2016,52,10.0
3551043,2016,53,15.0
3551043,2016,54,20.0
3551043,2016,55,0.0
3551043,2016,56,25.0
3551043,2016,61,100.0
3551043,2016,62,245.0
3551043,2016,71,50.0
3551043,2016,72,35.0
3551043,2016,81,30.0
3551043,2016,91,85.0
3551044,2016,11,0.0
3551044,2016,21,0.0
3551044,2016,22,0.0
3551044,2016,23,10.0
3551044,2016,31-33,0.0
3551044,2016,41,0.0
3551044,2016,44-45,10.0
3551044,2016,48-49,10.0
3551044,2016,51,0.0
3551044,2016,52,0.0
3551044,2016,53,0.0
3551044,2016,54,0.0
3551044,2016,55,0.0
3551044,2016,56,10.0
3551044,2016,61,0.0
3551044,2016,62,10.0
3551044,2016,71,0.0
3551044,2016,72,10.0
3551044,2016,81,0.0
3551044,2016,91,15.0
3551045,2016,11,10.0
3551045,2016,21,0.0
3551045,2016,22,0.0
3551045,2016,23,35.0
3551045,2016,31-33,10.0
3551045,2016,41,0.0
3551045,2016,44-45,40.0
3551045,2016,48-49,20.0
3551045,2016,51,10.0
3551045,2016,52,0.0
3551045,2016,53,0.0
3551045,2016,54,10.0
3551045,2016,55,0.0
3551045,2016,56,10.0
3551045,2016,61,50.0
3551045,2016,62,70.0
3551045,2016,71,15.0
3551045,2016,72,25.0
3551045,2016,81,0.0
3551045,2016,91,55.0
3551094,2016,11,0.0
3551094,2016,21,10.0
3551094,2016,22,0.0
3551094,2016,23,0.0
3551094,2016,31-33,0.0
3551094,2016,41,0.0
3551094,2016,44-45,10.0
3551094,2016,48-49,0.0
3551094,2016,51,0.0
3551094,2016,52,0.0
3551094,2016,53,0.0
3551094,2016,54,0.0
3551094,2016,55,0.0
3551094,2016,56,0.0
3551094,2016,61,0.0
3551094,2016,62,10.0
3551094,2016,71,0.0
3551094,2016,72,10.0
3551094,2016,81,0.0
3551094,2016,91,0.0
3551100,2016,11,0.0
3551100,2016,21,0.0
3551100,2016,22,10.0
3551100,2016,23,0.0
3551100,2016,31-33,0.0
3551100,2016,41,0.0
3551100,2016,44-45,0.0
3551100,2016,48-49,0.0
3551100,2016,51,0.0
3551100,2016,52,0.0
3551100,2016,53,0.0
3551100,2016,54,0.0
3551100,2016,55,0.0
3551100,2016,56,0.0
3551100,2016,61,0.0
3551100,2016,62,0.0
3551100,2016,71,0.0
3551100,2016,72,0.0
3551100,2016,81,0.0
3551100,2016,91,10.0
3552001,2016,11,30.0
3552001,2016,21,60.0
3552001,2016,22,0.0
3552001,2016,23,205.0
3552001,2016,31-33,85.0
3552001,2016,41,10.0
3552001,2016,44-45,125.0
3552001,2016,48-49,55.0
3552001,2016,51,0.0
3552001,2016,52,35.0
3552001,2016,53,15.0
3552001,2016,54,20.0
3552001,2016,55,0.0
3552001,2016,56,10.0
3552001,2016,61,60.0
3552001,2016,62,115.0
3552001,2016,71,10.0
3552001,2016,72,110.0
3552001,2016,81,25.0
3552001,2016,91,105.0
3552004,2016,11,25.0
3552004,2016,21,30.0
3552004,2016,22,0.0
3552004,2016,23,70.0
3552004,2016,31-33,55.0
3552004,2016,41,15.0
3552004,2016,44-45,65.0
3552004,2016,48-49,35.0
3552004,2016,51,10.0
3552004,2016,52,20.0
3552004,2016,53,15.0
3552004,2016,54,35.0
3552004,2016,55,0.0
3552004,2016,56,10.0
3552004,2016,61,45.0
3552004,2016,62,50.0
3552004,2016,71,0.0
3552004,2016,72,35.0
3552004,2016,81,30.0
3552004,2016,91,45.0
3552013,2016,11,35.0
3552013,2016,21,75.0
3552013,2016,22,20.0
3552013,2016,23,175.0
3552013,2016,31-33,75.0
3552013,2016,41,50.0
3552013,2016,44-45,150.0
3552013,2016,48-49,110.0
3552013,2016,51,20.0
3552013,2016,52,15.0
3552013,2016,53,10.0
3552013,2016,54,35.0
3552013,2016,55,0.0
3552013,2016,56,40.0
3552013,2016,61,85.0
3552013,2016,62,160.0
3552013,2016,71,10.0
3552013,2016,72,105.0
3552013,2016,81,45.0
3552013,2016,91,95.0
3552023,2016,11,180.0
3552023,2016,21,125.0
3552023,2016,22,10.0
3552023,2016,23,115.0
3552023,2016,31-33,170.0
3552023,2016,41,40.0
3552023,2016,44-45,180.0
3552023,2016,48-49,90.0
3552023,2016,51,30.0
3552023,2016,52,10.0
3552023,2016,53,20.0
3552023,2016,54,40.0
3552023,2016,55,0.0
3552023,2016,56,20.0
3552023,2016,61,60.0
3552023,2016,62,170.0
3552023,2016,71,25.0
3552023,2016,72,150.0
3552023,2016,81,40.0
3552023,2016,91,55.0
3552026,2016,11,25.0
3552026,2016,21,65.0
3552026,2016,22,30.0
3552026,2016,23,145.0
3552026,2016,31-33,445.0
3552026,2016,41,35.0
3552026,2016,44-45,310.0
3552026,2016,48-49,75.0
3552026,2016,51,0.0
3552026,2016,52,55.0
3552026,2016,53,30.0
3552026,2016,54,105.0
3552026,2016,55,0.0
3552026,2016,56,45.0
3552026,2016,61,155.0
3552026,2016,62,305.0
3552026,2016,71,40.0
3552026,2016,72,235.0
3552026,2016,81,80.0
3552026,2016,91,95.0
3552028,2016,11,0.0
3552028,2016,21,15.0
3552028,2016,22,0.0
3552028,2016,23,10.0
3552028,2016,31-33,45.0
3552028,2016,41,10.0
3552028,2016,44-45,40.0
3552028,2016,48-49,25.0
3552028,2016,51,0.0
3552028,2016,52,0.0
3552028,2016,53,0.0
3552028,2016,54,0.0
3552028,2016,55,0.0
3552028,2016,56,10.0
3552028,2016,61,25.0
3552028,2016,62,40.0
3552028,2016,71,0.0
3552028,2016,72,55.0
3552028,2016,81,15.0
3552028,2016,91,20.0
3552031,2016,11,10.0
3552031,2016,21,10.0
3552031,2016,22,15.0
3552031,2016,23,15.0
3552031,2016,31-33,0.0
3552031,2016,41,10.0
3552031,2016,44-45,10.0
3552031,2016,48-49,45.0
3552031,2016,51,0.0
3552031,2016,52,0.0
3552031,2016,53,0.0
3552031,2016,54,10.0
3552031,2016,55,0.0
3552031,2016,56,0.0
3552031,2016,61,15.0
3552031,2016,62,25.0
3552031,2016,71,0.0
3552031,2016,72,10.0
3552031,2016,81,0.0
3552031,2016,91,15.0
3552036,2016,11,0.0
3552036,2016,21,0.0
3552036,2016,22,0.0
3552036,2016,23,20.0
3552036,2016,31-33,15.0
3552036,2016,41,0.0
3552036,2016,44-45,20.0
3552036,2016,48-49,10.0
3552036,2016,51,0.0
3552036,2016,52,0.0
3552036,2016,53,0.0
3552036,2016,54,0.0
3552036,2016,55,0.0
3552036,2016,56,15.0
3552036,2016,61,0.0
3552036,2016,62,10.0
3552036,2016,71,10.0
3552036,2016,72,40.0
3552036,2016,81,0.0
3552036,2016,91,0.0
3552051,2016,11,10.0
3552051,2016,21,10.0
3552051,2016,22,0.0
3552051,2016,23,10.0
3552051,2016,31-33,0.0
3552051,2016,41,0.0
3552051,2016,44-45,35.0
3552051,2016,48-49,15.0
3552051,2016,51,0.0
3552051,2016,52,0.0
3552051,2016,53,0.0
3552051,2016,54,0.0
3552051,2016,55,0.0
3552051,2016,56,10.0
3552051,2016,61,10.0
3552051,2016,62,30.0
3552051,2016,71,0.0
3552051,2016,72,0.0
3552051,2016,81,10.0
3552051,2016,91,30.0
3552052,2016,11,10.0
3552052,2016,21,10.0
3552052,2016,22,10.0
3552052,2016,23,10.0
3552052,2016,31-33,0.0
3552052,2016,41,0.0
3552052,2016,44-45,10.0
3552052,2016,48-49,0.0
3552052,2016,51,10.0
3552052,2016,52,0.0
3552052,2016,53,0.0
3552052,2016,54,0.0
3552052,2016,55,0.0
3552052,2016,56,0.0
3552052,2016,61,10.0
3552052,2016,62,10.0
3552052,2016,71,0.0
3552052,2016,72,10.0
3552052,2016,81,0.0
3552052,2016,91,20.0
3552054,2016,11,0.0
3552054,2016,21,10.0
3552054,2016,22,0.0
3552054,2016,23,0.0
3552054,2016,31-33,0.0
3552054,2016,41,0.0
3552054,2016,44-45,0.0
3552054,2016,48-49,10.0
3552054,2016,51,0.0
3552054,2016,52,0.0
3552054,2016,53,0.0
3552054,2016,54,0.0
3552054,2016,55,0.0
3552054,2016,56,0.0
3552054,2016,61,0.0
3552054,2016,62,10.0
3552054,2016,71,0.0
3552054,2016,72,0.0
3552054,2016,81,0.0
3552054,2016,91,10.0
3552092,2016,11,85.0
3552092,2016,21,15.0
3552092,2016,22,15.0
3552092,2016,23,45.0
3552092,2016,31-33,115.0
3552092,2016,41,0.0
3552092,2016,44-45,100.0
3552092,2016,48-49,135.0
3552092,2016,51,15.0
3552092,2016,52,10.0
3552092,2016,53,10.0
3552092,2016,54,15.0
3552092,2016,55,0.0
3552092,2016,56,25.0
3552092,2016,61,95.0
3552092,2016,62,125.0
3552092,2016,71,10.0
3552092,2016,72,60.0
3552092,2016,81,35.0
3552092,2016,91,95.0
3552093,2016,11,35.0
3552093,2016,21,95.0
3552093,2016,22,0.0
3552093,2016,23,85.0
3552093,2016,31-33,80.0
3552093,2016,41,30.0
3552093,2016,44-45,120.0
3552093,2016,48-49,110.0
3552093,2016,51,15.0
3552093,2016,52,25.0
3552093,2016,53,0.0
3552093,2016,54,50.0
3552093,2016,55,0.0
3552093,2016,56,65.0
3552093,2016,61,85.0
3552093,2016,62,175.0
3552093,2016,71,20.0
3552093,2016,72,110.0
3552093,2016,81,35.0
3552093,2016,91,150.0
3553005,2016,11,465.0
3553005,2016,21,6750.0
3553005,2016,22,465.0
3553005,2016,23,5955.0
3553005,2016,31-33,3675.0
3553005,2016,41,2635.0
3553005,2016,44-45,10220.0
3553005,2016,48-49,3265.0
3553005,2016,51,1195.0
3553005,2016,52,2220.0
3553005,2016,53,1360.0
3553005,2016,54,3900.0
3553005,2016,55,80.0
3553005,2016,56,3505.0
3553005,2016,61,6955.0
3553005,2016,62,12115.0
3553005,2016,71,1345.0
3553005,2016,72,5915.0
3553005,2016,81,3490.0
3553005,2016,91,6380.0
3553040,2016,11,0.0
3553040,2016,21,10.0
3553040,2016,22,0.0
3553040,2016,23,0.0
3553040,2016,31-33,0.0
3553040,2016,41,10.0
3553040,2016,44-45,0.0
3553040,2016,48-49,0.0
3553040,2016,51,0.0
3553040,2016,52,0.0
3553040,2016,53,0.0
3553040,2016,54,0.0
3553040,2016,55,10.0
3553040,2016,56,0.0
3553040,2016,61,0.0
3553040,2016,62,0.0
3553040,2016,71,0.0
3553040,2016,72,10.0
3553040,2016,81,0.0
3553040,2016,91,15.0
3554001,2016,11,10.0
3554001,2016,21,30.0
3554001,2016,22,10.0
3554001,2016,23,25.0
3554001,2016,31-33,20.0
3554001,2016,41,10.0
3554001,2016,44-45,30.0
3554001,2016,48-49,10.0
3554001,2016,51,0.0
3554001,2016,52,10.0
3554001,2016,53,0.0
3554001,2016,54,0.0
3554001,2016,55,0.0
3554001,2016,56,0.0
3554001,2016,61,25.0
3554001,2016,62,15.0
3554001,2016,71,0.0
3554001,2016,72,15.0
3554001,2016,81,10.0
3554001,2016,91,10.0
3554006,2016,11,0.0
3554006,2016,21,15.0
3554006,2016,22,0.0
3554006,2016,23,15.0
3554006,2016,31-33,0.0
3554006,2016,41,0.0
3554006,2016,44-45,10.0
3554006,2016,48-49,10.0
3554006,2016,51,0.0
3554006,2016,52,0.0
3554006,2016,53,0.0
3554006,2016,54,0.0
3554006,2016,55,0.0
3554006,2016,56,0.0
3554006,2016,61,10.0
3554006,2016,62,15.0
3554006,2016,71,0.0
3554006,2016,72,10.0
3554006,2016,81,10.0
3554006,2016,91,0.0
3554008,2016,11,10.0
3554008,2016,21,25.0
3554008,2016,22,10.0
3554008,2016,23,55.0
3554008,2016,31-33,25.0
3554008,2016,41,10.0
3554008,2016,44-45,90.0
3554008,2016,48-49,20.0
3554008,2016,51,10.0
3554008,2016,52,15.0
3554008,2016,53,0.0
3554008,2016,54,10.0
3554008,2016,55,0.0
3554008,2016,56,20.0
3554008,2016,61,15.0
3554008,2016,62,70.0
3554008,2016,71,15.0
3554008,2016,72,35.0
3554008,2016,81,35.0
3554008,2016,91,15.0
3554014,2016,11,20.0
3554014,2016,21,0.0
3554014,2016,22,0.0
3554014,2016,23,20.0
3554014,2016,31-33,10.0
3554014,2016,41,0.0
3554014,2016,44-45,25.0
3554014,2016,48-49,15.0
3554014,2016,51,0.0
3554014,2016,52,0.0
3554014,2016,53,0.0
3554014,2016,54,15.0
3554014,2016,55,0.0
3554014,2016,56,20.0
3554014,2016,61,35.0
3554014,2016,62,35.0
3554014,2016,71,0.0
3554014,2016,72,10.0
3554014,2016,81,10.0
3554014,2016,91,10.0
3554020,2016,11,95.0
3554020,2016,21,220.0
3554020,2016,22,70.0
3554020,2016,23,400.0
3554020,2016,31-33,315.0
3554020,2016,41,55.0
3554020,2016,44-45,770.0
3554020,2016,48-49,250.0
3554020,2016,51,90.0
3554020,2016,52,110.0
3554020,2016,53,50.0
3554020,2016,54,190.0
3554020,2016,55,0.0
3554020,2016,56,140.0
3554020,2016,61,465.0
3554020,2016,62,760.0
3554020,2016,71,80.0
3554020,2016,72,285.0
3554020,2016,81,260.0
3554020,2016,91,245.0
3554021,2016,11,55.0
3554021,2016,21,15.0
3554021,2016,22,10.0
3554021,2016,23,50.0
3554021,2016,31-33,25.0
3554021,2016,41,0.0
3554021,2016,44-45,20.0
3554021,2016,48-49,0.0
3554021,2016,51,0.0
3554021,2016,52,0.0
3554021,2016,53,0.0
3554021,2016,54,20.0
3554021,2016,55,0.0
3554021,2016,56,0.0
3554021,2016,61,15.0
3554021,2016,62,35.0
3554021,2016,71,0.0
3554021,2016,72,15.0
3554021,2016,81,10.0
3554021,2016,91,0.0
3554024,2016,11,55.0
3554024,2016,21,15.0
3554024,2016,22,0.0
3554024,2016,23,10.0
3554024,2016,31-33,0.0
3554024,2016,41,0.0
3554024,2016,44-45,15.0
3554024,2016,48-49,10.0
3554024,2016,51,0.0
3554024,2016,52,0.0
3554024,2016,53,0.0
3554024,2016,54,10.0
3554024,2016,55,0.0
3554024,2016,56,10.0
3554024,2016,61,25.0
3554024,2016,62,30.0
3554024,2016,71,0.0
3554024,2016,72,0.0
3554024,2016,81,0.0
3554024,2016,91,10.0
3554026,2016,11,30.0
3554026,2016,21,20.0
3554026,2016,22,10.0
3554026,2016,23,60.0
3554026,2016,31-33,45.0
3554026,2016,41,10.0
3554026,2016,44-45,40.0
3554026,2016,48-49,15.0
3554026,2016,51,0.0
3554026,2016,52,0.0
3554026,2016,53,0.0
3554026,2016,54,0.0
3554026,2016,55,0.0
3554026,2016,56,15.0
3554026,2016,61,0.0
3554026,2016,62,30.0
3554026,2016,71,0.0
3554026,2016,72,25.0
3554026,2016,81,10.0
3554026,2016,91,15.0
3554029,2016,11,75.0
3554029,2016,21,0.0
3554029,2016,22,10.0
3554029,2016,23,45.0
3554029,2016,31-33,30.0
3554029,2016,41,0.0
3554029,2016,44-45,15.0
3554029,2016,48-49,10.0
3554029,2016,51,0.0
3554029,2016,52,0.0
3554029,2016,53,0.0
3554029,2016,54,15.0
3554029,2016,55,0.0
3554029,2016,56,10.0
3554029,2016,61,20.0
3554029,2016,62,20.0
3554029,2016,71,0.0
3554029,2016,72,0.0
3554029,2016,81,0.0
3554029,2016,91,0.0
3554032,2016,11,15.0
3554032,2016,21,0.0
3554032,2016,22,0.0
3554032,2016,23,0.0
3554032,2016,31-33,0.0
3554032,2016,41,0.0
3554032,2016,44-45,0.0
3554032,2016,48-49,0.0
3554032,2016,51,0.0
3554032,2016,52,0.0
3554032,2016,53,0.0
3554032,2016,54,10.0
3554032,2016,55,0.0
3554032,2016,56,0.0
3554032,2016,61,10.0
3554032,2016,62,0.0
3554032,2016,71,0.0
3554032,2016,72,0.0
3554032,2016,81,0.0
3554032,2016,91,0.0
3554034,2016,11,10.0
3554034,2016,21,25.0
3554034,2016,22,0.0
3554034,2016,23,10.0
3554034,2016,31-33,10.0
3554034,2016,41,0.0
3554034,2016,44-45,15.0
3554034,2016,48-49,10.0
3554034,2016,51,0.0
3554034,2016,52,0.0
3554034,2016,53,0.0
3554034,2016,54,0.0
3554034,2016,55,0.0
3554034,2016,56,0.0
3554034,2016,61,0.0
3554034,2016,62,10.0
3554034,2016,71,0.0
3554034,2016,72,0.0
3554034,2016,81,0.0
3554034,2016,91,10.0
3554036,2016,11,85.0
3554036,2016,21,35.0
3554036,2016,22,0.0
3554036,2016,23,70.0
3554036,2016,31-33,110.0
3554036,2016,41,10.0
3554036,2016,44-45,80.0
3554036,2016,48-49,20.0
3554036,2016,51,15.0
3554036,2016,52,10.0
3554036,2016,53,0.0
3554036,2016,54,10.0
3554036,2016,55,0.0
3554036,2016,56,15.0
3554036,2016,61,35.0
3554036,2016,62,65.0
3554036,2016,71,0.0
3554036,2016,72,20.0
3554036,2016,81,20.0
3554036,2016,91,10.0
3554038,2016,11,10.0
3554038,2016,21,0.0
3554038,2016,22,0.0
3554038,2016,23,10.0
3554038,2016,31-33,10.0
3554038,2016,41,0.0
3554038,2016,44-45,10.0
3554038,2016,48-49,10.0
3554038,2016,51,0.0
3554038,2016,52,0.0
3554038,2016,53,0.0
3554038,2016,54,0.0
3554038,2016,55,0.0
3554038,2016,56,0.0
3554038,2016,61,0.0
3554038,2016,62,0.0
3554038,2016,71,0.0
3554038,2016,72,0.0
3554038,2016,81,0.0
3554038,2016,91,0.0
3554042,2016,11,0.0
3554042,2016,21,10.0
3554042,2016,22,0.0
3554042,2016,23,0.0
3554042,2016,31-33,60.0
3554042,2016,41,0.0
3554042,2016,44-45,30.0
3554042,2016,48-49,25.0
3554042,2016,51,0.0
3554042,2016,52,0.0
3554042,2016,53,0.0
3554042,2016,54,0.0
3554042,2016,55,0.0
3554042,2016,56,0.0
3554042,2016,61,10.0
3554042,2016,62,10.0
3554042,2016,71,0.0
3554042,2016,72,0.0
3554042,2016,81,0.0
3554042,2016,91,25.0
3554044,2016,11,25.0
3554044,2016,21,45.0
3554044,2016,22,0.0
3554044,2016,23,30.0
3554044,2016,31-33,20.0
3554044,2016,41,0.0
3554044,2016,44-45,20.0
3554044,2016,48-49,15.0
3554044,2016,51,0.0
3554044,2016,52,0.0
3554044,2016,53,10.0
3554044,2016,54,10.0
3554044,2016,55,0.0
3554044,2016,56,0.0
3554044,2016,61,15.0
3554044,2016,62,25.0
3554044,2016,71,0.0
3554044,2016,72,10.0
3554044,2016,81,10.0
3554044,2016,91,15.0
3554049,2016,11,75.0
3554049,2016,21,30.0
3554049,2016,22,0.0
3554049,2016,23,35.0
3554049,2016,31-33,25.0
3554049,2016,41,0.0
3554049,2016,44-45,0.0
3554049,2016,48-49,10.0
3554049,2016,51,0.0
3554049,2016,52,0.0
3554049,2016,53,0.0
3554049,2016,54,0.0
3554049,2016,55,0.0
3554049,2016,56,10.0
3554049,2016,61,15.0
3554049,2016,62,15.0
3554049,2016,71,0.0
3554049,2016,72,15.0
3554049,2016,81,10.0
3554049,2016,91,10.0
3554052,2016,11,20.0
3554052,2016,21,50.0
3554052,2016,22,10.0
3554052,2016,23,55.0
3554052,2016,31-33,70.0
3554052,2016,41,15.0
3554052,2016,44-45,95.0
3554052,2016,48-49,55.0
3554052,2016,51,0.0
3554052,2016,52,0.0
3554052,2016,53,0.0
3554052,2016,54,0.0
3554052,2016,55,0.0
3554052,2016,56,10.0
3554052,2016,61,55.0
3554052,2016,62,125.0
3554052,2016,71,0.0
3554052,2016,72,25.0
3554052,2016,81,30.0
3554052,2016,91,35.0
3554054,2016,11,40.0
3554054,2016,21,35.0
3554054,2016,22,0.0
3554054,2016,23,0.0
3554054,2016,31-33,35.0
3554054,2016,41,0.0
3554054,2016,44-45,0.0
3554054,2016,48-49,10.0
3554054,2016,51,0.0
3554054,2016,52,0.0
3554054,2016,53,0.0
3554054,2016,54,0.0
3554054,2016,55,0.0
3554054,2016,56,0.0
3554054,2016,61,15.0
3554054,2016,62,25.0
3554054,2016,71,0.0
3554054,2016,72,10.0
3554054,2016,81,0.0
3554054,2016,91,15.0
3554056,2016,11,0.0
3554056,2016,21,25.0
3554056,2016,22,0.0
3554056,2016,23,15.0
3554056,2016,31-33,0.0
3554056,2016,41,0.0
3554056,2016,44-45,10.0
3554056,2016,48-49,0.0
3554056,2016,51,0.0
3554056,2016,52,0.0
3554056,2016,53,0.0
3554056,2016,54,0.0
3554056,2016,55,0.0
3554056,2016,56,0.0
3554056,2016,61,10.0
3554056,2016,62,0.0
3554056,2016,71,0.0
3554056,2016,72,10.0
3554056,2016,81,0.0
3554056,2016,91,0.0
3554057,2016,11,0.0
3554057,2016,21,20.0
3554057,2016,22,0.0
3554057,2016,23,10.0
3554057,2016,31-33,0.0
3554057,2016,41,0.0
3554057,2016,44-45,0.0
3554057,2016,48-49,0.0
3554057,2016,51,0.0
3554057,2016,52,0.0
3554057,2016,53,0.0
3554057,2016,54,0.0
3554057,2016,55,0.0
3554057,2016,56,0.0
3554057,2016,61,0.0
3554057,2016,62,10.0
3554057,2016,71,0.0
3554057,2016,72,0.0
3554057,2016,81,0.0
3554057,2016,91,10.0
3554058,2016,11,10.0
3554058,2016,21,60.0
3554058,2016,22,0.0
3554058,2016,23,15.0
3554058,2016,31-33,15.0
3554058,2016,41,0.0
3554058,2016,44-45,25.0
3554058,2016,48-49,10.0
3554058,2016,51,0.0
3554058,2016,52,10.0
3554058,2016,53,0.0
3554058,2016,54,0.0
3554058,2016,55,0.0
3554058,2016,56,0.0
3554058,2016,61,15.0
3554058,2016,62,30.0
3554058,2016,71,0.0
3554058,2016,72,20.0
3554058,2016,81,15.0
3554058,2016,91,35.0
3554062,2016,11,10.0
3554062,2016,21,95.0
3554062,2016,22,0.0
3554062,2016,23,10.0
3554062,2016,31-33,15.0
3554062,2016,41,0.0
3554062,2016,44-45,30.0
3554062,2016,48-49,20.0
3554062,2016,51,15.0
3554062,2016,52,0.0
3554062,2016,53,0.0
3554062,2016,54,10.0
3554062,2016,55,0.0
3554062,2016,56,20.0
3554062,2016,61,20.0
3554062,2016,62,55.0
3554062,2016,71,0.0
3554062,2016,72,15.0
3554062,2016,81,10.0
3554062,2016,91,65.0
3554066,2016,11,0.0
3554066,2016,21,25.0
3554066,2016,22,0.0
3554066,2016,23,0.0
3554066,2016,31-33,0.0
3554066,2016,41,0.0
3554066,2016,44-45,10.0
3554066,2016,48-49,10.0
3554066,2016,51,0.0
3554066,2016,52,0.0
3554066,2016,53,0.0
3554066,2016,54,10.0
3554066,2016,55,0.0
3554066,2016,56,0.0
3554066,2016,61,0.0
3554066,2016,62,20.0
3554066,2016,71,0.0
3554066,2016,72,0.0
3554066,2016,81,0.0
3554066,2016,91,10.0
3554068,2016,11,40.0
3554068,2016,21,760.0
3554068,2016,22,45.0
3554068,2016,23,155.0
3554068,2016,31-33,165.0
3554068,2016,41,25.0
3554068,2016,44-45,415.0
3554068,2016,48-49,115.0
3554068,2016,51,30.0
3554068,2016,52,45.0
3554068,2016,53,30.0
3554068,2016,54,105.0
3554068,2016,55,0.0
3554068,2016,56,100.0
3554068,2016,61,255.0
3554068,2016,62,580.0
3554068,2016,71,35.0
3554068,2016,72,295.0
3554068,2016,81,110.0
3554068,2016,91,290.0
3554094,2016,11,165.0
3554094,2016,21,215.0
3554094,2016,22,25.0
3554094,2016,23,75.0
3554094,2016,31-33,105.0
3554094,2016,41,15.0
3554094,2016,44-45,135.0
3554094,2016,48-49,75.0
3554094,2016,51,0.0
3554094,2016,52,15.0
3554094,2016,53,20.0
3554094,2016,54,60.0
3554094,2016,55,0.0
3554094,2016,56,40.0
3554094,2016,61,95.0
3554094,2016,62,205.0
3554094,2016,71,10.0
3554094,2016,72,80.0
3554094,2016,81,70.0
3554094,2016,91,80.0
3556014,2016,11,80.0
3556014,2016,21,260.0
3556014,2016,22,10.0
3556014,2016,23,115.0
3556014,2016,31-33,35.0
3556014,2016,41,30.0
3556014,2016,44-45,90.0
3556014,2016,48-49,45.0
3556014,2016,51,10.0
3556014,2016,52,20.0
3556014,2016,53,0.0
3556014,2016,54,25.0
3556014,2016,55,0.0
3556014,2016,56,15.0
3556014,2016,61,45.0
3556014,2016,62,140.0
3556014,2016,71,0.0
3556014,2016,72,45.0
3556014,2016,81,45.0
3556014,2016,91,70.0
3556027,2016,11,330.0
3556027,2016,21,3045.0
3556027,2016,22,205.0
3556027,2016,23,1530.0
3556027,2016,31-33,740.0
3556027,2016,41,555.0
3556027,2016,44-45,2910.0
3556027,2016,48-49,995.0
3556027,2016,51,265.0
3556027,2016,52,570.0
3556027,2016,53,290.0
3556027,2016,54,900.0
3556027,2016,55,10.0
3556027,2016,56,760.0
3556027,2016,61,1425.0
3556027,2016,62,3055.0
3556027,2016,71,280.0
3556027,2016,72,1635.0
3556027,2016,81,1010.0
3556027,2016,91,1435.0
3556031,2016,11,25.0
3556031,2016,21,250.0
3556031,2016,22,55.0
3556031,2016,23,95.0
3556031,2016,31-33,95.0
3556031,2016,41,15.0
3556031,2016,44-45,215.0
3556031,2016,48-49,85.0
3556031,2016,51,30.0
3556031,2016,52,10.0
3556031,2016,53,10.0
3556031,2016,54,60.0
3556031,2016,55,0.0
3556031,2016,56,55.0
3556031,2016,61,190.0
3556031,2016,62,335.0
3556031,2016,71,20.0
3556031,2016,72,75.0
3556031,2016,81,85.0
3556031,2016,91,150.0
3556033,2016,11,0.0
3556033,2016,21,10.0
3556033,2016,22,10.0
3556033,2016,23,0.0
3556033,2016,31-33,0.0
3556033,2016,41,0.0
3556033,2016,44-45,0.0
3556033,2016,48-49,0.0
3556033,2016,51,0.0
3556033,2016,52,0.0
3556033,2016,53,0.0
3556033,2016,54,0.0
3556033,2016,55,0.0
3556033,2016,56,0.0
3556033,2016,61,0.0
3556033,2016,62,0.0
3556033,2016,71,0.0
3556033,2016,72,10.0
3556033,2016,81,10.0
3556033,2016,91,15.0
3556042,2016,11,125.0
3556042,2016,21,155.0
3556042,2016,22,45.0
3556042,2016,23,335.0
3556042,2016,31-33,250.0
3556042,2016,41,45.0
3556042,2016,44-45,290.0
3556042,2016,48-49,235.0
3556042,2016,51,15.0
3556042,2016,52,40.0
3556042,2016,53,10.0
3556042,2016,54,95.0
3556042,2016,55,10.0
3556042,2016,56,65.0
3556042,2016,61,145.0
3556042,2016,62,290.0
3556042,2016,71,20.0
3556042,2016,72,230.0
3556042,2016,81,115.0
3556042,2016,91,180.0
3556048,2016,11,10.0
3556048,2016,21,55.0
3556048,2016,22,20.0
3556048,2016,23,55.0
3556048,2016,31-33,20.0
3556048,2016,41,10.0
3556048,2016,44-45,40.0
3556048,2016,48-49,15.0
3556048,2016,51,0.0
3556048,2016,52,15.0
3556048,2016,53,0.0
3556048,2016,54,15.0
3556048,2016,55,0.0
3556048,2016,56,10.0
3556048,2016,61,55.0
3556048,2016,62,50.0
3556048,2016,71,10.0
3556048,2016,72,10.0
3556048,2016,81,15.0
3556048,2016,91,20.0
3556052,2016,11,15.0
3556052,2016,21,10.0
3556052,2016,22,10.0
3556052,2016,23,25.0
3556052,2016,31-33,35.0
3556052,2016,41,0.0
3556052,2016,44-45,35.0
3556052,2016,48-49,0.0
3556052,2016,51,0.0
3556052,2016,52,0.0
3556052,2016,53,0.0
3556052,2016,54,0.0
3556052,2016,55,0.0
3556052,2016,56,0.0
3556052,2016,61,0.0
3556052,2016,62,20.0
3556052,2016,71,0.0
3556052,2016,72,0.0
3556052,2016,81,25.0
3556052,2016,91,10.0
3556056,2016,11,15.0
3556056,2016,21,30.0
3556056,2016,22,40.0
3556056,2016,23,40.0
3556056,2016,31-33,85.0
3556056,2016,41,0.0
3556056,2016,44-45,65.0
3556056,2016,48-49,35.0
3556056,2016,51,10.0
3556056,2016,52,20.0
3556056,2016,53,0.0
3556056,2016,54,20.0
3556056,2016,55,0.0
3556056,2016,56,0.0
3556056,2016,61,30.0
3556056,2016,62,80.0
3556056,2016,71,10.0
3556056,2016,72,45.0
3556056,2016,81,35.0
3556056,2016,91,30.0
3556066,2016,11,85.0
3556066,2016,21,180.0
3556066,2016,22,95.0
3556066,2016,23,265.0
3556066,2016,31-33,460.0
3556066,2016,41,35.0
3556066,2016,44-45,515.0
3556066,2016,48-49,155.0
3556066,2016,51,45.0
3556066,2016,52,75.0
3556066,2016,53,25.0
3556066,2016,54,80.0
3556066,2016,55,0.0
3556066,2016,56,125.0
3556066,2016,61,330.0
3556066,2016,62,575.0
3556066,2016,71,60.0
3556066,2016,72,295.0
3556066,2016,81,250.0
3556066,2016,91,170.0
3556070,2016,11,10.0
3556070,2016,21,10.0
3556070,2016,22,0.0
3556070,2016,23,25.0
3556070,2016,31-33,45.0
3556070,2016,41,0.0
3556070,2016,44-45,70.0
3556070,2016,48-49,35.0
3556070,2016,51,0.0
3556070,2016,52,0.0
3556070,2016,53,10.0
3556070,2016,54,10.0
3556070,2016,55,0.0
3556070,2016,56,15.0
3556070,2016,61,10.0
3556070,2016,62,50.0
3556070,2016,71,10.0
3556070,2016,72,25.0
3556070,2016,81,30.0
3556070,2016,91,30.0
3556073,2016,11,0.0
3556073,2016,21,15.0
3556073,2016,22,10.0
3556073,2016,23,10.0
3556073,2016,31-33,10.0
3556073,2016,41,0.0
3556073,2016,44-45,10.0
3556073,2016,48-49,0.0
3556073,2016,51,0.0
3556073,2016,52,0.0
3556073,2016,53,0.0
3556073,2016,54,10.0
3556073,2016,55,0.0
3556073,2016,56,10.0
3556073,2016,61,10.0
3556073,2016,62,10.0
3556073,2016,71,0.0
3556073,2016,72,15.0
3556073,2016,81,0.0
3556073,2016,91,0.0
3556076,2016,11,140.0
3556076,2016,21,40.0
3556076,2016,22,25.0
3556076,2016,23,225.0
3556076,2016,31-33,320.0
3556076,2016,41,70.0
3556076,2016,44-45,315.0
3556076,2016,48-49,185.0
3556076,2016,51,30.0
3556076,2016,52,80.0
3556076,2016,53,0.0
3556076,2016,54,60.0
3556076,2016,55,0.0
3556076,2016,56,55.0
3556076,2016,61,270.0
3556076,2016,62,380.0
3556076,2016,71,30.0
3556076,2016,72,140.0
3556076,2016,81,120.0
3556076,2016,91,95.0
3556077,2016,11,25.0
3556077,2016,21,15.0
3556077,2016,22,10.0
3556077,2016,23,20.0
3556077,2016,31-33,40.0
3556077,2016,41,0.0
3556077,2016,44-45,25.0
3556077,2016,48-49,20.0
3556077,2016,51,0.0
3556077,2016,52,15.0
3556077,2016,53,0.0
3556077,2016,54,0.0
3556077,2016,55,0.0
3556077,2016,56,0.0
3556077,2016,61,15.0
3556077,2016,62,40.0
3556077,2016,71,10.0
3556077,2016,72,15.0
3556077,2016,81,15.0
3556077,2016,91,25.0
3556092,2016,11,120.0
3556092,2016,21,70.0
3556092,2016,22,20.0
3556092,2016,23,100.0
3556092,2016,31-33,135.0
3556092,2016,41,15.0
3556092,2016,44-45,180.0
3556092,2016,48-49,100.0
3556092,2016,51,15.0
3556092,2016,52,45.0
3556092,2016,53,20.0
3556092,2016,54,30.0
3556092,2016,55,0.0
3556092,2016,56,35.0
3556092,2016,61,140.0
3556092,2016,62,255.0
3556092,2016,71,10.0
3556092,2016,72,45.0
3556092,2016,81,50.0
3556092,2016,91,90.0
3556093,2016,11,0.0
3556093,2016,21,0.0
3556093,2016,22,20.0
3556093,2016,23,35.0
3556093,2016,31-33,0.0
3556093,2016,41,10.0
3556093,2016,44-45,25.0
3556093,2016,48-49,0.0
3556093,2016,51,0.0
3556093,2016,52,0.0
3556093,2016,53,0.0
3556093,2016,54,0.0
3556093,2016,55,0.0
3556093,2016,56,10.0
3556093,2016,61,45.0
3556093,2016,62,120.0
3556093,2016,71,10.0
3556093,2016,72,0.0
3556093,2016,81,10.0
3556093,2016,91,30.0
3556094,2016,11,10.0
3556094,2016,21,25.0
3556094,2016,22,0.0
3556094,2016,23,35.0
3556094,2016,31-33,0.0
3556094,2016,41,0.0
3556094,2016,44-45,60.0
3556094,2016,48-49,20.0
3556094,2016,51,10.0
3556094,2016,52,0.0
3556094,2016,53,10.0
3556094,2016,54,10.0
3556094,2016,55,0.0
3556094,2016,56,20.0
3556094,2016,61,80.0
3556094,2016,62,155.0
3556094,2016,71,10.0
3556094,2016,72,25.0
3556094,2016,81,10.0
3556094,2016,91,100.0
3556095,2016,11,15.0
3556095,2016,21,0.0
3556095,2016,22,0.0
3556095,2016,23,10.0
3556095,2016,31-33,25.0
3556095,2016,41,10.0
3556095,2016,44-45,10.0
3556095,2016,48-49,10.0
3556095,2016,51,0.0
3556095,2016,52,0.0
3556095,2016,53,0.0
3556095,2016,54,0.0
3556095,2016,55,0.0
3556095,2016,56,0.0
3556095,2016,61,20.0
3556095,2016,62,20.0
3556095,2016,71,0.0
3556095,2016,72,0.0
3556095,2016,81,0.0
3556095,2016,91,20.0
3556102,2016,11,0.0
3556102,2016,21,0.0
3556102,2016,22,0.0
3556102,2016,23,10.0
3556102,2016,31-33,0.0
3556102,2016,41,0.0
3556102,2016,44-45,0.0
3556102,2016,48-49,0.0
3556102,2016,51,0.0
3556102,2016,52,0.0
3556102,2016,53,0.0
3556102,2016,54,0.0
3556102,2016,55,0.0
3556102,2016,56,10.0
3556102,2016,61,0.0
3556102,2016,62,0.0
3556102,2016,71,0.0
3556102,2016,72,0.0
3556102,2016,81,0.0
3556102,2016,91,10.0
3556106,2016,11,0.0
3556106,2016,21,10.0
3556106,2016,22,0.0
3556106,2016,23,25.0
3556106,2016,31-33,10.0
3556106,2016,41,35.0
3556106,2016,44-45,70.0
3556106,2016,48-49,80.0
3556106,2016,51,10.0
3556106,2016,52,15.0
3556106,2016,53,0.0
3556106,2016,54,25.0
3556106,2016,55,0.0
3556106,2016,56,20.0
3556106,2016,61,140.0
3556106,2016,62,170.0
3556106,2016,71,10.0
3556106,2016,72,20.0
3556106,2016,81,10.0
3556106,2016,91,50.0
3557001,2016,11,15.0
3557001,2016,21,0.0
3557001,2016,22,0.0
3557001,2016,23,30.0
3557001,2016,31-33,15.0
3557001,2016,41,10.0
3557001,2016,44-45,10.0
3557001,2016,48-49,10.0
3557001,2016,51,10.0
3557001,2016,52,0.0
3557001,2016,53,0.0
3557001,2016,54,10.0
3557001,2016,55,0.0
3557001,2016,56,10.0
3557001,2016,61,0.0
3557001,2016,62,10.0
3557001,2016,71,10.0
3557001,2016,72,0.0
3557001,2016,81,15.0
3557001,2016,91,10.0
3557004,2016,11,20.0
3557004,2016,21,0.0
3557004,2016,22,0.0
3557004,2016,23,15.0
3557004,2016,31-33,10.0
3557004,2016,41,0.0
3557004,2016,44-45,0.0
3557004,2016,48-49,10.0
3557004,2016,51,0.0
3557004,2016,52,0.0
3557004,2016,53,0.0
3557004,2016,54,0.0
3557004,2016,55,0.0
3557004,2016,56,10.0
3557004,2016,61,10.0
3557004,2016,62,0.0
3557004,2016,71,0.0
3557004,2016,72,0.0
3557004,2016,81,15.0
3557004,2016,91,10.0
3557006,2016,11,15.0
3557006,2016,21,0.0
3557006,2016,22,0.0
3557006,2016,23,15.0
3557006,2016,31-33,0.0
3557006,2016,41,0.0
3557006,2016,44-45,0.0
3557006,2016,48-49,0.0
3557006,2016,51,0.0
3557006,2016,52,0.0
3557006,2016,53,0.0
3557006,2016,54,10.0
3557006,2016,55,0.0
3557006,2016,56,0.0
3557006,2016,61,0.0
3557006,2016,62,0.0
3557006,2016,71,0.0
3557006,2016,72,25.0
3557006,2016,81,0.0
3557006,2016,91,10.0
3557008,2016,11,35.0
3557008,2016,21,15.0
3557008,2016,22,15.0
3557008,2016,23,60.0
3557008,2016,31-33,45.0
3557008,2016,41,10.0
3557008,2016,44-45,55.0
3557008,2016,48-49,35.0
3557008,2016,51,0.0
3557008,2016,52,10.0
3557008,2016,53,10.0
3557008,2016,54,25.0
3557008,2016,55,0.0
3557008,2016,56,35.0
3557008,2016,61,45.0
3557008,2016,62,40.0
3557008,2016,71,0.0
3557008,2016,72,30.0
3557008,2016,81,25.0
3557008,2016,91,35.0
3557011,2016,11,20.0
3557011,2016,21,10.0
3557011,2016,22,0.0
3557011,2016,23,65.0
3557011,2016,31-33,55.0
3557011,2016,41,10.0
3557011,2016,44-45,20.0
3557011,2016,48-49,65.0
3557011,2016,51,10.0
3557011,2016,52,0.0
3557011,2016,53,10.0
3557011,2016,54,0.0
3557011,2016,55,0.0
3557011,2016,56,30.0
3557011,2016,61,30.0
3557011,2016,62,80.0
3557011,2016,71,20.0
3557011,2016,72,35.0
3557011,2016,81,25.0
3557011,2016,91,65.0
3557014,2016,11,10.0
3557014,2016,21,0.0
3557014,2016,22,0.0
3557014,2016,23,35.0
3557014,2016,31-33,55.0
3557014,2016,41,0.0
3557014,2016,44-45,20.0
3557014,2016,48-49,15.0
3557014,2016,51,0.0
3557014,2016,52,10.0
3557014,2016,53,0.0
3557014,2016,54,15.0
3557014,2016,55,0.0
3557014,2016,56,15.0
3557014,2016,61,15.0
3557014,2016,62,45.0
3557014,2016,71,10.0
3557014,2016,72,10.0
3557014,2016,81,0.0
3557014,2016,91,25.0
3557016,2016,11,95.0
3557016,2016,21,0.0
3557016,2016,22,0.0
3557016,2016,23,20.0
3557016,2016,31-33,25.0
3557016,2016,41,0.0
3557016,2016,44-45,15.0
3557016,2016,48-49,30.0
3557016,2016,51,10.0
3557016,2016,52,0.0
3557016,2016,53,0.0
3557016,2016,54,0.0
3557016,2016,55,0.0
3557016,2016,56,15.0
3557016,2016,61,30.0
3557016,2016,62,30.0
3557016,2016,71,15.0
3557016,2016,72,10.0
3557016,2016,81,10.0
3557016,2016,91,25.0
3557019,2016,11,50.0
3557019,2016,21,10.0
3557019,2016,22,0.0
3557019,2016,23,50.0
3557019,2016,31-33,55.0
3557019,2016,41,0.0
3557019,2016,44-45,15.0
3557019,2016,48-49,15.0
3557019,2016,51,0.0
3557019,2016,52,15.0
3557019,2016,53,0.0
3557019,2016,54,0.0
3557019,2016,55,0.0
3557019,2016,56,10.0
3557019,2016,61,25.0
3557019,2016,62,10.0
3557019,2016,71,10.0
3557019,2016,72,15.0
3557019,2016,81,10.0
3557019,2016,91,30.0
3557021,2016,11,0.0
3557021,2016,21,15.0
3557021,2016,22,0.0
3557021,2016,23,15.0
3557021,2016,31-33,20.0
3557021,2016,41,10.0
3557021,2016,44-45,20.0
3557021,2016,48-49,10.0
3557021,2016,51,0.0
3557021,2016,52,10.0
3557021,2016,53,0.0
3557021,2016,54,10.0
3557021,2016,55,0.0
3557021,2016,56,20.0
3557021,2016,61,20.0
3557021,2016,62,0.0
3557021,2016,71,10.0
3557021,2016,72,15.0
3557021,2016,81,15.0
3557021,2016,91,20.0
3557026,2016,11,10.0
3557026,2016,21,0.0
3557026,2016,22,10.0
3557026,2016,23,0.0
3557026,2016,31-33,0.0
3557026,2016,41,0.0
3557026,2016,44-45,0.0
3557026,2016,48-49,10.0
3557026,2016,51,10.0
3557026,2016,52,0.0
3557026,2016,53,0.0
3557026,2016,54,0.0
3557026,2016,55,0.0
3557026,2016,56,0.0
3557026,2016,61,10.0
3557026,2016,62,10.0
3557026,2016,71,0.0
3557026,2016,72,0.0
3557026,2016,81,0.0
3557026,2016,91,20.0
3557028,2016,11,0.0
3557028,2016,21,15.0
3557028,2016,22,0.0
3557028,2016,23,40.0
3557028,2016,31-33,125.0
3557028,2016,41,10.0
3557028,2016,44-45,35.0
3557028,2016,48-49,30.0
3557028,2016,51,10.0
3557028,2016,52,25.0
3557028,2016,53,0.0
3557028,2016,54,10.0
3557028,2016,55,0.0
3557028,2016,56,0.0
3557028,2016,61,25.0
3557028,2016,62,100.0
3557028,2016,71,15.0
3557028,2016,72,20.0
3557028,2016,81,25.0
3557028,2016,91,20.0
3557035,2016,11,70.0
3557035,2016,21,15.0
3557035,2016,22,10.0
3557035,2016,23,55.0
3557035,2016,31-33,95.0
3557035,2016,41,30.0
3557035,2016,44-45,70.0
3557035,2016,48-49,45.0
3557035,2016,51,15.0
3557035,2016,52,10.0
3557035,2016,53,10.0
3557035,2016,54,20.0
3557035,2016,55,0.0
3557035,2016,56,20.0
3557035,2016,61,15.0
3557035,2016,62,70.0
3557035,2016,71,15.0
3557035,2016,72,60.0
3557035,2016,81,35.0
3557035,2016,91,15.0
3557038,2016,11,25.0
3557038,2016,21,65.0
3557038,2016,22,15.0
3557038,2016,23,155.0
3557038,2016,31-33,100.0
3557038,2016,41,15.0
3557038,2016,44-45,165.0
3557038,2016,48-49,65.0
3557038,2016,51,15.0
3557038,2016,52,10.0
3557038,2016,53,10.0
3557038,2016,54,20.0
3557038,2016,55,0.0
3557038,2016,56,50.0
3557038,2016,61,160.0
3557038,2016,62,260.0
3557038,2016,71,15.0
3557038,2016,72,170.0
3557038,2016,81,75.0
3557038,2016,91,125.0
3557039,2016,11,10.0
3557039,2016,21,10.0
3557039,2016,22,0.0
3557039,2016,23,15.0
3557039,2016,31-33,15.0
3557039,2016,41,0.0
3557039,2016,44-45,50.0
3557039,2016,48-49,20.0
3557039,2016,51,10.0
3557039,2016,52,0.0
3557039,2016,53,0.0
3557039,2016,54,0.0
3557039,2016,55,0.0
3557039,2016,56,0.0
3557039,2016,61,20.0
3557039,2016,62,15.0
3557039,2016,71,0.0
3557039,2016,72,45.0
3557039,2016,81,10.0
3557039,2016,91,15.0
3557040,2016,11,0.0
3557040,2016,21,0.0
3557040,2016,22,0.0
3557040,2016,23,25.0
3557040,2016,31-33,25.0
3557040,2016,41,0.0
3557040,2016,44-45,10.0
3557040,2016,48-49,20.0
3557040,2016,51,0.0
3557040,2016,52,0.0
3557040,2016,53,0.0
3557040,2016,54,10.0
3557040,2016,55,0.0
3557040,2016,56,0.0
3557040,2016,61,25.0
3557040,2016,62,25.0
3557040,2016,71,0.0
3557040,2016,72,10.0
3557040,2016,81,20.0
3557040,2016,91,0.0
3557041,2016,11,50.0
3557041,2016,21,235.0
3557041,2016,22,0.0
3557041,2016,23,220.0
3557041,2016,31-33,115.0
3557041,2016,41,50.0
3557041,2016,44-45,455.0
3557041,2016,48-49,210.0
3557041,2016,51,35.0
3557041,2016,52,40.0
3557041,2016,53,55.0
3557041,2016,54,80.0
3557041,2016,55,0.0
3557041,2016,56,95.0
3557041,2016,61,195.0
3557041,2016,62,805.0
3557041,2016,71,35.0
3557041,2016,72,335.0
3557041,2016,81,135.0
3557041,2016,91,250.0
3557051,2016,11,10.0
3557051,2016,21,20.0
3557051,2016,22,15.0
3557051,2016,23,80.0
3557051,2016,31-33,60.0
3557051,2016,41,20.0
3557051,2016,44-45,90.0
3557051,2016,48-49,20.0
3557051,2016,51,0.0
3557051,2016,52,20.0
3557051,2016,53,10.0
3557051,2016,54,40.0
3557051,2016,55,0.0
3557051,2016,56,40.0
3557051,2016,61,60.0
3557051,2016,62,135.0
3557051,2016,71,10.0
3557051,2016,72,55.0
3557051,2016,81,35.0
3557051,2016,91,60.0
3557061,2016,11,200.0
3557061,2016,21,215.0
3557061,2016,22,345.0
3557061,2016,23,2380.0
3557061,2016,31-33,3525.0
3557061,2016,41,725.0
3557061,2016,44-45,4570.0
3557061,2016,48-49,1165.0
3557061,2016,51,420.0
3557061,2016,52,860.0
3557061,2016,53,485.0
3557061,2016,54,1195.0
3557061,2016,55,15.0
3557061,2016,56,2250.0
3557061,2016,61,2715.0
3557061,2016,62,5355.0
3557061,2016,71,1190.0
3557061,2016,72,2845.0
3557061,2016,81,1380.0
3557061,2016,91,2505.0
3557066,2016,11,10.0
3557066,2016,21,10.0
3557066,2016,22,0.0
3557066,2016,23,55.0
3557066,2016,31-33,65.0
3557066,2016,41,10.0
3557066,2016,44-45,50.0
3557066,2016,48-49,10.0
3557066,2016,51,0.0
3557066,2016,52,0.0
3557066,2016,53,15.0
3557066,2016,54,10.0
3557066,2016,55,0.0
3557066,2016,56,10.0
3557066,2016,61,55.0
3557066,2016,62,60.0
3557066,2016,71,15.0
3557066,2016,72,30.0
3557066,2016,81,10.0
3557066,2016,91,75.0
3557071,2016,11,0.0
3557071,2016,21,20.0
3557071,2016,22,0.0
3557071,2016,23,45.0
3557071,2016,31-33,0.0
3557071,2016,41,0.0
3557071,2016,44-45,20.0
3557071,2016,48-49,20.0
3557071,2016,51,0.0
3557071,2016,52,0.0
3557071,2016,53,0.0
3557071,2016,54,10.0
3557071,2016,55,0.0
3557071,2016,56,25.0
3557071,2016,61,25.0
3557071,2016,62,80.0
3557071,2016,71,10.0
3557071,2016,72,15.0
3557071,2016,81,0.0
3557071,2016,91,60.0
3557072,2016,11,10.0
3557072,2016,21,0.0
3557072,2016,22,0.0
3557072,2016,23,10.0
3557072,2016,31-33,0.0
3557072,2016,41,0.0
3557072,2016,44-45,10.0
3557072,2016,48-49,10.0
3557072,2016,51,0.0
3557072,2016,52,0.0
3557072,2016,53,0.0
3557072,2016,54,0.0
3557072,2016,55,0.0
3557072,2016,56,10.0
3557072,2016,61,0.0
3557072,2016,62,40.0
3557072,2016,71,0.0
3557072,2016,72,0.0
3557072,2016,81,0.0
3557072,2016,91,25.0
3557073,2016,11,0.0
3557073,2016,21,0.0
3557073,2016,22,0.0
3557073,2016,23,15.0
3557073,2016,31-33,10.0
3557073,2016,41,0.0
3557073,2016,44-45,10.0
3557073,2016,48-49,0.0
3557073,2016,51,10.0
3557073,2016,52,0.0
3557073,2016,53,0.0
3557073,2016,54,10.0
3557073,2016,55,0.0
3557073,2016,56,10.0
3557073,2016,61,10.0
3557073,2016,62,55.0
3557073,2016,71,0.0
3557073,2016,72,20.0
3557073,2016,81,10.0
3557073,2016,91,30.0
3557074,2016,11,10.0
3557074,2016,21,0.0
3557074,2016,22,10.0
3557074,2016,23,60.0
3557074,2016,31-33,20.0
3557074,2016,41,0.0
3557074,2016,44-45,30.0
3557074,2016,48-49,20.0
3557074,2016,51,0.0
3557074,2016,52,0.0
3557074,2016,53,10.0
3557074,2016,54,10.0
3557074,2016,55,0.0
3557074,2016,56,15.0
3557074,2016,61,30.0
3557074,2016,62,80.0
3557074,2016,71,40.0
3557074,2016,72,45.0
3557074,2016,81,15.0
3557074,2016,91,55.0
3557076,2016,11,30.0
3557076,2016,21,150.0
3557076,2016,22,25.0
3557076,2016,23,100.0
3557076,2016,31-33,35.0
3557076,2016,41,25.0
3557076,2016,44-45,175.0
3557076,2016,48-49,55.0
3557076,2016,51,10.0
3557076,2016,52,30.0
3557076,2016,53,0.0
3557076,2016,54,25.0
3557076,2016,55,0.0
3557076,2016,56,50.0
3557076,2016,61,170.0
3557076,2016,62,170.0
3557076,2016,71,10.0
3557076,2016,72,180.0
3557076,2016,81,35.0
3557076,2016,91,200.0
3557078,2016,11,10.0
3557078,2016,21,10.0
3557078,2016,22,0.0
3557078,2016,23,0.0
3557078,2016,31-33,0.0
3557078,2016,41,0.0
3557078,2016,44-45,0.0
3557078,2016,48-49,0.0
3557078,2016,51,0.0
3557078,2016,52,0.0
3557078,2016,53,0.0
3557078,2016,54,0.0
3557078,2016,55,0.0
3557078,2016,56,0.0
3557078,2016,61,0.0
3557078,2016,62,0.0
3557078,2016,71,0.0
3557078,2016,72,10.0
3557078,2016,81,0.0
3557078,2016,91,10.0
3557079,2016,11,30.0
3557079,2016,21,90.0
3557079,2016,22,0.0
3557079,2016,23,10.0
3557079,2016,31-33,15.0
3557079,2016,41,0.0
3557079,2016,44-45,35.0
3557079,2016,48-49,10.0
3557079,2016,51,0.0
3557079,2016,52,10.0
3557079,2016,53,0.0
3557079,2016,54,0.0
3557079,2016,55,0.0
3557079,2016,56,0.0
3557079,2016,61,15.0
3557079,2016,62,35.0
3557079,2016,71,0.0
3557079,2016,72,20.0
3557079,2016,81,15.0
3557079,2016,91,10.0
3557091,2016,11,20.0
3557091,2016,21,30.0
3557091,2016,22,0.0
3557091,2016,23,40.0
3557091,2016,31-33,40.0
3557091,2016,41,40.0
3557091,2016,44-45,25.0
3557091,2016,48-49,30.0
3557091,2016,51,0.0
3557091,2016,52,10.0
3557091,2016,53,0.0
3557091,2016,54,0.0
3557091,2016,55,0.0
3557091,2016,56,0.0
3557091,2016,61,10.0
3557091,2016,62,20.0
3557091,2016,71,10.0
3557091,2016,72,25.0
3557091,2016,81,10.0
3557091,2016,91,25.0
3557095,2016,11,105.0
3557095,2016,21,25.0
3557095,2016,22,35.0
3557095,2016,23,350.0
3557095,2016,31-33,260.0
3557095,2016,41,55.0
3557095,2016,44-45,305.0
3557095,2016,48-49,165.0
3557095,2016,51,30.0
3557095,2016,52,55.0
3557095,2016,53,30.0
3557095,2016,54,100.0
3557095,2016,55,0.0
3557095,2016,56,115.0
3557095,2016,61,140.0
3557095,2016,62,370.0
3557095,2016,71,80.0
3557095,2016,72,290.0
3557095,2016,81,115.0
3557095,2016,91,170.0
3557096,2016,11,30.0
3557096,2016,21,0.0
3557096,2016,22,10.0
3557096,2016,23,10.0
3557096,2016,31-33,85.0
3557096,2016,41,10.0
3557096,2016,44-45,35.0
3557096,2016,48-49,165.0
3557096,2016,51,0.0
3557096,2016,52,10.0
3557096,2016,53,0.0
3557096,2016,54,0.0
3557096,2016,55,0.0
3557096,2016,56,15.0
3557096,2016,61,30.0
3557096,2016,62,110.0
3557096,2016,71,0.0
3557096,2016,72,25.0
3557096,2016,81,10.0
3557096,2016,91,15.0
3558001,2016,11,35.0
3558001,2016,21,30.0
3558001,2016,22,10.0
3558001,2016,23,115.0
3558001,2016,31-33,75.0
3558001,2016,41,35.0
3558001,2016,44-45,95.0
3558001,2016,48-49,75.0
3558001,2016,51,20.0
3558001,2016,52,30.0
3558001,2016,53,15.0
3558001,2016,54,65.0
3558001,2016,55,0.0
3558001,2016,56,50.0
3558001,2016,61,40.0
3558001,2016,62,130.0
3558001,2016,71,20.0
3558001,2016,72,90.0
3558001,2016,81,65.0
3558001,2016,91,65.0
3558003,2016,11,0.0
3558003,2016,21,0.0
3558003,2016,22,10.0
3558003,2016,23,35.0
3558003,2016,31-33,10.0
3558003,2016,41,0.0
3558003,2016,44-45,45.0
3558003,2016,48-49,10.0
3558003,2016,51,0.0
3558003,2016,52,0.0
3558003,2016,53,0.0
3558003,2016,54,10.0
3558003,2016,55,0.0
3558003,2016,56,10.0
3558003,2016,61,15.0
3558003,2016,62,65.0
3558003,2016,71,20.0
3558003,2016,72,25.0
3558003,2016,81,15.0
3558003,2016,91,50.0
3558004,2016,11,735.0
3558004,2016,21,705.0
3558004,2016,22,500.0
3558004,2016,23,3790.0
3558004,2016,31-33,2845.0
3558004,2016,41,1385.0
3558004,2016,44-45,6555.0
3558004,2016,48-49,2715.0
3558004,2016,51,1145.0
3558004,2016,52,1225.0
3558004,2016,53,715.0
3558004,2016,54,2915.0
3558004,2016,55,10.0
3558004,2016,56,1715.0
3558004,2016,61,4750.0
3558004,2016,62,9685.0
3558004,2016,71,1060.0
3558004,2016,72,4400.0
3558004,2016,81,2340.0
3558004,2016,91,4280.0
3558011,2016,11,265.0
3558011,2016,21,35.0
3558011,2016,22,50.0
3558011,2016,23,460.0
3558011,2016,31-33,180.0
3558011,2016,41,55.0
3558011,2016,44-45,310.0
3558011,2016,48-49,155.0
3558011,2016,51,25.0
3558011,2016,52,45.0
3558011,2016,53,30.0
3558011,2016,54,145.0
3558011,2016,55,0.0
3558011,2016,56,105.0
3558011,2016,61,300.0
3558011,2016,62,535.0
3558011,2016,71,35.0
3558011,2016,72,100.0
3558011,2016,81,150.0
3558011,2016,91,315.0
3558012,2016,11,25.0
3558012,2016,21,10.0
3558012,2016,22,0.0
3558012,2016,23,35.0
3558012,2016,31-33,10.0
3558012,2016,41,0.0
3558012,2016,44-45,25.0
3558012,2016,48-49,20.0
3558012,2016,51,0.0
3558012,2016,52,10.0
3558012,2016,53,10.0
3558012,2016,54,15.0
3558012,2016,55,0.0
3558012,2016,56,0.0
3558012,2016,61,30.0
3558012,2016,62,20.0
3558012,2016,71,10.0
3558012,2016,72,40.0
3558012,2016,81,10.0
3558012,2016,91,25.0
3558016,2016,11,40.0
3558016,2016,21,10.0
3558016,2016,22,0.0
3558016,2016,23,45.0
3558016,2016,31-33,25.0
3558016,2016,41,15.0
3558016,2016,44-45,50.0
3558016,2016,48-49,20.0
3558016,2016,51,10.0
3558016,2016,52,0.0
3558016,2016,53,0.0
3558016,2016,54,10.0
3558016,2016,55,0.0
3558016,2016,56,0.0
3558016,2016,61,20.0
3558016,2016,62,55.0
3558016,2016,71,0.0
3558016,2016,72,10.0
3558016,2016,81,10.0
3558016,2016,91,45.0
3558019,2016,11,25.0
3558019,2016,21,15.0
3558019,2016,22,0.0
3558019,2016,23,75.0
3558019,2016,31-33,15.0
3558019,2016,41,15.0
3558019,2016,44-45,40.0
3558019,2016,48-49,35.0
3558019,2016,51,10.0
3558019,2016,52,0.0
3558019,2016,53,0.0
3558019,2016,54,20.0
3558019,2016,55,0.0
3558019,2016,56,15.0
3558019,2016,61,35.0
3558019,2016,62,65.0
3558019,2016,71,0.0
3558019,2016,72,15.0
3558019,2016,81,15.0
3558019,2016,91,30.0
3558028,2016,11,30.0
3558028,2016,21,45.0
3558028,2016,22,15.0
3558028,2016,23,175.0
3558028,2016,31-33,75.0
3558028,2016,41,45.0
3558028,2016,44-45,135.0
3558028,2016,48-49,80.0
3558028,2016,51,15.0
3558028,2016,52,30.0
3558028,2016,53,35.0
3558028,2016,54,55.0
3558028,2016,55,0.0
3558028,2016,56,20.0
3558028,2016,61,170.0
3558028,2016,62,230.0
3558028,2016,71,25.0
3558028,2016,72,95.0
3558028,2016,81,50.0
3558028,2016,91,90.0
3558034,2016,11,25.0
3558034,2016,21,10.0
3558034,2016,22,0.0
3558034,2016,23,10.0
3558034,2016,31-33,10.0
3558034,2016,41,0.0
3558034,2016,44-45,0.0
3558034,2016,48-49,10.0
3558034,2016,51,0.0
3558034,2016,52,10.0
3558034,2016,53,0.0
3558034,2016,54,0.0
3558034,2016,55,0.0
3558034,2016,56,0.0
3558034,2016,61,0.0
3558034,2016,62,25.0
3558034,2016,71,0.0
3558034,2016,72,10.0
3558034,2016,81,0.0
3558034,2016,91,10.0
3558041,2016,11,10.0
3558041,2016,21,25.0
3558041,2016,22,0.0
3558041,2016,23,55.0
3558041,2016,31-33,10.0
3558041,2016,41,0.0
3558041,2016,44-45,50.0
3558041,2016,48-49,20.0
3558041,2016,51,10.0
3558041,2016,52,10.0
3558041,2016,53,10.0
3558041,2016,54,10.0
3558041,2016,55,0.0
3558041,2016,56,10.0
3558041,2016,61,50.0
3558041,2016,62,45.0
3558041,2016,71,0.0
3558041,2016,72,15.0
3558041,2016,81,20.0
3558041,2016,91,40.0
3558044,2016,11,25.0
3558044,2016,21,20.0
3558044,2016,22,45.0
3558044,2016,23,45.0
3558044,2016,31-33,15.0
3558044,2016,41,10.0
3558044,2016,44-45,95.0
3558044,2016,48-49,35.0
3558044,2016,51,10.0
3558044,2016,52,10.0
3558044,2016,53,0.0
3558044,2016,54,15.0
3558044,2016,55,0.0
3558044,2016,56,0.0
3558044,2016,61,50.0
3558044,2016,62,115.0
3558044,2016,71,20.0
3558044,2016,72,40.0
3558044,2016,81,55.0
3558044,2016,91,60.0
3558051,2016,11,0.0
3558051,2016,21,10.0
3558051,2016,22,10.0
3558051,2016,23,20.0
3558051,2016,31-33,85.0
3558051,2016,41,0.0
3558051,2016,44-45,100.0
3558051,2016,48-49,85.0
3558051,2016,51,0.0
3558051,2016,52,15.0
3558051,2016,53,0.0
3558051,2016,54,10.0
3558051,2016,55,0.0
3558051,2016,56,15.0
3558051,2016,61,55.0
3558051,2016,62,55.0
3558051,2016,71,0.0
3558051,2016,72,45.0
3558051,2016,81,30.0
3558051,2016,91,35.0
3558054,2016,11,15.0
3558054,2016,21,10.0
3558054,2016,22,0.0
3558054,2016,23,30.0
3558054,2016,31-33,250.0
3558054,2016,41,0.0
3558054,2016,44-45,60.0
3558054,2016,48-49,65.0
3558054,2016,51,10.0
3558054,2016,52,15.0
3558054,2016,53,0.0
3558054,2016,54,25.0
3558054,2016,55,10.0
3558054,2016,56,15.0
3558054,2016,61,80.0
3558054,2016,62,120.0
3558054,2016,71,0.0
3558054,2016,72,45.0
3558054,2016,81,15.0
3558054,2016,91,60.0
3558059,2016,11,20.0
3558059,2016,21,415.0
3558059,2016,22,10.0
3558059,2016,23,95.0
3558059,2016,31-33,55.0
3558059,2016,41,25.0
3558059,2016,44-45,250.0
3558059,2016,48-49,30.0
3558059,2016,51,10.0
3558059,2016,52,30.0
3558059,2016,53,15.0
3558059,2016,54,25.0
3558059,2016,55,0.0
3558059,2016,56,20.0
3558059,2016,61,210.0
3558059,2016,62,155.0
3558059,2016,71,40.0
3558059,2016,72,150.0
3558059,2016,81,55.0
3558059,2016,91,115.0
3558060,2016,11,0.0
3558060,2016,21,0.0
3558060,2016,22,0.0
3558060,2016,23,10.0
3558060,2016,31-33,0.0
3558060,2016,41,0.0
3558060,2016,44-45,0.0
3558060,2016,48-49,0.0
3558060,2016,51,0.0
3558060,2016,52,0.0
3558060,2016,53,0.0
3558060,2016,54,0.0
3558060,2016,55,0.0
3558060,2016,56,0.0
3558060,2016,61,0.0
3558060,2016,62,10.0
3558060,2016,71,0.0
3558060,2016,72,0.0
3558060,2016,81,0.0
3558060,2016,91,15.0
3558061,2016,11,0.0
3558061,2016,21,0.0
3558061,2016,22,0.0
3558061,2016,23,10.0
3558061,2016,31-33,0.0
3558061,2016,41,0.0
3558061,2016,44-45,0.0
3558061,2016,48-49,0.0
3558061,2016,51,0.0
3558061,2016,52,0.0
3558061,2016,53,10.0
3558061,2016,54,0.0
3558061,2016,55,0.0
3558061,2016,56,10.0
3558061,2016,61,10.0
3558061,2016,62,10.0
3558061,2016,71,0.0
3558061,2016,72,0.0
3558061,2016,81,0.0
3558061,2016,91,10.0
3558062,2016,11,15.0
3558062,2016,21,30.0
3558062,2016,22,0.0
3558062,2016,23,10.0
3558062,2016,31-33,0.0
3558062,2016,41,0.0
3558062,2016,44-45,10.0
3558062,2016,48-49,10.0
3558062,2016,51,0.0
3558062,2016,52,0.0
3558062,2016,53,0.0
3558062,2016,54,0.0
3558062,2016,55,0.0
3558062,2016,56,10.0
3558062,2016,61,10.0
3558062,2016,62,50.0
3558062,2016,71,10.0
3558062,2016,72,10.0
3558062,2016,81,0.0
3558062,2016,91,30.0
3558063,2016,11,0.0
3558063,2016,21,0.0
3558063,2016,22,0.0
3558063,2016,23,0.0
3558063,2016,31-33,0.0
3558063,2016,41,0.0
3558063,2016,44-45,0.0
3558063,2016,48-49,0.0
3558063,2016,51,0.0
3558063,2016,52,0.0
3558063,2016,53,0.0
3558063,2016,54,0.0
3558063,2016,55,0.0
3558063,2016,56,10.0
3558063,2016,61,0.0
3558063,2016,62,0.0
3558063,2016,71,0.0
3558063,2016,72,10.0
3558063,2016,81,0.0
3558063,2016,91,10.0
3558064,2016,11,0.0
3558064,2016,21,0.0
3558064,2016,22,0.0
3558064,2016,23,20.0
3558064,2016,31-33,0.0
3558064,2016,41,0.0
3558064,2016,44-45,25.0
3558064,2016,48-49,0.0
3558064,2016,51,0.0
3558064,2016,52,0.0
3558064,2016,53,0.0
3558064,2016,54,10.0
3558064,2016,55,0.0
3558064,2016,56,0.0
3558064,2016,61,10.0
3558064,2016,62,15.0
3558064,2016,71,0.0
3558064,2016,72,10.0
3558064,2016,81,0.0
3558064,2016,91,25.0
3558065,2016,11,0.0
3558065,2016,21,0.0
3558065,2016,22,0.0
3558065,2016,23,0.0
3558065,2016,31-33,0.0
3558065,2016,41,0.0
3558065,2016,44-45,0.0
3558065,2016,48-49,0.0
3558065,2016,51,0.0
3558065,2016,52,0.0
3558065,2016,53,0.0
3558065,2016,54,0.0
3558065,2016,55,0.0
3558065,2016,56,0.0
3558065,2016,61,10.0
3558065,2016,62,20.0
3558065,2016,71,0.0
3558065,2016,72,0.0
3558065,2016,81,0.0
3558065,2016,91,10.0
3558066,2016,11,65.0
3558066,2016,21,195.0
3558066,2016,22,0.0
3558066,2016,23,35.0
3558066,2016,31-33,15.0
3558066,2016,41,10.0
3558066,2016,44-45,120.0
3558066,2016,48-49,35.0
3558066,2016,51,10.0
3558066,2016,52,10.0
3558066,2016,53,0.0
3558066,2016,54,10.0
3558066,2016,55,0.0
3558066,2016,56,20.0
3558066,2016,61,70.0
3558066,2016,62,95.0
3558066,2016,71,15.0
3558066,2016,72,50.0
3558066,2016,81,30.0
3558066,2016,91,55.0
3558067,2016,11,10.0
3558067,2016,21,0.0
3558067,2016,22,0.0
3558067,2016,23,0.0
3558067,2016,31-33,10.0
3558067,2016,41,0.0
3558067,2016,44-45,10.0
3558067,2016,48-49,0.0
3558067,2016,51,0.0
3558067,2016,52,0.0
3558067,2016,53,0.0
3558067,2016,54,0.0
3558067,2016,55,0.0
3558067,2016,56,10.0
3558067,2016,61,0.0
3558067,2016,62,10.0
3558067,2016,71,0.0
3558067,2016,72,0.0
3558067,2016,81,0.0
3558067,2016,91,0.0
3558068,2016,11,10.0
3558068,2016,21,0.0
3558068,2016,22,0.0
3558068,2016,23,0.0
3558068,2016,31-33,10.0
3558068,2016,41,0.0
3558068,2016,44-45,10.0
3558068,2016,48-49,0.0
3558068,2016,51,0.0
3558068,2016,52,0.0
3558068,2016,53,0.0
3558068,2016,54,0.0
3558068,2016,55,0.0
3558068,2016,56,0.0
3558068,2016,61,10.0
3558068,2016,62,20.0
3558068,2016,71,0.0
3558068,2016,72,10.0
3558068,2016,81,0.0
3558068,2016,91,25.0
3558069,2016,11,10.0
3558069,2016,21,0.0
3558069,2016,22,0.0
3558069,2016,23,10.0
3558069,2016,31-33,10.0
3558069,2016,41,0.0
3558069,2016,44-45,10.0
3558069,2016,48-49,0.0
3558069,2016,51,0.0
3558069,2016,52,0.0
3558069,2016,53,0.0
3558069,2016,54,0.0
3558069,2016,55,0.0
3558069,2016,56,0.0
3558069,2016,61,10.0
3558069,2016,62,20.0
3558069,2016,71,0.0
3558069,2016,72,0.0
3558069,2016,81,0.0
3558069,2016,91,20.0
3558075,2016,11,145.0
3558075,2016,21,70.0
3558075,2016,22,30.0
3558075,2016,23,145.0
3558075,2016,31-33,65.0
3558075,2016,41,15.0
3558075,2016,44-45,210.0
3558075,2016,48-49,145.0
3558075,2016,51,30.0
3558075,2016,52,35.0
3558075,2016,53,0.0
3558075,2016,54,40.0
3558075,2016,55,0.0
3558075,2016,56,65.0
3558075,2016,61,350.0
3558075,2016,62,295.0
3558075,2016,71,20.0
3558075,2016,72,155.0
3558075,2016,81,70.0
3558075,2016,91,245.0
3558076,2016,11,15.0
3558076,2016,21,0.0
3558076,2016,22,0.0
3558076,2016,23,0.0
3558076,2016,31-33,0.0
3558076,2016,41,0.0
3558076,2016,44-45,10.0
3558076,2016,48-49,0.0
3558076,2016,51,0.0
3558076,2016,52,0.0
3558076,2016,53,0.0
3558076,2016,54,0.0
3558076,2016,55,0.0
3558076,2016,56,10.0
3558076,2016,61,25.0
3558076,2016,62,25.0
3558076,2016,71,10.0
3558076,2016,72,10.0
3558076,2016,81,0.0
3558076,2016,91,30.0
3558080,2016,11,0.0
3558080,2016,21,0.0
3558080,2016,22,0.0
3558080,2016,23,0.0
3558080,2016,31-33,0.0
3558080,2016,41,0.0
3558080,2016,44-45,0.0
3558080,2016,48-49,0.0
3558080,2016,51,0.0
3558080,2016,52,0.0
3558080,2016,53,0.0
3558080,2016,54,0.0
3558080,2016,55,0.0
3558080,2016,56,10.0
3558080,2016,61,10.0
3558080,2016,62,10.0
3558080,2016,71,0.0
3558080,2016,72,10.0
3558080,2016,81,0.0
3558080,2016,91,10.0
3558085,2016,11,0.0
3558085,2016,21,0.0
3558085,2016,22,0.0
3558085,2016,23,10.0
3558085,2016,31-33,0.0
3558085,2016,41,0.0
3558085,2016,44-45,0.0
3558085,2016,48-49,0.0
3558085,2016,51,0.0
3558085,2016,52,0.0
3558085,2016,53,0.0
3558085,2016,54,0.0
3558085,2016,55,0.0
3558085,2016,56,10.0
3558085,2016,61,10.0
3558085,2016,62,15.0
3558085,2016,71,0.0
3558085,2016,72,10.0
3558085,2016,81,0.0
3558085,2016,91,10.0
3558090,2016,11,160.0
3558090,2016,21,115.0
3558090,2016,22,50.0
3558090,2016,23,365.0
3558090,2016,31-33,205.0
3558090,2016,41,60.0
3558090,2016,44-45,265.0
3558090,2016,48-49,205.0
3558090,2016,51,15.0
3558090,2016,52,40.0
3558090,2016,53,50.0
3558090,2016,54,105.0
3558090,2016,55,0.0
3558090,2016,56,90.0
3558090,2016,61,175.0
3558090,2016,62,380.0
3558090,2016,71,45.0
3558090,2016,72,240.0
3558090,2016,81,150.0
3558090,2016,91,175.0
3558097,2016,11,0.0
3558097,2016,21,0.0
3558097,2016,22,0.0
3558097,2016,23,10.0
3558097,2016,31-33,0.0
3558097,2016,41,10.0
3558097,2016,44-45,10.0
3558097,2016,48-49,10.0
3558097,2016,51,0.0
3558097,2016,52,0.0
3558097,2016,53,0.0
3558097,2016,54,0.0
3558097,2016,55,0.0
3558097,2016,56,10.0
3558097,2016,61,0.0
3558097,2016,62,15.0
3558097,2016,71,0.0
3558097,2016,72,10.0
3558097,2016,81,0.0
3558097,2016,91,25.0
3559001,2016,11,55.0
3559001,2016,21,45.0
3559001,2016,22,50.0
3559001,2016,23,80.0
3559001,2016,31-33,125.0
3559001,2016,41,0.0
3559001,2016,44-45,115.0
3559001,2016,48-49,40.0
3559001,2016,51,20.0
3559001,2016,52,15.0
3559001,2016,53,10.0
3559001,2016,54,10.0
3559001,2016,55,0.0
3559001,2016,56,70.0
3559001,2016,61,110.0
3559001,2016,62,275.0
3559001,2016,71,15.0
3559001,2016,72,85.0
3559001,2016,81,80.0
3559001,2016,91,95.0
3559011,2016,11,55.0
3559011,2016,21,25.0
3559011,2016,22,0.0
3559011,2016,23,60.0
3559011,2016,31-33,15.0
3559011,2016,41,20.0
3559011,2016,44-45,50.0
3559011,2016,48-49,30.0
3559011,2016,51,0.0
3559011,2016,52,15.0
3559011,2016,53,0.0
3559011,2016,54,65.0
3559011,2016,55,0.0
3559011,2016,56,10.0
3559011,2016,61,50.0
3559011,2016,62,70.0
3559011,2016,71,0.0
3559011,2016,72,25.0
3559011,2016,81,20.0
3559011,2016,91,55.0
3559012,2016,11,35.0
3559012,2016,21,115.0
3559012,2016,22,45.0
3559012,2016,23,230.0
3559012,2016,31-33,130.0
3559012,2016,41,50.0
3559012,2016,44-45,625.0
3559012,2016,48-49,180.0
3559012,2016,51,65.0
3559012,2016,52,75.0
3559012,2016,53,25.0
3559012,2016,54,120.0
3559012,2016,55,10.0
3559012,2016,56,120.0
3559012,2016,61,390.0
3559012,2016,62,760.0
3559012,2016,71,35.0
3559012,2016,72,355.0
3559012,2016,81,145.0
3559012,2016,91,300.0
3559016,2016,11,35.0
3559016,2016,21,30.0
3559016,2016,22,0.0
3559016,2016,23,75.0
3559016,2016,31-33,20.0
3559016,2016,41,10.0
3559016,2016,44-45,75.0
3559016,2016,48-49,35.0
3559016,2016,51,10.0
3559016,2016,52,0.0
3559016,2016,53,10.0
3559016,2016,54,10.0
3559016,2016,55,0.0
3559016,2016,56,15.0
3559016,2016,61,25.0
3559016,2016,62,90.0
3559016,2016,71,10.0
3559016,2016,72,15.0
3559016,2016,81,25.0
3559016,2016,91,10.0
3559019,2016,11,35.0
3559019,2016,21,35.0
3559019,2016,22,10.0
3559019,2016,23,65.0
3559019,2016,31-33,50.0
3559019,2016,41,10.0
3559019,2016,44-45,100.0
3559019,2016,48-49,45.0
3559019,2016,51,0.0
3559019,2016,52,0.0
3559019,2016,53,10.0
3559019,2016,54,10.0
3559019,2016,55,0.0
3559019,2016,56,0.0
3559019,2016,61,85.0
3559019,2016,62,70.0
3559019,2016,71,10.0
3559019,2016,72,40.0
3559019,2016,81,40.0
3559019,2016,91,35.0
3559024,2016,11,40.0
3559024,2016,21,15.0
3559024,2016,22,0.0
3559024,2016,23,40.0
3559024,2016,31-33,30.0
3559024,2016,41,0.0
3559024,2016,44-45,35.0
3559024,2016,48-49,15.0
3559024,2016,51,0.0
3559024,2016,52,10.0
3559024,2016,53,0.0
3559024,2016,54,10.0
3559024,2016,55,0.0
3559024,2016,56,0.0
3559024,2016,61,15.0
3559024,2016,62,30.0
3559024,2016,71,0.0
3559024,2016,72,25.0
3559024,2016,81,30.0
3559024,2016,91,10.0
3559026,2016,11,0.0
3559026,2016,21,10.0
3559026,2016,22,0.0
3559026,2016,23,10.0
3559026,2016,31-33,15.0
3559026,2016,41,0.0
3559026,2016,44-45,10.0
3559026,2016,48-49,10.0
3559026,2016,51,0.0
3559026,2016,52,0.0
3559026,2016,53,0.0
3559026,2016,54,10.0
3559026,2016,55,0.0
3559026,2016,56,0.0
3559026,2016,61,10.0
3559026,2016,62,20.0
3559026,2016,71,10.0
3559026,2016,72,0.0
3559026,2016,81,10.0
3559026,2016,91,20.0
3559031,2016,11,110.0
3559031,2016,21,10.0
3559031,2016,22,0.0
3559031,2016,23,15.0
3559031,2016,31-33,20.0
3559031,2016,41,10.0
3559031,2016,44-45,10.0
3559031,2016,48-49,20.0
3559031,2016,51,0.0
3559031,2016,52,0.0
3559031,2016,53,10.0
3559031,2016,54,0.0
3559031,2016,55,0.0
3559031,2016,56,0.0
3559031,2016,61,15.0
3559031,2016,62,25.0
3559031,2016,71,0.0
3559031,2016,72,0.0
3559031,2016,81,10.0
3559031,2016,91,15.0
3559040,2016,11,30.0
3559040,2016,21,0.0
3559040,2016,22,0.0
3559040,2016,23,15.0
3559040,2016,31-33,10.0
3559040,2016,41,0.0
3559040,2016,44-45,20.0
3559040,2016,48-49,20.0
3559040,2016,51,0.0
3559040,2016,52,10.0
3559040,2016,53,0.0
3559040,2016,54,25.0
3559040,2016,55,0.0
3559040,2016,56,10.0
3559040,2016,61,10.0
3559040,2016,62,50.0
3559040,2016,71,0.0
3559040,2016,72,10.0
3559040,2016,81,0.0
3559040,2016,91,20.0
3559042,2016,11,0.0
3559042,2016,21,0.0
3559042,2016,22,0.0
3559042,2016,23,0.0
3559042,2016,31-33,10.0
3559042,2016,41,0.0
3559042,2016,44-45,40.0
3559042,2016,48-49,25.0
3559042,2016,51,10.0
3559042,2016,52,15.0
3559042,2016,53,0.0
3559042,2016,54,0.0
3559042,2016,55,0.0
3559042,2016,56,15.0
3559042,2016,61,50.0
3559042,2016,62,20.0
3559042,2016,71,0.0
3559042,2016,72,25.0
3559042,2016,81,0.0
3559042,2016,91,20.0
3559047,2016,11,15.0
3559047,2016,21,10.0
3559047,2016,22,0.0
3559047,2016,23,15.0
3559047,2016,31-33,15.0
3559047,2016,41,0.0
3559047,2016,44-45,10.0
3559047,2016,48-49,0.0
3559047,2016,51,0.0
3559047,2016,52,0.0
3559047,2016,53,10.0
3559047,2016,54,0.0
3559047,2016,55,0.0
3559047,2016,56,0.0
3559047,2016,61,10.0
3559047,2016,62,10.0
3559047,2016,71,0.0
3559047,2016,72,20.0
3559047,2016,81,10.0
3559047,2016,91,10.0
3559051,2016,11,0.0
3559051,2016,21,0.0
3559051,2016,22,10.0
3559051,2016,23,10.0
3559051,2016,31-33,0.0
3559051,2016,41,0.0
3559051,2016,44-45,0.0
3559051,2016,48-49,10.0
3559051,2016,51,0.0
3559051,2016,52,0.0
3559051,2016,53,0.0
3559051,2016,54,0.0
3559051,2016,55,0.0
3559051,2016,56,10.0
3559051,2016,61,0.0
3559051,2016,62,10.0
3559051,2016,71,0.0
3559051,2016,72,10.0
3559051,2016,81,0.0
3559051,2016,91,15.0
3559053,2016,11,0.0
3559053,2016,21,0.0
3559053,2016,22,0.0
3559053,2016,23,10.0
3559053,2016,31-33,0.0
3559053,2016,41,0.0
3559053,2016,44-45,0.0
3559053,2016,48-49,0.0
3559053,2016,51,0.0
3559053,2016,52,0.0
3559053,2016,53,0.0
3559053,2016,54,0.0
3559053,2016,55,0.0
3559053,2016,56,0.0
3559053,2016,61,10.0
3559053,2016,62,10.0
3559053,2016,71,0.0
3559053,2016,72,0.0
3559053,2016,81,0.0
3559053,2016,91,15.0
3559060,2016,11,0.0
3559060,2016,21,0.0
3559060,2016,22,0.0
3559060,2016,23,10.0
3559060,2016,31-33,0.0
3559060,2016,41,0.0
3559060,2016,44-45,0.0
3559060,2016,48-49,10.0
3559060,2016,51,0.0
3559060,2016,52,0.0
3559060,2016,53,0.0
3559060,2016,54,0.0
3559060,2016,55,0.0
3559060,2016,56,0.0
3559060,2016,61,15.0
3559060,2016,62,10.0
3559060,2016,71,10.0
3559060,2016,72,10.0
3559060,2016,81,0.0
3559060,2016,91,15.0
3559061,2016,11,0.0
3559061,2016,21,10.0
3559061,2016,22,0.0
3559061,2016,23,0.0
3559061,2016,31-33,0.0
3559061,2016,41,10.0
3559061,2016,44-45,0.0
3559061,2016,48-49,0.0
3559061,2016,51,0.0
3559061,2016,52,0.0
3559061,2016,53,0.0
3559061,2016,54,0.0
3559061,2016,55,0.0
3559061,2016,56,0.0
3559061,2016,61,0.0
3559061,2016,62,10.0
3559061,2016,71,0.0
3559061,2016,72,0.0
3559061,2016,81,0.0
3559061,2016,91,15.0
3559063,2016,11,20.0
3559063,2016,21,10.0
3559063,2016,22,0.0
3559063,2016,23,25.0
3559063,2016,31-33,0.0
3559063,2016,41,0.0
3559063,2016,44-45,20.0
3559063,2016,48-49,10.0
3559063,2016,51,0.0
3559063,2016,52,10.0
3559063,2016,53,10.0
3559063,2016,54,10.0
3559063,2016,55,0.0
3559063,2016,56,10.0
3559063,2016,61,20.0
3559063,2016,62,75.0
3559063,2016,71,35.0
3559063,2016,72,30.0
3559063,2016,81,10.0
3559063,2016,91,50.0
3559064,2016,11,0.0
3559064,2016,21,0.0
3559064,2016,22,0.0
3559064,2016,23,0.0
3559064,2016,31-33,0.0
3559064,2016,41,10.0
3559064,2016,44-45,0.0
3559064,2016,48-49,10.0
3559064,2016,51,0.0
3559064,2016,52,0.0
3559064,2016,53,0.0
3559064,2016,54,0.0
3559064,2016,55,0.0
3559064,2016,56,0.0
3559064,2016,61,0.0
3559064,2016,62,15.0
3559064,2016,71,0.0
3559064,2016,72,0.0
3559064,2016,81,0.0
3559064,2016,91,25.0
3559066,2016,11,0.0
3559066,2016,21,0.0
3559066,2016,22,0.0
3559066,2016,23,20.0
3559066,2016,31-33,0.0
3559066,2016,41,0.0
3559066,2016,44-45,10.0
3559066,2016,48-49,0.0
3559066,2016,51,0.0
3559066,2016,52,0.0
3559066,2016,53,0.0
3559066,2016,54,0.0
3559066,2016,55,0.0
3559066,2016,56,10.0
3559066,2016,61,10.0
3559066,2016,62,10.0
3559066,2016,71,0.0
3559066,2016,72,0.0
3559066,2016,81,0.0
3559066,2016,91,10.0
3559068,2016,11,0.0
3559068,2016,21,15.0
3559068,2016,22,0.0
3559068,2016,23,10.0
3559068,2016,31-33,0.0
3559068,2016,41,0.0
3559068,2016,44-45,0.0
3559068,2016,48-49,0.0
3559068,2016,51,0.0
3559068,2016,52,0.0
3559068,2016,53,0.0
3559068,2016,54,0.0
3559068,2016,55,0.0
3559068,2016,56,10.0
3559068,2016,61,0.0
3559068,2016,62,15.0
3559068,2016,71,0.0
3559068,2016,72,0.0
3559068,2016,81,0.0
3559068,2016,91,0.0
3559090,2016,11,55.0
3559090,2016,21,20.0
3559090,2016,22,10.0
3559090,2016,23,80.0
3559090,2016,31-33,30.0
3559090,2016,41,10.0
3559090,2016,44-45,50.0
3559090,2016,48-49,25.0
3559090,2016,51,0.0
3559090,2016,52,20.0
3559090,2016,53,10.0
3559090,2016,54,25.0
3559090,2016,55,0.0
3559090,2016,56,30.0
3559090,2016,61,65.0
3559090,2016,62,90.0
3559090,2016,71,10.0
3559090,2016,72,40.0
3559090,2016,81,15.0
3559090,2016,91,40.0
3560001,2016,11,50.0
3560001,2016,21,45.0
3560001,2016,22,0.0
3560001,2016,23,30.0
3560001,2016,31-33,30.0
3560001,2016,41,0.0
3560001,2016,44-45,25.0
3560001,2016,48-49,55.0
3560001,2016,51,0.0
3560001,2016,52,10.0
3560001,2016,53,0.0
3560001,2016,54,10.0
3560001,2016,55,0.0
3560001,2016,56,25.0
3560001,2016,61,50.0
3560001,2016,62,50.0
3560001,2016,71,0.0
3560001,2016,72,70.0
3560001,2016,81,15.0
3560001,2016,91,50.0
3560004,2016,11,10.0
3560004,2016,21,0.0
3560004,2016,22,0.0
3560004,2016,23,10.0
3560004,2016,31-33,0.0
3560004,2016,41,0.0
3560004,2016,44-45,10.0
3560004,2016,48-49,10.0
3560004,2016,51,0.0
3560004,2016,52,0.0
3560004,2016,53,10.0
3560004,2016,54,0.0
3560004,2016,55,0.0
3560004,2016,56,15.0
3560004,2016,61,40.0
3560004,2016,62,80.0
3560004,2016,71,0.0
3560004,2016,72,25.0
3560004,2016,81,0.0
3560004,2016,91,20.0
3560005,2016,11,0.0
3560005,2016,21,0.0
3560005,2016,22,10.0
3560005,2016,23,10.0
3560005,2016,31-33,0.0
3560005,2016,41,0.0
3560005,2016,44-45,0.0
3560005,2016,48-49,0.0
3560005,2016,51,0.0
3560005,2016,52,0.0
3560005,2016,53,0.0
3560005,2016,54,0.0
3560005,2016,55,0.0
3560005,2016,56,0.0
3560005,2016,61,0.0
3560005,2016,62,10.0
3560005,2016,71,10.0
3560005,2016,72,10.0
3560005,2016,81,0.0
3560005,2016,91,0.0
3560008,2016,11,10.0
3560008,2016,21,10.0
3560008,2016,22,0.0
3560008,2016,23,45.0
3560008,2016,31-33,0.0
3560008,2016,41,10.0
3560008,2016,44-45,65.0
3560008,2016,48-49,0.0
3560008,2016,51,0.0
3560008,2016,52,20.0
3560008,2016,53,10.0
3560008,2016,54,0.0
3560008,2016,55,0.0
3560008,2016,56,10.0
3560008,2016,61,10.0
3560008,2016,62,15.0
3560008,2016,71,15.0
3560008,2016,72,70.0
3560008,2016,81,10.0
3560008,2016,91,15.0
3560010,2016,11,140.0
3560010,2016,21,70.0
3560010,2016,22,85.0
3560010,2016,23,790.0
3560010,2016,31-33,340.0
3560010,2016,41,95.0
3560010,2016,44-45,1045.0
3560010,2016,48-49,360.0
3560010,2016,51,110.0
3560010,2016,52,160.0
3560010,2016,53,140.0
3560010,2016,54,260.0
3560010,2016,55,0.0
3560010,2016,56,180.0
3560010,2016,61,810.0
3560010,2016,62,1400.0
3560010,2016,71,95.0
3560010,2016,72,715.0
3560010,2016,81,415.0
3560010,2016,91,790.0
3560021,2016,11,40.0
3560021,2016,21,10.0
3560021,2016,22,0.0
3560021,2016,23,65.0
3560021,2016,31-33,35.0
3560021,2016,41,10.0
3560021,2016,44-45,65.0
3560021,2016,48-49,35.0
3560021,2016,51,0.0
3560021,2016,52,0.0
3560021,2016,53,0.0
3560021,2016,54,20.0
3560021,2016,55,0.0
3560021,2016,56,10.0
3560021,2016,61,45.0
3560021,2016,62,40.0
3560021,2016,71,10.0
3560021,2016,72,45.0
3560021,2016,81,20.0
3560021,2016,91,50.0
3560024,2016,11,0.0
3560024,2016,21,0.0
3560024,2016,22,0.0
3560024,2016,23,10.0
3560024,2016,31-33,0.0
3560024,2016,41,0.0
3560024,2016,44-45,0.0
3560024,2016,48-49,0.0
3560024,2016,51,0.0
3560024,2016,52,0.0
3560024,2016,53,0.0
3560024,2016,54,0.0
3560024,2016,55,0.0
3560024,2016,56,0.0
3560024,2016,61,15.0
3560024,2016,62,20.0
3560024,2016,71,0.0
3560024,2016,72,10.0
3560024,2016,81,0.0
3560024,2016,91,20.0
3560027,2016,11,140.0
3560027,2016,21,70.0
3560027,2016,22,30.0
3560027,2016,23,205.0
3560027,2016,31-33,315.0
3560027,2016,41,20.0
3560027,2016,44-45,620.0
3560027,2016,48-49,250.0
3560027,2016,51,50.0
3560027,2016,52,100.0
3560027,2016,53,45.0
3560027,2016,54,90.0
3560027,2016,55,0.0
3560027,2016,56,50.0
3560027,2016,61,330.0
3560027,2016,62,640.0
3560027,2016,71,25.0
3560027,2016,72,475.0
3560027,2016,81,175.0
3560027,2016,91,265.0
3560032,2016,11,25.0
3560032,2016,21,95.0
3560032,2016,22,20.0
3560032,2016,23,25.0
3560032,2016,31-33,95.0
3560032,2016,41,0.0
3560032,2016,44-45,65.0
3560032,2016,48-49,25.0
3560032,2016,51,0.0
3560032,2016,52,15.0
3560032,2016,53,0.0
3560032,2016,54,0.0
3560032,2016,55,0.0
3560032,2016,56,10.0
3560032,2016,61,10.0
3560032,2016,62,50.0
3560032,2016,71,10.0
3560032,2016,72,45.0
3560032,2016,81,10.0
3560032,2016,91,40.0
3560034,2016,11,45.0
3560034,2016,21,15.0
3560034,2016,22,25.0
3560034,2016,23,125.0
3560034,2016,31-33,35.0
3560034,2016,41,20.0
3560034,2016,44-45,320.0
3560034,2016,48-49,325.0
3560034,2016,51,25.0
3560034,2016,52,45.0
3560034,2016,53,40.0
3560034,2016,54,75.0
3560034,2016,55,0.0
3560034,2016,56,60.0
3560034,2016,61,310.0
3560034,2016,62,765.0
3560034,2016,71,20.0
3560034,2016,72,270.0
3560034,2016,81,75.0
3560034,2016,91,330.0
3560042,2016,11,40.0
3560042,2016,21,795.0
3560042,2016,22,10.0
3560042,2016,23,95.0
3560042,2016,31-33,50.0
3560042,2016,41,40.0
3560042,2016,44-45,240.0
3560042,2016,48-49,85.0
3560042,2016,51,15.0
3560042,2016,52,35.0
3560042,2016,53,10.0
3560042,2016,54,60.0
3560042,2016,55,0.0
3560042,2016,56,70.0
3560042,2016,61,170.0
3560042,2016,62,255.0
3560042,2016,71,40.0
3560042,2016,72,180.0
3560042,2016,81,95.0
3560042,2016,91,160.0
3560046,2016,11,0.0
3560046,2016,21,0.0
3560046,2016,22,0.0
3560046,2016,23,0.0
3560046,2016,31-33,0.0
3560046,2016,41,0.0
3560046,2016,44-45,0.0
3560046,2016,48-49,10.0
3560046,2016,51,0.0
3560046,2016,52,0.0
3560046,2016,53,0.0
3560046,2016,54,0.0
3560046,2016,55,0.0
3560046,2016,56,0.0
3560046,2016,61,10.0
3560046,2016,62,15.0
3560046,2016,71,10.0
3560046,2016,72,0.0
3560046,2016,81,0.0
3560046,2016,91,15.0
3560049,2016,11,0.0
3560049,2016,21,0.0
3560049,2016,22,0.0
3560049,2016,23,15.0
3560049,2016,31-33,10.0
3560049,2016,41,10.0
3560049,2016,44-45,30.0
3560049,2016,48-49,35.0
3560049,2016,51,10.0
3560049,2016,52,10.0
3560049,2016,53,10.0
3560049,2016,54,0.0
3560049,2016,55,0.0
3560049,2016,56,10.0
3560049,2016,61,20.0
3560049,2016,62,15.0
3560049,2016,71,0.0
3560049,2016,72,10.0
3560049,2016,81,10.0
3560049,2016,91,40.0
3560050,2016,11,0.0
3560050,2016,21,10.0
3560050,2016,22,10.0
3560050,2016,23,15.0
3560050,2016,31-33,0.0
3560050,2016,41,0.0
3560050,2016,44-45,40.0
3560050,2016,48-49,10.0
3560050,2016,51,0.0
3560050,2016,52,0.0
3560050,2016,53,0.0
3560050,2016,54,0.0
3560050,2016,55,0.0
3560050,2016,56,10.0
3560050,2016,61,40.0
3560050,2016,62,50.0
3560050,2016,71,0.0
3560050,2016,72,15.0
3560050,2016,81,10.0
3560050,2016,91,45.0
3560051,2016,11,10.0
3560051,2016,21,15.0
3560051,2016,22,10.0
3560051,2016,23,45.0
3560051,2016,31-33,10.0
3560051,2016,41,0.0
3560051,2016,44-45,50.0
3560051,2016,48-49,15.0
3560051,2016,51,10.0
3560051,2016,52,0.0
3560051,2016,53,0.0
3560051,2016,54,0.0
3560051,2016,55,0.0
3560051,2016,56,30.0
3560051,2016,61,70.0
3560051,2016,62,65.0
3560051,2016,71,0.0
3560051,2016,72,15.0
3560051,2016,81,15.0
3560051,2016,91,55.0
3560052,2016,11,10.0
3560052,2016,21,0.0
3560052,2016,22,10.0
3560052,2016,23,10.0
3560052,2016,31-33,10.0
3560052,2016,41,0.0
3560052,2016,44-45,0.0
3560052,2016,48-49,0.0
3560052,2016,51,0.0
3560052,2016,52,0.0
3560052,2016,53,0.0
3560052,2016,54,0.0
3560052,2016,55,0.0
3560052,2016,56,10.0
3560052,2016,61,10.0
3560052,2016,62,10.0
3560052,2016,71,0.0
3560052,2016,72,0.0
3560052,2016,81,0.0
3560052,2016,91,25.0
3560053,2016,11,0.0
3560053,2016,21,0.0
3560053,2016,22,10.0
3560053,2016,23,15.0
3560053,2016,31-33,0.0
3560053,2016,41,0.0
3560053,2016,44-45,30.0
3560053,2016,48-49,10.0
3560053,2016,51,0.0
3560053,2016,52,0.0
3560053,2016,53,0.0
3560053,2016,54,10.0
3560053,2016,55,0.0
3560053,2016,56,10.0
3560053,2016,61,50.0
3560053,2016,62,80.0
3560053,2016,71,0.0
3560053,2016,72,10.0
3560053,2016,81,0.0
3560053,2016,91,55.0
3560054,2016,11,0.0
3560054,2016,21,0.0
3560054,2016,22,0.0
3560054,2016,23,15.0
3560054,2016,31-33,0.0
3560054,2016,41,0.0
3560054,2016,44-45,10.0
3560054,2016,48-49,0.0
3560054,2016,51,0.0
3560054,2016,52,0.0
3560054,2016,53,0.0
3560054,2016,54,0.0
3560054,2016,55,0.0
3560054,2016,56,0.0
3560054,2016,61,15.0
3560054,2016,62,20.0
3560054,2016,71,0.0
3560054,2016,72,0.0
3560054,2016,81,0.0
3560054,2016,91,25.0
3560055,2016,11,0.0
3560055,2016,21,0.0
3560055,2016,22,0.0
3560055,2016,23,20.0
3560055,2016,31-33,0.0
3560055,2016,41,0.0
3560055,2016,44-45,0.0
3560055,2016,48-49,0.0
3560055,2016,51,0.0
3560055,2016,52,0.0
3560055,2016,53,0.0
3560055,2016,54,0.0
3560055,2016,55,0.0
3560055,2016,56,10.0
3560055,2016,61,10.0
3560055,2016,62,25.0
3560055,2016,71,0.0
3560055,2016,72,0.0
3560055,2016,81,0.0
3560055,2016,91,15.0
3560056,2016,11,15.0
3560056,2016,21,10.0
3560056,2016,22,0.0
3560056,2016,23,45.0
3560056,2016,31-33,15.0
3560056,2016,41,0.0
3560056,2016,44-45,15.0
3560056,2016,48-49,10.0
3560056,2016,51,0.0
3560056,2016,52,10.0
3560056,2016,53,15.0
3560056,2016,54,0.0
3560056,2016,55,0.0
3560056,2016,56,10.0
3560056,2016,61,45.0
3560056,2016,62,95.0
3560056,2016,71,0.0
3560056,2016,72,45.0
3560056,2016,81,10.0
3560056,2016,91,40.0
3560057,2016,11,10.0
3560057,2016,21,0.0
3560057,2016,22,0.0
3560057,2016,23,15.0
3560057,2016,31-33,0.0
3560057,2016,41,0.0
3560057,2016,44-45,10.0
3560057,2016,48-49,0.0
3560057,2016,51,0.0
3560057,2016,52,0.0
3560057,2016,53,0.0
3560057,2016,54,0.0
3560057,2016,55,0.0
3560057,2016,56,0.0
3560057,2016,61,0.0
3560057,2016,62,15.0
3560057,2016,71,0.0
3560057,2016,72,0.0
3560057,2016,81,0.0
3560057,2016,91,15.0
3560058,2016,11,0.0
3560058,2016,21,0.0
3560058,2016,22,0.0
3560058,2016,23,10.0
3560058,2016,31-33,0.0
3560058,2016,41,0.0
3560058,2016,44-45,10.0
3560058,2016,48-49,0.0
3560058,2016,51,0.0
3560058,2016,52,0.0
3560058,2016,53,0.0
3560058,2016,54,0.0
3560058,2016,55,0.0
3560058,2016,56,0.0
3560058,2016,61,25.0
3560058,2016,62,55.0
3560058,2016,71,10.0
3560058,2016,72,10.0
3560058,2016,81,10.0
3560058,2016,91,65.0
3560059,2016,11,0.0
3560059,2016,21,20.0
3560059,2016,22,10.0
3560059,2016,23,55.0
3560059,2016,31-33,0.0
3560059,2016,41,0.0
3560059,2016,44-45,25.0
3560059,2016,48-49,10.0
3560059,2016,51,10.0
3560059,2016,52,0.0
3560059,2016,53,0.0
3560059,2016,54,0.0
3560059,2016,55,0.0
3560059,2016,56,0.0
3560059,2016,61,30.0
3560059,2016,62,55.0
3560059,2016,71,0.0
3560059,2016,72,10.0
3560059,2016,81,15.0
3560059,2016,91,75.0
3560061,2016,11,0.0
3560061,2016,21,0.0
3560061,2016,22,0.0
3560061,2016,23,10.0
3560061,2016,31-33,0.0
3560061,2016,41,0.0
3560061,2016,44-45,10.0
3560061,2016,48-49,0.0
3560061,2016,51,0.0
3560061,2016,52,0.0
3560061,2016,53,0.0
3560061,2016,54,0.0
3560061,2016,55,0.0
3560061,2016,56,10.0
3560061,2016,61,60.0
3560061,2016,62,60.0
3560061,2016,71,0.0
3560061,2016,72,10.0
3560061,2016,81,0.0
3560061,2016,91,60.0
3560063,2016,11,0.0
3560063,2016,21,0.0
3560063,2016,22,0.0
3560063,2016,23,15.0
3560063,2016,31-33,0.0
3560063,2016,41,0.0
3560063,2016,44-45,0.0
3560063,2016,48-49,0.0
3560063,2016,51,0.0
3560063,2016,52,0.0
3560063,2016,53,0.0
3560063,2016,54,10.0
3560063,2016,55,0.0
3560063,2016,56,10.0
3560063,2016,61,25.0
3560063,2016,62,45.0
3560063,2016,71,0.0
3560063,2016,72,0.0
3560063,2016,81,0.0
3560063,2016,91,30.0
3560064,2016,11,0.0
3560064,2016,21,0.0
3560064,2016,22,0.0
3560064,2016,23,10.0
3560064,2016,31-33,0.0
3560064,2016,41,0.0
3560064,2016,44-45,0.0
3560064,2016,48-49,0.0
3560064,2016,51,0.0
3560064,2016,52,0.0
3560064,2016,53,0.0
3560064,2016,54,0.0
3560064,2016,55,0.0
3560064,2016,56,10.0
3560064,2016,61,10.0
3560064,2016,62,0.0
3560064,2016,71,0.0
3560064,2016,72,0.0
3560064,2016,81,0.0
3560064,2016,91,15.0
3560065,2016,11,0.0
3560065,2016,21,0.0
3560065,2016,22,0.0
3560065,2016,23,0.0
3560065,2016,31-33,0.0
3560065,2016,41,0.0
3560065,2016,44-45,0.0
3560065,2016,48-49,0.0
3560065,2016,51,0.0
3560065,2016,52,0.0
3560065,2016,53,0.0
3560065,2016,54,0.0
3560065,2016,55,0.0
3560065,2016,56,0.0
3560065,2016,61,0.0
3560065,2016,62,10.0
3560065,2016,71,0.0
3560065,2016,72,0.0
3560065,2016,81,0.0
3560065,2016,91,10.0
3560066,2016,11,0.0
3560066,2016,21,0.0
3560066,2016,22,10.0
3560066,2016,23,10.0
3560066,2016,31-33,0.0
3560066,2016,41,0.0
3560066,2016,44-45,20.0
3560066,2016,48-49,0.0
3560066,2016,51,0.0
3560066,2016,52,0.0
3560066,2016,53,0.0
3560066,2016,54,0.0
3560066,2016,55,0.0
3560066,2016,56,10.0
3560066,2016,61,0.0
3560066,2016,62,45.0
3560066,2016,71,20.0
3560066,2016,72,10.0
3560066,2016,81,0.0
3560066,2016,91,25.0
3560067,2016,11,0.0
3560067,2016,21,0.0
3560067,2016,22,0.0
3560067,2016,23,20.0
3560067,2016,31-33,0.0
3560067,2016,41,0.0
3560067,2016,44-45,10.0
3560067,2016,48-49,0.0
3560067,2016,51,0.0
3560067,2016,52,0.0
3560067,2016,53,0.0
3560067,2016,54,0.0
3560067,2016,55,0.0
3560067,2016,56,0.0
3560067,2016,61,20.0
3560067,2016,62,15.0
3560067,2016,71,0.0
3560067,2016,72,0.0
3560067,2016,81,0.0
3560067,2016,91,25.0
3560068,2016,11,10.0
3560068,2016,21,0.0
3560068,2016,22,10.0
3560068,2016,23,25.0
3560068,2016,31-33,0.0
3560068,2016,41,10.0
3560068,2016,44-45,10.0
3560068,2016,48-49,10.0
3560068,2016,51,10.0
3560068,2016,52,0.0
3560068,2016,53,0.0
3560068,2016,54,0.0
3560068,2016,55,0.0
3560068,2016,56,0.0
3560068,2016,61,20.0
3560068,2016,62,45.0
3560068,2016,71,0.0
3560068,2016,72,0.0
3560068,2016,81,0.0
3560068,2016,91,25.0
3560069,2016,11,0.0
3560069,2016,21,0.0
3560069,2016,22,0.0
3560069,2016,23,10.0
3560069,2016,31-33,0.0
3560069,2016,41,0.0
3560069,2016,44-45,10.0
3560069,2016,48-49,0.0
3560069,2016,51,0.0
3560069,2016,52,0.0
3560069,2016,53,10.0
3560069,2016,54,0.0
3560069,2016,55,0.0
3560069,2016,56,0.0
3560069,2016,61,0.0
3560069,2016,62,10.0
3560069,2016,71,0.0
3560069,2016,72,0.0
3560069,2016,81,0.0
3560069,2016,91,10.0
3560070,2016,11,0.0
3560070,2016,21,0.0
3560070,2016,22,10.0
3560070,2016,23,20.0
3560070,2016,31-33,0.0
3560070,2016,41,0.0
3560070,2016,44-45,15.0
3560070,2016,48-49,10.0
3560070,2016,51,0.0
3560070,2016,52,0.0
3560070,2016,53,10.0
3560070,2016,54,10.0
3560070,2016,55,0.0
3560070,2016,56,0.0
3560070,2016,61,30.0
3560070,2016,62,50.0
3560070,2016,71,0.0
3560070,2016,72,0.0
3560070,2016,81,10.0
3560070,2016,91,40.0
3560071,2016,11,0.0
3560071,2016,21,0.0
3560071,2016,22,10.0
3560071,2016,23,50.0
3560071,2016,31-33,0.0
3560071,2016,41,10.0
3560071,2016,44-45,60.0
3560071,2016,48-49,20.0
3560071,2016,51,0.0
3560071,2016,52,0.0
3560071,2016,53,10.0
3560071,2016,54,0.0
3560071,2016,55,0.0
3560071,2016,56,10.0
3560071,2016,61,120.0
3560071,2016,62,95.0
3560071,2016,71,0.0
3560071,2016,72,15.0
3560071,2016,81,15.0
3560071,2016,91,110.0
3560075,2016,11,0.0
3560075,2016,21,0.0
3560075,2016,22,10.0
3560075,2016,23,20.0
3560075,2016,31-33,0.0
3560075,2016,41,0.0
3560075,2016,44-45,20.0
3560075,2016,48-49,10.0
3560075,2016,51,10.0
3560075,2016,52,0.0
3560075,2016,53,0.0
3560075,2016,54,0.0
3560075,2016,55,0.0
3560075,2016,56,0.0
3560075,2016,61,25.0
3560075,2016,62,70.0
3560075,2016,71,0.0
3560075,2016,72,10.0
3560075,2016,81,10.0
3560075,2016,91,40.0
3560076,2016,11,10.0
3560076,2016,21,0.0
3560076,2016,22,10.0
3560076,2016,23,20.0
3560076,2016,31-33,0.0
3560076,2016,41,0.0
3560076,2016,44-45,15.0
3560076,2016,48-49,15.0
3560076,2016,51,0.0
3560076,2016,52,0.0
3560076,2016,53,0.0
3560076,2016,54,0.0
3560076,2016,55,0.0
3560076,2016,56,0.0
3560076,2016,61,20.0
3560076,2016,62,40.0
3560076,2016,71,0.0
3560076,2016,72,10.0
3560076,2016,81,0.0
3560076,2016,91,55.0
3560078,2016,11,0.0
3560078,2016,21,0.0
3560078,2016,22,0.0
3560078,2016,23,15.0
3560078,2016,31-33,0.0
3560078,2016,41,0.0
3560078,2016,44-45,10.0
3560078,2016,48-49,0.0
3560078,2016,51,0.0
3560078,2016,52,10.0
3560078,2016,53,0.0
3560078,2016,54,0.0
3560078,2016,55,0.0
3560078,2016,56,10.0
3560078,2016,61,20.0
3560078,2016,62,25.0
3560078,2016,71,0.0
3560078,2016,72,10.0
3560078,2016,81,0.0
3560078,2016,91,30.0
3560079,2016,11,0.0
3560079,2016,21,10.0
3560079,2016,22,10.0
3560079,2016,23,15.0
3560079,2016,31-33,0.0
3560079,2016,41,0.0
3560079,2016,44-45,20.0
3560079,2016,48-49,10.0
3560079,2016,51,10.0
3560079,2016,52,0.0
3560079,2016,53,0.0
3560079,2016,54,0.0
3560079,2016,55,0.0
3560079,2016,56,10.0
3560079,2016,61,45.0
3560079,2016,62,35.0
3560079,2016,71,10.0
3560079,2016,72,10.0
3560079,2016,81,0.0
3560079,2016,91,40.0
3560080,2016,11,0.0
3560080,2016,21,0.0
3560080,2016,22,0.0
3560080,2016,23,0.0
3560080,2016,31-33,0.0
3560080,2016,41,0.0
3560080,2016,44-45,0.0
3560080,2016,48-49,10.0
3560080,2016,51,0.0
3560080,2016,52,0.0
3560080,2016,53,0.0
3560080,2016,54,0.0
3560080,2016,55,0.0
3560080,2016,56,0.0
3560080,2016,61,0.0
3560080,2016,62,20.0
3560080,2016,71,0.0
3560080,2016,72,10.0
3560080,2016,81,0.0
3560080,2016,91,45.0
3560082,2016,11,0.0
3560082,2016,21,0.0
3560082,2016,22,0.0
3560082,2016,23,0.0
3560082,2016,31-33,0.0
3560082,2016,41,10.0
3560082,2016,44-45,0.0
3560082,2016,48-49,0.0
3560082,2016,51,0.0
3560082,2016,52,0.0
3560082,2016,53,0.0
3560082,2016,54,0.0
3560082,2016,55,0.0
3560082,2016,56,0.0
3560082,2016,61,0.0
3560082,2016,62,15.0
3560082,2016,71,0.0
3560082,2016,72,0.0
3560082,2016,81,0.0
3560082,2016,91,0.0
3560083,2016,11,0.0
3560083,2016,21,0.0
3560083,2016,22,0.0
3560083,2016,23,0.0
3560083,2016,31-33,0.0
3560083,2016,41,0.0
3560083,2016,44-45,0.0
3560083,2016,48-49,0.0
3560083,2016,51,0.0
3560083,2016,52,0.0
3560083,2016,53,0.0
3560083,2016,54,0.0
3560083,2016,55,0.0
3560083,2016,56,0.0
3560083,2016,61,0.0
3560083,2016,62,10.0
3560083,2016,71,0.0
3560083,2016,72,0.0
3560083,2016,81,0.0
3560083,2016,91,10.0
3560084,2016,11,0.0
3560084,2016,21,0.0
3560084,2016,22,10.0
3560084,2016,23,0.0
3560084,2016,31-33,10.0
3560084,2016,41,0.0
3560084,2016,44-45,0.0
3560084,2016,48-49,0.0
3560084,2016,51,0.0
3560084,2016,52,0.0
3560084,2016,53,0.0
3560084,2016,54,0.0
3560084,2016,55,0.0
3560084,2016,56,0.0
3560084,2016,61,0.0
3560084,2016,62,0.0
3560084,2016,71,0.0
3560084,2016,72,0.0
3560084,2016,81,0.0
3560084,2016,91,20.0
3560085,2016,11,0.0
3560085,2016,21,0.0
3560085,2016,22,10.0
3560085,2016,23,10.0
3560085,2016,31-33,0.0
3560085,2016,41,0.0
3560085,2016,44-45,20.0
3560085,2016,48-49,0.0
3560085,2016,51,10.0
3560085,2016,52,0.0
3560085,2016,53,0.0
3560085,2016,54,0.0
3560085,2016,55,0.0
3560085,2016,56,0.0
3560085,2016,61,30.0
3560085,2016,62,40.0
3560085,2016,71,0.0
3560085,2016,72,10.0
3560085,2016,81,10.0
3560085,2016,91,25.0
3560086,2016,11,0.0
3560086,2016,21,0.0
3560086,2016,22,0.0
3560086,2016,23,10.0
3560086,2016,31-33,10.0
3560086,2016,41,0.0
3560086,2016,44-45,15.0
3560086,2016,48-49,15.0
3560086,2016,51,0.0
3560086,2016,52,0.0
3560086,2016,53,0.0
3560086,2016,54,0.0
3560086,2016,55,0.0
3560086,2016,56,10.0
3560086,2016,61,20.0
3560086,2016,62,25.0
3560086,2016,71,0.0
3560086,2016,72,0.0
3560086,2016,81,10.0
3560086,2016,91,35.0
3560088,2016,11,0.0
3560088,2016,21,0.0
3560088,2016,22,0.0
3560088,2016,23,25.0
3560088,2016,31-33,0.0
3560088,2016,41,0.0
3560088,2016,44-45,10.0
3560088,2016,48-49,10.0
3560088,2016,51,10.0
3560088,2016,52,0.0
3560088,2016,53,0.0
3560088,2016,54,0.0
3560088,2016,55,0.0
3560088,2016,56,0.0
3560088,2016,61,15.0
3560088,2016,62,25.0
3560088,2016,71,10.0
3560088,2016,72,10.0
3560088,2016,81,10.0
3560088,2016,91,25.0
3560089,2016,11,0.0
3560089,2016,21,0.0
3560089,2016,22,0.0
3560089,2016,23,0.0
3560089,2016,31-33,10.0
3560089,2016,41,0.0
3560089,2016,44-45,10.0
3560089,2016,48-49,0.0
3560089,2016,51,0.0
3560089,2016,52,0.0
3560089,2016,53,0.0
3560089,2016,54,0.0
3560089,2016,55,0.0
3560089,2016,56,0.0
3560089,2016,61,0.0
3560089,2016,62,15.0
3560089,2016,71,10.0
3560089,2016,72,10.0
3560089,2016,81,0.0
3560089,2016,91,25.0
3560090,2016,11,180.0
3560090,2016,21,65.0
3560090,2016,22,25.0
3560090,2016,23,355.0
3560090,2016,31-33,250.0
3560090,2016,41,45.0
3560090,2016,44-45,440.0
3560090,2016,48-49,285.0
3560090,2016,51,20.0
3560090,2016,52,75.0
3560090,2016,53,30.0
3560090,2016,54,105.0
3560090,2016,55,0.0
3560090,2016,56,65.0
3560090,2016,61,175.0
3560090,2016,62,450.0
3560090,2016,71,50.0
3560090,2016,72,225.0
3560090,2016,81,165.0
3560090,2016,91,265.0
3560091,2016,11,0.0
3560091,2016,21,0.0
3560091,2016,22,0.0
3560091,2016,23,10.0
3560091,2016,31-33,0.0
3560091,2016,41,0.0
3560091,2016,44-45,0.0
3560091,2016,48-49,0.0
3560091,2016,51,0.0
3560091,2016,52,0.0
3560091,2016,53,0.0
3560091,2016,54,0.0
3560091,2016,55,0.0
3560091,2016,56,10.0
3560091,2016,61,0.0
3560091,2016,62,15.0
3560091,2016,71,0.0
3560091,2016,72,0.0
3560091,2016,81,0.0
3560091,2016,91,20.0
3560093,2016,11,0.0
3560093,2016,21,10.0
3560093,2016,22,10.0
3560093,2016,23,10.0
3560093,2016,31-33,0.0
3560093,2016,41,0.0
3560093,2016,44-45,10.0
3560093,2016,48-49,0.0
3560093,2016,51,10.0
3560093,2016,52,0.0
3560093,2016,53,0.0
3560093,2016,54,0.0
3560093,2016,55,0.0
3560093,2016,56,0.0
3560093,2016,61,10.0
3560093,2016,62,20.0
3560093,2016,71,0.0
3560093,2016,72,0.0
3560093,2016,81,0.0
3560093,2016,91,25.0
3560095,2016,11,0.0
3560095,2016,21,0.0
3560095,2016,22,10.0
3560095,2016,23,10.0
3560095,2016,31-33,0.0
3560095,2016,41,0.0
3560095,2016,44-45,15.0
3560095,2016,48-49,0.0
3560095,2016,51,0.0
3560095,2016,52,0.0
3560095,2016,53,0.0
3560095,2016,54,0.0
3560095,2016,55,0.0
3560095,2016,56,0.0
3560095,2016,61,10.0
3560095,2016,62,40.0
3560095,2016,71,0.0
3560095,2016,72,10.0
3560095,2016,81,0.0
3560095,2016,91,40.0
3560096,2016,11,0.0
3560096,2016,21,0.0
3560096,2016,22,0.0
3560096,2016,23,25.0
3560096,2016,31-33,0.0
3560096,2016,41,0.0
3560096,2016,44-45,20.0
3560096,2016,48-49,0.0
3560096,2016,51,10.0
3560096,2016,52,10.0
3560096,2016,53,0.0
3560096,2016,54,0.0
3560096,2016,55,0.0
3560096,2016,56,10.0
3560096,2016,61,35.0
3560096,2016,62,40.0
3560096,2016,71,0.0
3560096,2016,72,10.0
3560096,2016,81,0.0
3560096,2016,91,50.0
3560097,2016,11,0.0
3560097,2016,21,0.0
3560097,2016,22,0.0
3560097,2016,23,10.0
3560097,2016,31-33,0.0
3560097,2016,41,0.0
3560097,2016,44-45,0.0
3560097,2016,48-49,10.0
3560097,2016,51,10.0
3560097,2016,52,0.0
3560097,2016,53,0.0
3560097,2016,54,0.0
3560097,2016,55,0.0
3560097,2016,56,0.0
3560097,2016,61,15.0
3560097,2016,62,35.0
3560097,2016,71,0.0
3560097,2016,72,0.0
3560097,2016,81,0.0
3560097,2016,91,30.0
3560098,2016,11,0.0
3560098,2016,21,0.0
3560098,2016,22,10.0
3560098,2016,23,25.0
3560098,2016,31-33,0.0
3560098,2016,41,0.0
3560098,2016,44-45,25.0
3560098,2016,48-49,0.0
3560098,2016,51,0.0
3560098,2016,52,0.0
3560098,2016,53,0.0
3560098,2016,54,0.0
3560098,2016,55,0.0
3560098,2016,56,0.0
3560098,2016,61,20.0
3560098,2016,62,35.0
3560098,2016,71,10.0
3560098,2016,72,15.0
3560098,2016,81,20.0
3560098,2016,91,40.0
3560104,2016,11,0.0
3560104,2016,21,0.0
3560104,2016,22,0.0
3560104,2016,23,15.0
3560104,2016,31-33,0.0
3560104,2016,41,0.0
3560104,2016,44-45,0.0
3560104,2016,48-49,0.0
3560104,2016,51,0.0
3560104,2016,52,0.0
3560104,2016,53,0.0
3560104,2016,54,0.0
3560104,2016,55,0.0
3560104,2016,56,10.0
3560104,2016,61,20.0
3560104,2016,62,35.0
3560104,2016,71,0.0
3560104,2016,72,0.0
3560104,2016,81,0.0
3560104,2016,91,30.0
3501005,2011,11,410.0
3501005,2011,21,0.0
3501005,2011,22,55.0
3501005,2011,23,460.0
3501005,2011,31-33,755.0
3501005,2011,41,270.0
3501005,2011,44-45,625.0
3501005,2011,48-49,555.0
3501005,2011,51,80.0
3501005,2011,52,185.0
3501005,2011,53,110.0
3501005,2011,54,355.0
3501005,2011,55,0.0
3501005,2011,56,330.0
3501005,2011,61,565.0
3501005,2011,62,850.0
3501005,2011,71,200.0
3501005,2011,72,270.0
3501005,2011,81,350.0
3501005,2011,91,460.0
3501011,2011,11,90.0
3501011,2011,21,0.0
3501011,2011,22,55.0
3501011,2011,23,490.0
3501011,2011,31-33,720.0
3501011,2011,41,225.0
3501011,2011,44-45,855.0
3501011,2011,48-49,365.0
3501011,2011,51,160.0
3501011,2011,52,240.0
3501011,2011,53,130.0
3501011,2011,54,295.0
3501011,2011,55,0.0
3501011,2011,56,325.0
3501011,2011,61,540.0
3501011,2011,62,755.0
3501011,2011,71,110.0
3501011,2011,72,395.0
3501011,2011,81,315.0
3501011,2011,91,620.0
3501012,2011,11,110.0
3501012,2011,21,0.0
3501012,2011,22,90.0
3501012,2011,23,1150.0
3501012,2011,31-33,2700.0
3501012,2011,41,680.0
3501012,2011,44-45,2525.0
3501012,2011,48-49,1520.0
3501012,2011,51,225.0
3501012,2011,52,410.0
3501012,2011,53,335.0
3501012,2011,54,485.0
3501012,2011,55,35.0
3501012,2011,56,1785.0
3501012,2011,61,1190.0
3501012,2011,62,2770.0
3501012,2011,71,285.0
3501012,2011,72,1530.0
3501012,2011,81,920.0
3501012,2011,91,1340.0
3501020,2011,11,405.0
3501020,2011,21,0.0
3501020,2011,22,85.0
3501020,2011,23,515.0
3501020,2011,31-33,725.0
3501020,2011,41,235.0
3501020,2011,44-45,755.0
3501020,2011,48-49,430.0
3501020,2011,51,50.0
3501020,2011,52,85.0
3501020,2011,53,45.0
3501020,2011,54,165.0
3501020,2011,55,0.0
3501020,2011,56,230.0
3501020,2011,61,260.0
3501020,2011,62,475.0
3501020,2011,71,205.0
3501020,2011,72,165.0
3501020,2011,81,230.0
3501020,2011,91,370.0
3501030,2011,11,480.0
3501030,2011,21,0.0
3501030,2011,22,90.0
3501030,2011,23,625.0
3501030,2011,31-33,515.0
3501030,2011,41,400.0
3501030,2011,44-45,805.0
3501030,2011,48-49,245.0
3501030,2011,51,55.0
3501030,2011,52,140.0
3501030,2011,53,50.0
3501030,2011,54,295.0
3501030,2011,55,0.0
3501030,2011,56,320.0
3501030,2011,61,245.0
3501030,2011,62,820.0
3501030,2011,71,70.0
3501030,2011,72,200.0
3501030,2011,81,245.0
3501030,2011,91,755.0
3501042,2011,11,415.0
3501042,2011,21,0.0
3501042,2011,22,15.0
3501042,2011,23,585.0
3501042,2011,31-33,275.0
3501042,2011,41,165.0
3501042,2011,44-45,345.0
3501042,2011,48-49,325.0
3501042,2011,51,90.0
3501042,2011,52,230.0
3501042,2011,53,45.0
3501042,2011,54,230.0
3501042,2011,55,0.0
3501042,2011,56,155.0
3501042,2011,61,150.0
3501042,2011,62,350.0
3501042,2011,71,55.0
3501042,2011,72,65.0
3501042,2011,81,100.0
3501042,2011,91,280.0
3501050,2011,11,350.0
3501050,2011,21,0.0
3501050,2011,22,35.0
3501050,2011,23,510.0
3501050,2011,31-33,685.0
3501050,2011,41,200.0
3501050,2011,44-45,535.0
3501050,2011,48-49,330.0
3501050,2011,51,100.0
3501050,2011,52,180.0
3501050,2011,53,30.0
3501050,2011,54,205.0
3501050,2011,55,0.0
3501050,2011,56,80.0
3501050,2011,61,345.0
3501050,2011,62,535.0
3501050,2011,71,60.0
3501050,2011,72,200.0
3501050,2011,81,305.0
3501050,2011,91,260.0
3502001,2011,11,175.0
3502001,2011,21,0.0
3502001,2011,22,0.0
3502001,2011,23,120.0
3502001,2011,31-33,255.0
3502001,2011,41,115.0
3502001,2011,44-45,195.0
3502001,2011,48-49,120.0
3502001,2011,51,30.0
3502001,2011,52,25.0
3502001,2011,53,30.0
3502001,2011,54,85.0
3502001,2011,55,0.0
3502001,2011,56,50.0
3502001,2011,61,120.0
3502001,2011,62,155.0
3502001,2011,71,25.0
3502001,2011,72,20.0
3502001,2011,81,85.0
3502001,2011,91,100.0
3502008,2011,11,35.0
3502008,2011,21,0.0
3502008,2011,22,0.0
3502008,2011,23,345.0
3502008,2011,31-33,700.0
3502008,2011,41,150.0
3502008,2011,44-45,870.0
3502008,2011,48-49,175.0
3502008,2011,51,75.0
3502008,2011,52,115.0
3502008,2011,53,40.0
3502008,2011,54,180.0
3502008,2011,55,0.0
3502008,2011,56,110.0
3502008,2011,61,300.0
3502008,2011,62,620.0
3502008,2011,71,50.0
3502008,2011,72,350.0
3502008,2011,81,175.0
3502008,2011,91,265.0
3502010,2011,11,170.0
3502010,2011,21,0.0
3502010,2011,22,0.0
3502010,2011,23,260.0
3502010,2011,31-33,745.0
3502010,2011,41,140.0
3502010,2011,44-45,605.0
3502010,2011,48-49,170.0
3502010,2011,51,50.0
3502010,2011,52,125.0
3502010,2011,53,65.0
3502010,2011,54,250.0
3502010,2011,55,0.0
3502010,2011,56,70.0
3502010,2011,61,415.0
3502010,2011,62,510.0
3502010,2011,71,95.0
3502010,2011,72,180.0
3502010,2011,81,210.0
3502010,2011,91,255.0
3502023,2011,11,325.0
3502023,2011,21,0.0
3502023,2011,22,0.0
3502023,2011,23,730.0
3502023,2011,31-33,405.0
3502023,2011,41,165.0
3502023,2011,44-45,465.0
3502023,2011,48-49,280.0
3502023,2011,51,40.0
3502023,2011,52,100.0
3502023,2011,53,65.0
3502023,2011,54,105.0
3502023,2011,55,0.0
3502023,2011,56,160.0
3502023,2011,61,365.0
3502023,2011,62,545.0
3502023,2011,71,70.0
3502023,2011,72,180.0
3502023,2011,81,165.0
3502023,2011,91,625.0
3502025,2011,11,580.0
3502025,2011,21,0.0
3502025,2011,22,0.0
3502025,2011,23,980.0
3502025,2011,31-33,415.0
3502025,2011,41,300.0
3502025,2011,44-45,550.0
3502025,2011,48-49,330.0
3502025,2011,51,80.0
3502025,2011,52,170.0
3502025,2011,53,95.0
3502025,2011,54,295.0
3502025,2011,55,0.0
3502025,2011,56,295.0
3502025,2011,61,635.0
3502025,2011,62,620.0
3502025,2011,71,135.0
3502025,2011,72,200.0
3502025,2011,81,230.0
3502025,2011,91,1140.0
3502036,2011,11,225.0
3502036,2011,21,25.0
3502036,2011,22,40.0
3502036,2011,23,1735.0
3502036,2011,31-33,475.0
3502036,2011,41,315.0
3502036,2011,44-45,1485.0
3502036,2011,48-49,545.0
3502036,2011,51,200.0
3502036,2011,52,425.0
3502036,2011,53,175.0
3502036,2011,54,635.0
3502036,2011,55,0.0
3502036,2011,56,470.0
3502036,2011,61,1055.0
3502036,2011,62,1610.0
3502036,2011,71,215.0
3502036,2011,72,495.0
3502036,2011,81,555.0
3502036,2011,91,2905.0
3502044,2011,11,40.0
3502044,2011,21,0.0
3502044,2011,22,0.0
3502044,2011,23,165.0
3502044,2011,31-33,60.0
3502044,2011,41,65.0
3502044,2011,44-45,270.0
3502044,2011,48-49,75.0
3502044,2011,51,70.0
3502044,2011,52,65.0
3502044,2011,53,25.0
3502044,2011,54,110.0
3502044,2011,55,0.0
3502044,2011,56,55.0
3502044,2011,61,250.0
3502044,2011,62,240.0
3502044,2011,71,20.0
3502044,2011,72,110.0
3502044,2011,81,120.0
3502044,2011,91,320.0
3502048,2011,11,255.0
3502048,2011,21,0.0
3502048,2011,22,50.0
3502048,2011,23,765.0
3502048,2011,31-33,350.0
3502048,2011,41,275.0
3502048,2011,44-45,895.0
3502048,2011,48-49,435.0
3502048,2011,51,150.0
3502048,2011,52,325.0
3502048,2011,53,190.0
3502048,2011,54,440.0
3502048,2011,55,0.0
3502048,2011,56,295.0
3502048,2011,61,805.0
3502048,2011,62,980.0
3502048,2011,71,275.0
3502048,2011,72,235.0
3502048,2011,81,350.0
3502048,2011,91,2005.0
3506008,2011,11,2305.0
3506008,2011,21,400.0
3506008,2011,22,1560.0
3506008,2011,23,21165.0
3506008,2011,31-33,17320.0
3506008,2011,41,13160.0
3506008,2011,44-45,48670.0
3506008,2011,48-49,14375.0
3506008,2011,51,13775.0
3506008,2011,52,16865.0
3506008,2011,53,8530.0
3506008,2011,54,48470.0
3506008,2011,55,250.0
3506008,2011,56,18720.0
3506008,2011,61,36860.0
3506008,2011,62,49860.0
3506008,2011,71,8710.0
3506008,2011,72,30380.0
3506008,2011,81,22770.0
3506008,2011,91,113970.0
3507004,2011,11,120.0
3507004,2011,21,0.0
3507004,2011,22,0.0
3507004,2011,23,355.0
3507004,2011,31-33,675.0
3507004,2011,41,170.0
3507004,2011,44-45,530.0
3507004,2011,48-49,245.0
3507004,2011,51,35.0
3507004,2011,52,95.0
3507004,2011,53,95.0
3507004,2011,54,125.0
3507004,2011,55,0.0
3507004,2011,56,155.0
3507004,2011,61,150.0
3507004,2011,62,270.0
3507004,2011,71,55.0
3507004,2011,72,175.0
3507004,2011,81,140.0
3507004,2011,91,295.0
3507006,2011,11,140.0
3507006,2011,21,0.0
3507006,2011,22,30.0
3507006,2011,23,285.0
3507006,2011,31-33,635.0
3507006,2011,41,185.0
3507006,2011,44-45,560.0
3507006,2011,48-49,195.0
3507006,2011,51,45.0
3507006,2011,52,80.0
3507006,2011,53,20.0
3507006,2011,54,180.0
3507006,2011,55,0.0
3507006,2011,56,300.0
3507006,2011,61,220.0
3507006,2011,62,570.0
3507006,2011,71,45.0
3507006,2011,72,185.0
3507006,2011,81,130.0
3507006,2011,91,240.0
3507014,2011,11,290.0
3507014,2011,21,0.0
3507014,2011,22,25.0
3507014,2011,23,380.0
3507014,2011,31-33,630.0
3507014,2011,41,305.0
3507014,2011,44-45,615.0
3507014,2011,48-49,190.0
3507014,2011,51,50.0
3507014,2011,52,155.0
3507014,2011,53,100.0
3507014,2011,54,230.0
3507014,2011,55,0.0
3507014,2011,56,220.0
3507014,2011,61,295.0
3507014,2011,62,745.0
3507014,2011,71,145.0
3507014,2011,72,240.0
3507014,2011,81,145.0
3507014,2011,91,335.0
3507015,2011,11,115.0
3507015,2011,21,0.0
3507015,2011,22,10.0
3507015,2011,23,575.0
3507015,2011,31-33,1325.0
3507015,2011,41,350.0
3507015,2011,44-45,1575.0
3507015,2011,48-49,445.0
3507015,2011,51,145.0
3507015,2011,52,265.0
3507015,2011,53,170.0
3507015,2011,54,480.0
3507015,2011,55,0.0
3507015,2011,56,640.0
3507015,2011,61,790.0
3507015,2011,62,1360.0
3507015,2011,71,225.0
3507015,2011,72,700.0
3507015,2011,81,430.0
3507015,2011,91,690.0
3507017,2011,11,35.0
3507017,2011,21,0.0
3507017,2011,22,0.0
3507017,2011,23,95.0
3507017,2011,31-33,225.0
3507017,2011,41,20.0
3507017,2011,44-45,165.0
3507017,2011,48-49,95.0
3507017,2011,51,15.0
3507017,2011,52,20.0
3507017,2011,53,0.0
3507017,2011,54,45.0
3507017,2011,55,0.0
3507017,2011,56,45.0
3507017,2011,61,80.0
3507017,2011,62,150.0
3507017,2011,71,55.0
3507017,2011,72,70.0
3507017,2011,81,55.0
3507017,2011,91,115.0
3507021,2011,11,285.0
3507021,2011,21,0.0
3507021,2011,22,30.0
3507021,2011,23,495.0
3507021,2011,31-33,470.0
3507021,2011,41,180.0
3507021,2011,44-45,590.0
3507021,2011,48-49,235.0
3507021,2011,51,85.0
3507021,2011,52,140.0
3507021,2011,53,40.0
3507021,2011,54,190.0
3507021,2011,55,0.0
3507021,2011,56,175.0
3507021,2011,61,295.0
3507021,2011,62,635.0
3507021,2011,71,170.0
3507021,2011,72,300.0
3507021,2011,81,210.0
3507021,2011,91,585.0
3507024,2011,11,0.0
3507024,2011,21,0.0
3507024,2011,22,0.0
3507024,2011,23,115.0
3507024,2011,31-33,250.0
3507024,2011,41,155.0
3507024,2011,44-45,345.0
3507024,2011,48-49,110.0
3507024,2011,51,0.0
3507024,2011,52,45.0
3507024,2011,53,15.0
3507024,2011,54,80.0
3507024,2011,55,0.0
3507024,2011,56,160.0
3507024,2011,61,150.0
3507024,2011,62,210.0
3507024,2011,71,235.0
3507024,2011,72,315.0
3507024,2011,81,100.0
3507024,2011,91,145.0
3507033,2011,11,0.0
3507033,2011,21,0.0
3507033,2011,22,0.0
3507033,2011,23,20.0
3507033,2011,31-33,0.0
3507033,2011,41,0.0
3507033,2011,44-45,85.0
3507033,2011,48-49,0.0
3507033,2011,51,0.0
3507033,2011,52,0.0
3507033,2011,53,0.0
3507033,2011,54,0.0
3507033,2011,55,0.0
3507033,2011,56,0.0
3507033,2011,61,20.0
3507033,2011,62,55.0
3507033,2011,71,0.0
3507033,2011,72,0.0
3507033,2011,81,30.0
3507033,2011,91,0.0
3507040,2011,11,155.0
3507040,2011,21,0.0
3507040,2011,22,20.0
3507040,2011,23,410.0
3507040,2011,31-33,440.0
3507040,2011,41,220.0
3507040,2011,44-45,520.0
3507040,2011,48-49,260.0
3507040,2011,51,70.0
3507040,2011,52,95.0
3507040,2011,53,60.0
3507040,2011,54,370.0
3507040,2011,55,0.0
3507040,2011,56,120.0
3507040,2011,61,315.0
3507040,2011,62,550.0
3507040,2011,71,225.0
3507040,2011,72,335.0
3507040,2011,81,195.0
3507040,2011,91,295.0
3507042,2011,11,150.0
3507042,2011,21,0.0
3507042,2011,22,0.0
3507042,2011,23,105.0
3507042,2011,31-33,230.0
3507042,2011,41,25.0
3507042,2011,44-45,165.0
3507042,2011,48-49,70.0
3507042,2011,51,0.0
3507042,2011,52,35.0
3507042,2011,53,15.0
3507042,2011,54,40.0
3507042,2011,55,0.0
3507042,2011,56,60.0
3507042,2011,61,60.0
3507042,2011,62,290.0
3507042,2011,71,30.0
3507042,2011,72,60.0
3507042,2011,81,75.0
3507042,2011,91,155.0
3507065,2011,11,160.0
3507065,2011,21,40.0
3507065,2011,22,95.0
3507065,2011,23,830.0
3507065,2011,31-33,390.0
3507065,2011,41,325.0
3507065,2011,44-45,1210.0
3507065,2011,48-49,325.0
3507065,2011,51,165.0
3507065,2011,52,180.0
3507065,2011,53,150.0
3507065,2011,54,665.0
3507065,2011,55,0.0
3507065,2011,56,375.0
3507065,2011,61,570.0
3507065,2011,62,760.0
3507065,2011,71,130.0
3507065,2011,72,360.0
3507065,2011,81,440.0
3507065,2011,91,1365.0
3509001,2011,11,50.0
3509001,2011,21,0.0
3509001,2011,22,0.0
3509001,2011,23,315.0
3509001,2011,31-33,205.0
3509001,2011,41,110.0
3509001,2011,44-45,290.0
3509001,2011,48-49,165.0
3509001,2011,51,40.0
3509001,2011,52,15.0
3509001,2011,53,10.0
3509001,2011,54,150.0
3509001,2011,55,0.0
3509001,2011,56,90.0
3509001,2011,61,35.0
3509001,2011,62,265.0
3509001,2011,71,0.0
3509001,2011,72,25.0
3509001,2011,81,40.0
3509001,2011,91,175.0
3509004,2011,11,0.0
3509004,2011,21,0.0
3509004,2011,22,30.0
3509004,2011,23,345.0
3509004,2011,31-33,505.0
3509004,2011,41,70.0
3509004,2011,44-45,775.0
3509004,2011,48-49,140.0
3509004,2011,51,75.0
3509004,2011,52,55.0
3509004,2011,53,70.0
3509004,2011,54,140.0
3509004,2011,55,0.0
3509004,2011,56,210.0
3509004,2011,61,210.0
3509004,2011,62,540.0
3509004,2011,71,75.0
3509004,2011,72,360.0
3509004,2011,81,125.0
3509004,2011,91,230.0
3509021,2011,11,0.0
3509021,2011,21,0.0
3509021,2011,22,0.0
3509021,2011,23,275.0
3509021,2011,31-33,220.0
3509021,2011,41,70.0
3509021,2011,44-45,455.0
3509021,2011,48-49,60.0
3509021,2011,51,35.0
3509021,2011,52,70.0
3509021,2011,53,45.0
3509021,2011,54,110.0
3509021,2011,55,0.0
3509021,2011,56,145.0
3509021,2011,61,230.0
3509021,2011,62,400.0
3509021,2011,71,70.0
3509021,2011,72,235.0
3509021,2011,81,85.0
3509021,2011,91,220.0
3509024,2011,11,20.0
3509024,2011,21,0.0
3509024,2011,22,40.0
3509024,2011,23,250.0
3509024,2011,31-33,330.0
3509024,2011,41,105.0
3509024,2011,44-45,575.0
3509024,2011,48-49,135.0
3509024,2011,51,80.0
3509024,2011,52,105.0
3509024,2011,53,85.0
3509024,2011,54,405.0
3509024,2011,55,0.0
3509024,2011,56,180.0
3509024,2011,61,260.0
3509024,2011,62,460.0
3509024,2011,71,45.0
3509024,2011,72,140.0
3509024,2011,81,150.0
3509024,2011,91,510.0
3509028,2011,11,0.0
3509028,2011,21,0.0
3509028,2011,22,0.0
3509028,2011,23,370.0
3509028,2011,31-33,525.0
3509028,2011,41,190.0
3509028,2011,44-45,745.0
3509028,2011,48-49,90.0
3509028,2011,51,80.0
3509028,2011,52,130.0
3509028,2011,53,120.0
3509028,2011,54,365.0
3509028,2011,55,0.0
3509028,2011,56,210.0
3509028,2011,61,330.0
3509028,2011,62,575.0
3509028,2011,71,95.0
3509028,2011,72,315.0
3509028,2011,81,215.0
3509028,2011,91,665.0
3509030,2011,11,330.0
3509030,2011,21,0.0
3509030,2011,22,90.0
3509030,2011,23,555.0
3509030,2011,31-33,535.0
3509030,2011,41,315.0
3509030,2011,44-45,730.0
3509030,2011,48-49,185.0
3509030,2011,51,150.0
3509030,2011,52,250.0
3509030,2011,53,140.0
3509030,2011,54,555.0
3509030,2011,55,0.0
3509030,2011,56,310.0
3509030,2011,61,350.0
3509030,2011,62,835.0
3509030,2011,71,240.0
3509030,2011,72,215.0
3509030,2011,81,345.0
3509030,2011,91,755.0
3510005,2011,11,75.0
3510005,2011,21,0.0
3510005,2011,22,0.0
3510005,2011,23,80.0
3510005,2011,31-33,25.0
3510005,2011,41,40.0
3510005,2011,44-45,65.0
3510005,2011,48-49,35.0
3510005,2011,51,30.0
3510005,2011,52,0.0
3510005,2011,53,0.0
3510005,2011,54,45.0
3510005,2011,55,0.0
3510005,2011,56,0.0
3510005,2011,61,220.0
3510005,2011,62,100.0
3510005,2011,71,15.0
3510005,2011,72,45.0
3510005,2011,81,40.0
3510005,2011,91,105.0
3510010,2011,11,235.0
3510010,2011,21,55.0
3510010,2011,22,285.0
3510010,2011,23,3345.0
3510010,2011,31-33,2595.0
3510010,2011,41,1290.0
3510010,2011,44-45,7105.0
3510010,2011,48-49,1685.0
3510010,2011,51,1050.0
3510010,2011,52,1970.0
3510010,2011,53,1185.0
3510010,2011,54,2960.0
3510010,2011,55,50.0
3510010,2011,56,2880.0
3510010,2011,61,10020.0
3510010,2011,62,9085.0
3510010,2011,71,1270.0
3510010,2011,72,5965.0
3510010,2011,81,2250.0
3510010,2011,91,8405.0
3510020,2011,11,180.0
3510020,2011,21,25.0
3510020,2011,22,115.0
3510020,2011,23,880.0
3510020,2011,31-33,835.0
3510020,2011,41,360.0
3510020,2011,44-45,1270.0
3510020,2011,48-49,480.0
3510020,2011,51,125.0
3510020,2011,52,185.0
3510020,2011,53,230.0
3510020,2011,54,600.0
3510020,2011,55,15.0
3510020,2011,56,355.0
3510020,2011,61,1120.0
3510020,2011,62,1360.0
3510020,2011,71,155.0
3510020,2011,72,415.0
3510020,2011,81,380.0
3510020,2011,91,1140.0
3511005,2011,11,165.0
3511005,2011,21,0.0
3511005,2011,22,105.0
3511005,2011,23,600.0
3511005,2011,31-33,550.0
3511005,2011,41,130.0
3511005,2011,44-45,1325.0
3511005,2011,48-49,335.0
3511005,2011,51,115.0
3511005,2011,52,285.0
3511005,2011,53,135.0
3511005,2011,54,280.0
3511005,2011,55,0.0
3511005,2011,56,370.0
3511005,2011,61,590.0
3511005,2011,62,1015.0
3511005,2011,71,200.0
3511005,2011,72,425.0
3511005,2011,81,430.0
3511005,2011,91,1120.0
3511015,2011,11,310.0
3511015,2011,21,0.0
3511015,2011,22,125.0
3511015,2011,23,725.0
3511015,2011,31-33,760.0
3511015,2011,41,215.0
3511015,2011,44-45,1075.0
3511015,2011,48-49,235.0
3511015,2011,51,70.0
3511015,2011,52,165.0
3511015,2011,53,165.0
3511015,2011,54,340.0
3511015,2011,55,15.0
3511015,2011,56,235.0
3511015,2011,61,395.0
3511015,2011,62,915.0
3511015,2011,71,55.0
3511015,2011,72,445.0
3511015,2011,81,270.0
3511015,2011,91,630.0
3511030,2011,11,90.0
3511030,2011,21,0.0
3511030,2011,22,40.0
3511030,2011,23,510.0
3511030,2011,31-33,515.0
3511030,2011,41,205.0
3511030,2011,44-45,340.0
3511030,2011,48-49,175.0
3511030,2011,51,40.0
3511030,2011,52,60.0
3511030,2011,53,45.0
3511030,2011,54,105.0
3511030,2011,55,0.0
3511030,2011,56,105.0
3511030,2011,61,355.0
3511030,2011,62,565.0
3511030,2011,71,35.0
3511030,2011,72,215.0
3511030,2011,81,185.0
3511030,2011,91,515.0
3512001,2011,11,75.0
3512001,2011,21,0.0
3512001,2011,22,0.0
3512001,2011,23,290.0
3512001,2011,31-33,290.0
3512001,2011,41,95.0
3512001,2011,44-45,290.0
3512001,2011,48-49,160.0
3512001,2011,51,0.0
3512001,2011,52,75.0
3512001,2011,53,0.0
3512001,2011,54,125.0
3512001,2011,55,0.0
3512001,2011,56,100.0
3512001,2011,61,205.0
3512001,2011,62,245.0
3512001,2011,71,55.0
3512001,2011,72,60.0
3512001,2011,81,30.0
3512001,2011,91,150.0
3512004,2011,11,0.0
3512004,2011,21,0.0
3512004,2011,22,0.0
3512004,2011,23,165.0
3512004,2011,31-33,100.0
3512004,2011,41,25.0
3512004,2011,44-45,165.0
3512004,2011,48-49,40.0
3512004,2011,51,0.0
3512004,2011,52,10.0
3512004,2011,53,0.0
3512004,2011,54,15.0
3512004,2011,55,0.0
3512004,2011,56,40.0
3512004,2011,61,60.0
3512004,2011,62,70.0
3512004,2011,71,20.0
3512004,2011,72,45.0
3512004,2011,81,60.0
3512004,2011,91,165.0
3512005,2011,11,200.0
3512005,2011,21,15.0
3512005,2011,22,125.0
3512005,2011,23,1460.0
3512005,2011,31-33,2610.0
3512005,2011,41,725.0
3512005,2011,44-45,4000.0
3512005,2011,48-49,995.0
3512005,2011,51,560.0
3512005,2011,52,490.0
3512005,2011,53,380.0
3512005,2011,54,995.0
3512005,2011,55,35.0
3512005,2011,56,1560.0
3512005,2011,61,1790.0
3512005,2011,62,2985.0
3512005,2011,71,335.0
3512005,2011,72,1905.0
3512005,2011,81,1145.0
3512005,2011,91,1995.0
3512015,2011,11,285.0
3512015,2011,21,0.0
3512015,2011,22,105.0
3512015,2011,23,960.0
3512015,2011,31-33,2650.0
3512015,2011,41,760.0
3512015,2011,44-45,2540.0
3512015,2011,48-49,1200.0
3512015,2011,51,155.0
3512015,2011,52,430.0
3512015,2011,53,345.0
3512015,2011,54,535.0
3512015,2011,55,0.0
3512015,2011,56,1145.0
3512015,2011,61,1320.0
3512015,2011,62,2160.0
3512015,2011,71,345.0
3512015,2011,72,1235.0
3512015,2011,81,1035.0
3512015,2011,91,3895.0
3512020,2011,11,95.0
3512020,2011,21,20.0
3512020,2011,22,40.0
3512020,2011,23,290.0
3512020,2011,31-33,270.0
3512020,2011,41,75.0
3512020,2011,44-45,475.0
3512020,2011,48-49,170.0
3512020,2011,51,15.0
3512020,2011,52,80.0
3512020,2011,53,30.0
3512020,2011,54,55.0
3512020,2011,55,0.0
3512020,2011,56,70.0
3512020,2011,61,240.0
3512020,2011,62,285.0
3512020,2011,71,45.0
3512020,2011,72,80.0
3512020,2011,81,85.0
3512020,2011,91,190.0
3512026,2011,11,120.0
3512026,2011,21,0.0
3512026,2011,22,30.0
3512026,2011,23,220.0
3512026,2011,31-33,245.0
3512026,2011,41,95.0
3512026,2011,44-45,375.0
3512026,2011,48-49,130.0
3512026,2011,51,0.0
3512026,2011,52,35.0
3512026,2011,53,45.0
3512026,2011,54,90.0
3512026,2011,55,0.0
3512026,2011,56,95.0
3512026,2011,61,245.0
3512026,2011,62,235.0
3512026,2011,71,55.0
3512026,2011,72,70.0
3512026,2011,81,45.0
3512026,2011,91,135.0
3512030,2011,11,220.0
3512030,2011,21,0.0
3512030,2011,22,125.0
3512030,2011,23,245.0
3512030,2011,31-33,315.0
3512030,2011,41,70.0
3512030,2011,44-45,550.0
3512030,2011,48-49,155.0
3512030,2011,51,20.0
3512030,2011,52,30.0
3512030,2011,53,0.0
3512030,2011,54,105.0
3512030,2011,55,0.0
3512030,2011,56,130.0
3512030,2011,61,170.0
3512030,2011,62,350.0
3512030,2011,71,25.0
3512030,2011,72,45.0
3512030,2011,81,125.0
3512030,2011,91,140.0
3512048,2011,11,0.0
3512048,2011,21,0.0
3512048,2011,22,0.0
3512048,2011,23,30.0
3512048,2011,31-33,10.0
3512048,2011,41,0.0
3512048,2011,44-45,0.0
3512048,2011,48-49,0.0
3512048,2011,51,0.0
3512048,2011,52,0.0
3512048,2011,53,0.0
3512048,2011,54,0.0
3512048,2011,55,0.0
3512048,2011,56,0.0
3512048,2011,61,20.0
3512048,2011,62,25.0
3512048,2011,71,0.0
3512048,2011,72,0.0
3512048,2011,81,0.0
3512048,2011,91,0.0
3512051,2011,11,0.0
3512051,2011,21,0.0
3512051,2011,22,0.0
3512051,2011,23,0.0
3512051,2011,31-33,0.0
3512051,2011,41,0.0
3512051,2011,44-45,30.0
3512051,2011,48-49,0.0
3512051,2011,51,0.0
3512051,2011,52,0.0
3512051,2011,53,0.0
3512051,2011,54,20.0
3512051,2011,55,0.0
3512051,2011,56,0.0
3512051,2011,61,0.0
3512051,2011,62,0.0
3512051,2011,71,0.0
3512051,2011,72,0.0
3512051,2011,81,0.0
3512051,2011,91,0.0
3512058,2011,11,0.0
3512058,2011,21,0.0
3512058,2011,22,0.0
3512058,2011,23,95.0
3512058,2011,31-33,50.0
3512058,2011,41,0.0
3512058,2011,44-45,95.0
3512058,2011,48-49,30.0
3512058,2011,51,0.0
3512058,2011,52,25.0
3512058,2011,53,0.0
3512058,2011,54,25.0
3512058,2011,55,0.0
3512058,2011,56,0.0
3512058,2011,61,65.0
3512058,2011,62,45.0
3512058,2011,71,0.0
3512058,2011,72,0.0
3512058,2011,81,45.0
3512058,2011,91,35.0
3512061,2011,11,25.0
3512061,2011,21,0.0
3512061,2011,22,15.0
3512061,2011,23,250.0
3512061,2011,31-33,75.0
3512061,2011,41,20.0
3512061,2011,44-45,215.0
3512061,2011,48-49,80.0
3512061,2011,51,10.0
3512061,2011,52,15.0
3512061,2011,53,65.0
3512061,2011,54,50.0
3512061,2011,55,0.0
3512061,2011,56,45.0
3512061,2011,61,130.0
3512061,2011,62,245.0
3512061,2011,71,25.0
3512061,2011,72,175.0
3512061,2011,81,95.0
3512061,2011,91,135.0
3512065,2011,11,15.0
3512065,2011,21,0.0
3512065,2011,22,0.0
3512065,2011,23,80.0
3512065,2011,31-33,20.0
3512065,2011,41,0.0
3512065,2011,44-45,65.0
3512065,2011,48-49,40.0
3512065,2011,51,0.0
3512065,2011,52,0.0
3512065,2011,53,0.0
3512065,2011,54,0.0
3512065,2011,55,0.0
3512065,2011,56,15.0
3512065,2011,61,0.0
3512065,2011,62,60.0
3512065,2011,71,0.0
3512065,2011,72,0.0
3512065,2011,81,0.0
3512065,2011,91,0.0
3512076,2011,11,90.0
3512076,2011,21,0.0
3512076,2011,22,25.0
3512076,2011,23,185.0
3512076,2011,31-33,160.0
3512076,2011,41,0.0
3512076,2011,44-45,175.0
3512076,2011,48-49,105.0
3512076,2011,51,0.0
3512076,2011,52,65.0
3512076,2011,53,50.0
3512076,2011,54,60.0
3512076,2011,55,0.0
3512076,2011,56,45.0
3512076,2011,61,135.0
3512076,2011,62,235.0
3512076,2011,71,25.0
3512076,2011,72,125.0
3512076,2011,81,150.0
3512076,2011,91,95.0
3513020,2011,11,900.0
3513020,2011,21,10.0
3513020,2011,22,115.0
3513020,2011,23,985.0
3513020,2011,31-33,990.0
3513020,2011,41,235.0
3513020,2011,44-45,1440.0
3513020,2011,48-49,430.0
3513020,2011,51,225.0
3513020,2011,52,165.0
3513020,2011,53,290.0
3513020,2011,54,525.0
3513020,2011,55,0.0
3513020,2011,56,565.0
3513020,2011,61,655.0
3513020,2011,62,1615.0
3513020,2011,71,255.0
3513020,2011,72,870.0
3513020,2011,81,535.0
3513020,2011,91,855.0
3514004,2011,11,190.0
3514004,2011,21,0.0
3514004,2011,22,0.0
3514004,2011,23,410.0
3514004,2011,31-33,410.0
3514004,2011,41,125.0
3514004,2011,44-45,545.0
3514004,2011,48-49,305.0
3514004,2011,51,35.0
3514004,2011,52,115.0
3514004,2011,53,60.0
3514004,2011,54,220.0
3514004,2011,55,0.0
3514004,2011,56,285.0
3514004,2011,61,340.0
3514004,2011,62,525.0
3514004,2011,71,85.0
3514004,2011,72,255.0
3514004,2011,81,165.0
3514004,2011,91,550.0
3514014,2011,11,205.0
3514014,2011,21,0.0
3514014,2011,22,30.0
3514014,2011,23,340.0
3514014,2011,31-33,585.0
3514014,2011,41,95.0
3514014,2011,44-45,350.0
3514014,2011,48-49,145.0
3514014,2011,51,35.0
3514014,2011,52,65.0
3514014,2011,53,0.0
3514014,2011,54,90.0
3514014,2011,55,0.0
3514014,2011,56,225.0
3514014,2011,61,185.0
3514014,2011,62,415.0
3514014,2011,71,120.0
3514014,2011,72,80.0
3514014,2011,81,215.0
3514014,2011,91,160.0
3514019,2011,11,190.0
3514019,2011,21,25.0
3514019,2011,22,255.0
3514019,2011,23,565.0
3514019,2011,31-33,895.0
3514019,2011,41,185.0
3514019,2011,44-45,610.0
3514019,2011,48-49,130.0
3514019,2011,51,75.0
3514019,2011,52,105.0
3514019,2011,53,85.0
3514019,2011,54,195.0
3514019,2011,55,0.0
3514019,2011,56,245.0
3514019,2011,61,645.0
3514019,2011,62,720.0
3514019,2011,71,120.0
3514019,2011,72,365.0
3514019,2011,81,325.0
3514019,2011,91,220.0
3514020,2011,11,155.0
3514020,2011,21,40.0
3514020,2011,22,260.0
3514020,2011,23,650.0
3514020,2011,31-33,1145.0
3514020,2011,41,140.0
3514020,2011,44-45,1155.0
3514020,2011,48-49,130.0
3514020,2011,51,165.0
3514020,2011,52,165.0
3514020,2011,53,75.0
3514020,2011,54,460.0
3514020,2011,55,0.0
3514020,2011,56,365.0
3514020,2011,61,595.0
3514020,2011,62,915.0
3514020,2011,71,175.0
3514020,2011,72,500.0
3514020,2011,81,370.0
3514020,2011,91,465.0
3514021,2011,11,45.0
3514021,2011,21,45.0
3514021,2011,22,215.0
3514021,2011,23,550.0
3514021,2011,31-33,1340.0
3514021,2011,41,165.0
3514021,2011,44-45,965.0
3514021,2011,48-49,310.0
3514021,2011,51,120.0
3514021,2011,52,210.0
3514021,2011,53,190.0
3514021,2011,54,515.0
3514021,2011,55,0.0
3514021,2011,56,435.0
3514021,2011,61,655.0
3514021,2011,62,995.0
3514021,2011,71,250.0
3514021,2011,72,585.0
3514021,2011,81,460.0
3514021,2011,91,420.0
3514024,2011,11,270.0
3514024,2011,21,0.0
3514024,2011,22,65.0
3514024,2011,23,405.0
3514024,2011,31-33,570.0
3514024,2011,41,135.0
3514024,2011,44-45,290.0
3514024,2011,48-49,105.0
3514024,2011,51,80.0
3514024,2011,52,65.0
3514024,2011,53,35.0
3514024,2011,54,235.0
3514024,2011,55,0.0
3514024,2011,56,140.0
3514024,2011,61,355.0
3514024,2011,62,295.0
3514024,2011,71,60.0
3514024,2011,72,105.0
3514024,2011,81,220.0
3514024,2011,91,430.0
3514027,2011,11,0.0
3514027,2011,21,0.0
3514027,2011,22,0.0
3514027,2011,23,30.0
3514027,2011,31-33,20.0
3514027,2011,41,0.0
3514027,2011,44-45,25.0
3514027,2011,48-49,0.0
3514027,2011,51,0.0
3514027,2011,52,0.0
3514027,2011,53,0.0
3514027,2011,54,10.0
3514027,2011,55,0.0
3514027,2011,56,0.0
3514027,2011,61,10.0
3514027,2011,62,35.0
3514027,2011,71,10.0
3514027,2011,72,15.0
3514027,2011,81,15.0
3514027,2011,91,50.0
3514045,2011,11,565.0
3514045,2011,21,25.0
3514045,2011,22,95.0
3514045,2011,23,460.0
3514045,2011,31-33,555.0
3514045,2011,41,215.0
3514045,2011,44-45,770.0
3514045,2011,48-49,355.0
3514045,2011,51,90.0
3514045,2011,52,115.0
3514045,2011,53,65.0
3514045,2011,54,340.0
3514045,2011,55,0.0
3514045,2011,56,185.0
3514045,2011,61,370.0
3514045,2011,62,665.0
3514045,2011,71,130.0
3514045,2011,72,335.0
3514045,2011,81,305.0
3514045,2011,91,320.0
3515003,2011,11,180.0
3515003,2011,21,15.0
3515003,2011,22,20.0
3515003,2011,23,125.0
3515003,2011,31-33,170.0
3515003,2011,41,40.0
3515003,2011,44-45,250.0
3515003,2011,48-49,135.0
3515003,2011,51,30.0
3515003,2011,52,90.0
3515003,2011,53,0.0
3515003,2011,54,40.0
3515003,2011,55,0.0
3515003,2011,56,90.0
3515003,2011,61,145.0
3515003,2011,62,230.0
3515003,2011,71,55.0
3515003,2011,72,50.0
3515003,2011,81,130.0
3515003,2011,91,140.0
3515005,2011,11,320.0
3515005,2011,21,0.0
3515005,2011,22,35.0
3515005,2011,23,315.0
3515005,2011,31-33,420.0
3515005,2011,41,205.0
3515005,2011,44-45,505.0
3515005,2011,48-49,135.0
3515005,2011,51,50.0
3515005,2011,52,90.0
3515005,2011,53,65.0
3515005,2011,54,160.0
3515005,2011,55,0.0
3515005,2011,56,120.0
3515005,2011,61,290.0
3515005,2011,62,355.0
3515005,2011,71,70.0
3515005,2011,72,100.0
3515005,2011,81,245.0
3515005,2011,91,270.0
3515008,2011,11,0.0
3515008,2011,21,0.0
3515008,2011,22,0.0
3515008,2011,23,10.0
3515008,2011,31-33,10.0
3515008,2011,41,0.0
3515008,2011,44-45,15.0
3515008,2011,48-49,0.0
3515008,2011,51,0.0
3515008,2011,52,0.0
3515008,2011,53,0.0
3515008,2011,54,0.0
3515008,2011,55,0.0
3515008,2011,56,10.0
3515008,2011,61,15.0
3515008,2011,62,15.0
3515008,2011,71,15.0
3515008,2011,72,0.0
3515008,2011,81,10.0
3515008,2011,91,25.0
3515014,2011,11,125.0
3515014,2011,21,100.0
3515014,2011,22,375.0
3515014,2011,23,2000.0
3515014,2011,31-33,3065.0
3515014,2011,41,1450.0
3515014,2011,44-45,4955.0
3515014,2011,48-49,1175.0
3515014,2011,51,865.0
3515014,2011,52,1210.0
3515014,2011,53,620.0
3515014,2011,54,1545.0
3515014,2011,55,15.0
3515014,2011,56,2130.0
3515014,2011,61,3610.0
3515014,2011,62,5545.0
3515014,2011,71,975.0
3515014,2011,72,3305.0
3515014,2011,81,2040.0
3515014,2011,91,2275.0
3515015,2011,11,125.0
3515015,2011,21,80.0
3515015,2011,22,110.0
3515015,2011,23,740.0
3515015,2011,31-33,800.0
3515015,2011,41,340.0
3515015,2011,44-45,1170.0
3515015,2011,48-49,260.0
3515015,2011,51,60.0
3515015,2011,52,245.0
3515015,2011,53,105.0
3515015,2011,54,495.0
3515015,2011,55,0.0
3515015,2011,56,315.0
3515015,2011,61,825.0
3515015,2011,62,1185.0
3515015,2011,71,160.0
3515015,2011,72,480.0
3515015,2011,81,355.0
3515015,2011,91,605.0
3515019,2011,11,0.0
3515019,2011,21,0.0
3515019,2011,22,0.0
3515019,2011,23,70.0
3515019,2011,31-33,15.0
3515019,2011,41,10.0
3515019,2011,44-45,55.0
3515019,2011,48-49,10.0
3515019,2011,51,10.0
3515019,2011,52,10.0
3515019,2011,53,0.0
3515019,2011,54,15.0
3515019,2011,55,0.0
3515019,2011,56,15.0
3515019,2011,61,20.0
3515019,2011,62,70.0
3515019,2011,71,30.0
3515019,2011,72,20.0
3515019,2011,81,15.0
3515019,2011,91,70.0
3515023,2011,11,190.0
3515023,2011,21,40.0
3515023,2011,22,35.0
3515023,2011,23,370.0
3515023,2011,31-33,405.0
3515023,2011,41,140.0
3515023,2011,44-45,420.0
3515023,2011,48-49,170.0
3515023,2011,51,0.0
3515023,2011,52,130.0
3515023,2011,53,90.0
3515023,2011,54,140.0
3515023,2011,55,0.0
3515023,2011,56,120.0
3515023,2011,61,290.0
3515023,2011,62,380.0
3515023,2011,71,105.0
3515023,2011,72,155.0
3515023,2011,81,150.0
3515023,2011,91,245.0
3516010,2011,11,1460.0
3516010,2011,21,115.0
3516010,2011,22,480.0
3516010,2011,23,3330.0
3516010,2011,31-33,3080.0
3516010,2011,41,1600.0
3516010,2011,44-45,4885.0
3516010,2011,48-49,1445.0
3516010,2011,51,385.0
3516010,2011,52,1100.0
3516010,2011,53,405.0
3516010,2011,54,1490.0
3516010,2011,55,0.0
3516010,2011,56,1295.0
3516010,2011,61,2800.0
3516010,2011,62,4005.0
3516010,2011,71,910.0
3516010,2011,72,1895.0
3516010,2011,81,1905.0
3516010,2011,91,2655.0
3518001,2011,11,160.0
3518001,2011,21,105.0
3518001,2011,22,985.0
3518001,2011,23,3025.0
3518001,2011,31-33,3850.0
3518001,2011,41,3160.0
3518001,2011,44-45,5365.0
3518001,2011,48-49,2100.0
3518001,2011,51,2055.0
3518001,2011,52,4935.0
3518001,2011,53,1110.0
3518001,2011,54,3950.0
3518001,2011,55,65.0
3518001,2011,56,2275.0
3518001,2011,61,3265.0
3518001,2011,62,4480.0
3518001,2011,71,1180.0
3518001,2011,72,2585.0
3518001,2011,81,1755.0
3518001,2011,91,2745.0
3518005,2011,11,105.0
3518005,2011,21,95.0
3518005,2011,22,1310.0
3518005,2011,23,3430.0
3518005,2011,31-33,5040.0
3518005,2011,41,3095.0
3518005,2011,44-45,6695.0
3518005,2011,48-49,2825.0
3518005,2011,51,2560.0
3518005,2011,52,6240.0
3518005,2011,53,1170.0
3518005,2011,54,4590.0
3518005,2011,55,45.0
3518005,2011,56,2805.0
3518005,2011,61,3605.0
3518005,2011,62,6615.0
3518005,2011,71,960.0
3518005,2011,72,3450.0
3518005,2011,81,2410.0
3518005,2011,91,3910.0
3518009,2011,11,265.0
3518009,2011,21,85.0
3518009,2011,22,2230.0
3518009,2011,23,3815.0
3518009,2011,31-33,5460.0
3518009,2011,41,3510.0
3518009,2011,44-45,7760.0
3518009,2011,48-49,2620.0
3518009,2011,51,2535.0
3518009,2011,52,4885.0
3518009,2011,53,1565.0
3518009,2011,54,5360.0
3518009,2011,55,35.0
3518009,2011,56,2750.0
3518009,2011,61,5855.0
3518009,2011,62,6255.0
3518009,2011,71,1390.0
3518009,2011,72,3330.0
3518009,2011,81,2475.0
3518009,2011,91,4765.0
3518013,2011,11,335.0
3518013,2011,21,65.0
3518013,2011,22,1780.0
3518013,2011,23,5430.0
3518013,2011,31-33,7885.0
3518013,2011,41,3405.0
3518013,2011,44-45,9695.0
3518013,2011,48-49,3900.0
3518013,2011,51,1910.0
3518013,2011,52,2965.0
3518013,2011,53,1355.0
3518013,2011,54,3525.0
3518013,2011,55,70.0
3518013,2011,56,4340.0
3518013,2011,61,5595.0
3518013,2011,62,8830.0
3518013,2011,71,1500.0
3518013,2011,72,4750.0
3518013,2011,81,3260.0
3518013,2011,91,4805.0
3518017,2011,11,665.0
3518017,2011,21,60.0
3518017,2011,22,2230.0
3518017,2011,23,3425.0
3518017,2011,31-33,5270.0
3518017,2011,41,1905.0
3518017,2011,44-45,5395.0
3518017,2011,48-49,2080.0
3518017,2011,51,925.0
3518017,2011,52,1590.0
3518017,2011,53,725.0
3518017,2011,54,2390.0
3518017,2011,55,30.0
3518017,2011,56,2000.0
3518017,2011,61,3350.0
3518017,2011,62,5235.0
3518017,2011,71,980.0
3518017,2011,72,2450.0
3518017,2011,81,1910.0
3518017,2011,91,3320.0
3518020,2011,11,530.0
3518020,2011,21,0.0
3518020,2011,22,350.0
3518020,2011,23,1155.0
3518020,2011,31-33,1230.0
3518020,2011,41,510.0
3518020,2011,44-45,1305.0
3518020,2011,48-49,360.0
3518020,2011,51,315.0
3518020,2011,52,410.0
3518020,2011,53,175.0
3518020,2011,54,570.0
3518020,2011,55,0.0
3518020,2011,56,425.0
3518020,2011,61,910.0
3518020,2011,62,1200.0
3518020,2011,71,440.0
3518020,2011,72,490.0
3518020,2011,81,705.0
3518020,2011,91,625.0
3518022,2011,11,0.0
3518022,2011,21,0.0
3518022,2011,22,0.0
3518022,2011,23,0.0
3518022,2011,31-33,0.0
3518022,2011,41,0.0
3518022,2011,44-45,0.0
3518022,2011,48-49,0.0
3518022,2011,51,0.0
3518022,2011,52,0.0
3518022,2011,53,0.0
3518022,2011,54,0.0
3518022,2011,55,0.0
3518022,2011,56,0.0
3518022,2011,61,0.0
3518022,2011,62,0.0
3518022,2011,71,0.0
3518022,2011,72,0.0
3518022,2011,81,0.0
3518022,2011,91,20.0
3518029,2011,11,605.0
3518029,2011,21,50.0
3518029,2011,22,85.0
3518029,2011,23,885.0
3518029,2011,31-33,940.0
3518029,2011,41,725.0
3518029,2011,44-45,1635.0
3518029,2011,48-49,490.0
3518029,2011,51,250.0
3518029,2011,52,635.0
3518029,2011,53,200.0
3518029,2011,54,1085.0
3518029,2011,55,20.0
3518029,2011,56,525.0
3518029,2011,61,950.0
3518029,2011,62,770.0
3518029,2011,71,435.0
3518029,2011,72,450.0
3518029,2011,81,375.0
3518029,2011,91,655.0
3518039,2011,11,310.0
3518039,2011,21,20.0
3518039,2011,22,75.0
3518039,2011,23,665.0
3518039,2011,31-33,500.0
3518039,2011,41,275.0
3518039,2011,44-45,785.0
3518039,2011,48-49,275.0
3518039,2011,51,150.0
3518039,2011,52,255.0
3518039,2011,53,55.0
3518039,2011,54,290.0
3518039,2011,55,0.0
3518039,2011,56,290.0
3518039,2011,61,420.0
3518039,2011,62,540.0
3518039,2011,71,155.0
3518039,2011,72,225.0
3518039,2011,81,190.0
3518039,2011,91,430.0
3519028,2011,11,340.0
3519028,2011,21,85.0
3519028,2011,22,720.0
3519028,2011,23,14040.0
3519028,2011,31-33,18475.0
3519028,2011,41,9415.0
3519028,2011,44-45,18705.0
3519028,2011,48-49,6695.0
3519028,2011,51,4610.0
3519028,2011,52,11085.0
3519028,2011,53,3990.0
3519028,2011,54,15105.0
3519028,2011,55,190.0
3519028,2011,56,5040.0
3519028,2011,61,12030.0
3519028,2011,62,12810.0
3519028,2011,71,2355.0
3519028,2011,72,6260.0
3519028,2011,81,7840.0
3519028,2011,91,5890.0
3519036,2011,11,300.0
3519036,2011,21,155.0
3519036,2011,22,1125.0
3519036,2011,23,5610.0
3519036,2011,31-33,15345.0
3519036,2011,41,12025.0
3519036,2011,44-45,16515.0
3519036,2011,48-49,4835.0
3519036,2011,51,5855.0
3519036,2011,52,15980.0
3519036,2011,53,4190.0
3519036,2011,54,18600.0
3519036,2011,55,295.0
3519036,2011,56,6830.0
3519036,2011,61,10375.0
3519036,2011,62,12875.0
3519036,2011,71,2120.0
3519036,2011,72,10170.0
3519036,2011,81,6330.0
3519036,2011,91,6040.0
3519038,2011,11,125.0
3519038,2011,21,155.0
3519038,2011,22,705.0
3519038,2011,23,5525.0
3519038,2011,31-33,8050.0
3519038,2011,41,6735.0
3519038,2011,44-45,11685.0
3519038,2011,48-49,2940.0
3519038,2011,51,3695.0
3519038,2011,52,9705.0
3519038,2011,53,3160.0
3519038,2011,54,13225.0
3519038,2011,55,160.0
3519038,2011,56,3285.0
3519038,2011,61,7785.0
3519038,2011,62,8135.0
3519038,2011,71,1655.0
3519038,2011,72,4675.0
3519038,2011,81,4220.0
3519038,2011,91,3985.0
3519044,2011,11,325.0
3519044,2011,21,20.0
3519044,2011,22,185.0
3519044,2011,23,1880.0
3519044,2011,31-33,1400.0
3519044,2011,41,1510.0
3519044,2011,44-45,2225.0
3519044,2011,48-49,535.0
3519044,2011,51,690.0
3519044,2011,52,1735.0
3519044,2011,53,375.0
3519044,2011,54,1925.0
3519044,2011,55,40.0
3519044,2011,56,1190.0
3519044,2011,61,1765.0
3519044,2011,62,1405.0
3519044,2011,71,595.0
3519044,2011,72,805.0
3519044,2011,81,975.0
3519044,2011,91,1140.0
3519046,2011,11,55.0
3519046,2011,21,55.0
3519046,2011,22,200.0
3519046,2011,23,1805.0
3519046,2011,31-33,2485.0
3519046,2011,41,2135.0
3519046,2011,44-45,3420.0
3519046,2011,48-49,720.0
3519046,2011,51,1090.0
3519046,2011,52,2315.0
3519046,2011,53,730.0
3519046,2011,54,3410.0
3519046,2011,55,25.0
3519046,2011,56,1525.0
3519046,2011,61,2840.0
3519046,2011,62,2475.0
3519046,2011,71,875.0
3519046,2011,72,1515.0
3519046,2011,81,1210.0
3519046,2011,91,1675.0
3519048,2011,11,130.0
3519048,2011,21,30.0
3519048,2011,22,325.0
3519048,2011,23,3125.0
3519048,2011,31-33,4620.0
3519048,2011,41,2820.0
3519048,2011,44-45,6000.0
3519048,2011,48-49,1450.0
3519048,2011,51,1240.0
3519048,2011,52,2710.0
3519048,2011,53,820.0
3519048,2011,54,3710.0
3519048,2011,55,90.0
3519048,2011,56,1950.0
3519048,2011,61,3895.0
3519048,2011,62,3965.0
3519048,2011,71,1110.0
3519048,2011,72,2545.0
3519048,2011,81,1930.0
3519048,2011,91,3045.0
3519049,2011,11,650.0
3519049,2011,21,0.0
3519049,2011,22,50.0
3519049,2011,23,1620.0
3519049,2011,31-33,990.0
3519049,2011,41,690.0
3519049,2011,44-45,1175.0
3519049,2011,48-49,415.0
3519049,2011,51,170.0
3519049,2011,52,380.0
3519049,2011,53,285.0
3519049,2011,54,1015.0
3519049,2011,55,30.0
3519049,2011,56,540.0
3519049,2011,61,835.0
3519049,2011,62,665.0
3519049,2011,71,310.0
3519049,2011,72,265.0
3519049,2011,81,465.0
3519049,2011,91,385.0
3519054,2011,11,265.0
3519054,2011,21,25.0
3519054,2011,22,150.0
3519054,2011,23,1450.0
3519054,2011,31-33,1185.0
3519054,2011,41,575.0
3519054,2011,44-45,1600.0
3519054,2011,48-49,465.0
3519054,2011,51,455.0
3519054,2011,52,680.0
3519054,2011,53,235.0
3519054,2011,54,1040.0
3519054,2011,55,25.0
3519054,2011,56,615.0
3519054,2011,61,1115.0
3519054,2011,62,1055.0
3519054,2011,71,355.0
3519054,2011,72,770.0
3519054,2011,81,595.0
3519054,2011,91,795.0
3519070,2011,11,250.0
3519070,2011,21,35.0
3519070,2011,22,155.0
3519070,2011,23,2640.0
3519070,2011,31-33,2460.0
3519070,2011,41,1300.0
3519070,2011,44-45,3050.0
3519070,2011,48-49,1035.0
3519070,2011,51,515.0
3519070,2011,52,740.0
3519070,2011,53,445.0
3519070,2011,54,1055.0
3519070,2011,55,15.0
3519070,2011,56,1510.0
3519070,2011,61,1740.0
3519070,2011,62,2565.0
3519070,2011,71,585.0
3519070,2011,72,1230.0
3519070,2011,81,1120.0
3519070,2011,91,1885.0
3519076,2011,11,0.0
3519076,2011,21,0.0
3519076,2011,22,0.0
3519076,2011,23,10.0
3519076,2011,31-33,0.0
3519076,2011,41,0.0
3519076,2011,44-45,0.0
3519076,2011,48-49,10.0
3519076,2011,51,0.0
3519076,2011,52,0.0
3519076,2011,53,0.0
3519076,2011,54,0.0
3519076,2011,55,0.0
3519076,2011,56,10.0
3519076,2011,61,0.0
3519076,2011,62,10.0
3519076,2011,71,10.0
3519076,2011,72,0.0
3519076,2011,81,0.0
3519076,2011,91,45.0
3520005,2011,11,1935.0
3520005,2011,21,2360.0
3520005,2011,22,7260.0
3520005,2011,23,64910.0
3520005,2011,31-33,109465.0
3520005,2011,41,57710.0
3520005,2011,44-45,133240.0
3520005,2011,48-49,51345.0
3520005,2011,51,62860.0
3520005,2011,52,112415.0
3520005,2011,53,35215.0
3520005,2011,54,155435.0
3520005,2011,55,1975.0
3520005,2011,56,72625.0
3520005,2011,61,100865.0
3520005,2011,62,131520.0
3520005,2011,71,32250.0
3520005,2011,72,88295.0
3520005,2011,81,67375.0
3520005,2011,91,60140.0
3521005,2011,11,1010.0
3521005,2011,21,670.0
3521005,2011,22,2070.0
3521005,2011,23,20575.0
3521005,2011,31-33,44595.0
3521005,2011,41,27155.0
3521005,2011,44-45,44170.0
3521005,2011,48-49,26380.0
3521005,2011,51,11340.0
3521005,2011,52,29430.0
3521005,2011,53,8980.0
3521005,2011,54,36670.0
3521005,2011,55,485.0
3521005,2011,56,20460.0
3521005,2011,61,22565.0
3521005,2011,62,29800.0
3521005,2011,71,5385.0
3521005,2011,72,21145.0
3521005,2011,81,15240.0
3521005,2011,91,15050.0
3521010,2011,11,950.0
3521010,2011,21,265.0
3521010,2011,22,1235.0
3521010,2011,23,14560.0
3521010,2011,31-33,44465.0
3521010,2011,41,19700.0
3521010,2011,44-45,31935.0
3521010,2011,48-49,31520.0
3521010,2011,51,6470.0
3521010,2011,52,13640.0
3521010,2011,53,5155.0
3521010,2011,54,15610.0
3521010,2011,55,300.0
3521010,2011,56,15925.0
3521010,2011,61,12830.0
3521010,2011,62,20410.0
3521010,2011,71,3110.0
3521010,2011,72,13015.0
3521010,2011,81,9560.0
3521010,2011,91,10790.0
3521024,2011,11,605.0
3521024,2011,21,20.0
3521024,2011,22,130.0
3521024,2011,23,3075.0
3521024,2011,31-33,4360.0
3521024,2011,41,2315.0
3521024,2011,44-45,3285.0
3521024,2011,48-49,2080.0
3521024,2011,51,645.0
3521024,2011,52,1285.0
3521024,2011,53,840.0
3521024,2011,54,2490.0
3521024,2011,55,25.0
3521024,2011,56,1770.0
3521024,2011,61,2820.0
3521024,2011,62,2435.0
3521024,2011,71,680.0
3521024,2011,72,1405.0
3521024,2011,81,1495.0
3521024,2011,91,1580.0
3522001,2011,11,95.0
3522001,2011,21,0.0
3522001,2011,22,0.0
3522001,2011,23,150.0
3522001,2011,31-33,200.0
3522001,2011,41,110.0
3522001,2011,44-45,200.0
3522001,2011,48-49,95.0
3522001,2011,51,35.0
3522001,2011,52,50.0
3522001,2011,53,50.0
3522001,2011,54,75.0
3522001,2011,55,0.0
3522001,2011,56,30.0
3522001,2011,61,145.0
3522001,2011,62,145.0
3522001,2011,71,30.0
3522001,2011,72,75.0
3522001,2011,81,35.0
3522001,2011,91,45.0
3522010,2011,11,255.0
3522010,2011,21,0.0
3522010,2011,22,0.0
3522010,2011,23,130.0
3522010,2011,31-33,190.0
3522010,2011,41,140.0
3522010,2011,44-45,170.0
3522010,2011,48-49,160.0
3522010,2011,51,0.0
3522010,2011,52,55.0
3522010,2011,53,0.0
3522010,2011,54,40.0
3522010,2011,55,0.0
3522010,2011,56,75.0
3522010,2011,61,40.0
3522010,2011,62,95.0
3522010,2011,71,20.0
3522010,2011,72,30.0
3522010,2011,81,85.0
3522010,2011,91,50.0
3522012,2011,11,65.0
3522012,2011,21,20.0
3522012,2011,22,70.0
3522012,2011,23,305.0
3522012,2011,31-33,570.0
3522012,2011,41,335.0
3522012,2011,44-45,455.0
3522012,2011,48-49,210.0
3522012,2011,51,115.0
3522012,2011,52,190.0
3522012,2011,53,60.0
3522012,2011,54,275.0
3522012,2011,55,0.0
3522012,2011,56,175.0
3522012,2011,61,250.0
3522012,2011,62,290.0
3522012,2011,71,125.0
3522012,2011,72,245.0
3522012,2011,81,165.0
3522012,2011,91,140.0
3522014,2011,11,130.0
3522014,2011,21,30.0
3522014,2011,22,125.0
3522014,2011,23,1090.0
3522014,2011,31-33,2085.0
3522014,2011,41,840.0
3522014,2011,44-45,2030.0
3522014,2011,48-49,1065.0
3522014,2011,51,315.0
3522014,2011,52,510.0
3522014,2011,53,240.0
3522014,2011,54,610.0
3522014,2011,55,0.0
3522014,2011,56,600.0
3522014,2011,61,1130.0
3522014,2011,62,1390.0
3522014,2011,71,355.0
3522014,2011,72,1130.0
3522014,2011,81,815.0
3522014,2011,91,1140.0
3522016,2011,11,75.0
3522016,2011,21,0.0
3522016,2011,22,0.0
3522016,2011,23,220.0
3522016,2011,31-33,210.0
3522016,2011,41,80.0
3522016,2011,44-45,110.0
3522016,2011,48-49,155.0
3522016,2011,51,25.0
3522016,2011,52,40.0
3522016,2011,53,50.0
3522016,2011,54,100.0
3522016,2011,55,0.0
3522016,2011,56,190.0
3522016,2011,61,120.0
3522016,2011,62,235.0
3522016,2011,71,50.0
3522016,2011,72,65.0
3522016,2011,81,70.0
3522016,2011,91,140.0
3522021,2011,11,20.0
3522021,2011,21,0.0
3522021,2011,22,20.0
3522021,2011,23,335.0
3522021,2011,31-33,375.0
3522021,2011,41,130.0
3522021,2011,44-45,410.0
3522021,2011,48-49,145.0
3522021,2011,51,55.0
3522021,2011,52,75.0
3522021,2011,53,50.0
3522021,2011,54,155.0
3522021,2011,55,0.0
3522021,2011,56,145.0
3522021,2011,61,120.0
3522021,2011,62,290.0
3522021,2011,71,35.0
3522021,2011,72,175.0
3522021,2011,81,175.0
3522021,2011,91,140.0
3523001,2011,11,130.0
3523001,2011,21,0.0
3523001,2011,22,0.0
3523001,2011,23,300.0
3523001,2011,31-33,460.0
3523001,2011,41,225.0
3523001,2011,44-45,300.0
3523001,2011,48-49,220.0
3523001,2011,51,40.0
3523001,2011,52,150.0
3523001,2011,53,80.0
3523001,2011,54,395.0
3523001,2011,55,10.0
3523001,2011,56,200.0
3523001,2011,61,345.0
3523001,2011,62,335.0
3523001,2011,71,75.0
3523001,2011,72,305.0
3523001,2011,81,230.0
3523001,2011,91,205.0
3523008,2011,11,480.0
3523008,2011,21,185.0
3523008,2011,22,320.0
3523008,2011,23,3090.0
3523008,2011,31-33,13760.0
3523008,2011,41,3160.0
3523008,2011,44-45,6635.0
3523008,2011,48-49,2455.0
3523008,2011,51,815.0
3523008,2011,52,2585.0
3523008,2011,53,945.0
3523008,2011,54,4600.0
3523008,2011,55,70.0
3523008,2011,56,2495.0
3523008,2011,61,8180.0
3523008,2011,62,6300.0
3523008,2011,71,1220.0
3523008,2011,72,4305.0
3523008,2011,81,2700.0
3523008,2011,91,3410.0
3523009,2011,11,305.0
3523009,2011,21,0.0
3523009,2011,22,90.0
3523009,2011,23,560.0
3523009,2011,31-33,995.0
3523009,2011,41,480.0
3523009,2011,44-45,475.0
3523009,2011,48-49,350.0
3523009,2011,51,145.0
3523009,2011,52,300.0
3523009,2011,53,110.0
3523009,2011,54,590.0
3523009,2011,55,0.0
3523009,2011,56,265.0
3523009,2011,61,625.0
3523009,2011,62,545.0
3523009,2011,71,255.0
3523009,2011,72,205.0
3523009,2011,81,225.0
3523009,2011,91,375.0
3523017,2011,11,310.0
3523017,2011,21,35.0
3523017,2011,22,60.0
3523017,2011,23,580.0
3523017,2011,31-33,895.0
3523017,2011,41,325.0
3523017,2011,44-45,545.0
3523017,2011,48-49,410.0
3523017,2011,51,110.0
3523017,2011,52,225.0
3523017,2011,53,70.0
3523017,2011,54,555.0
3523017,2011,55,0.0
3523017,2011,56,265.0
3523017,2011,61,545.0
3523017,2011,62,435.0
3523017,2011,71,130.0
3523017,2011,72,245.0
3523017,2011,81,340.0
3523017,2011,91,330.0
3523025,2011,11,860.0
3523025,2011,21,15.0
3523025,2011,22,80.0
3523025,2011,23,1060.0
3523025,2011,31-33,2625.0
3523025,2011,41,630.0
3523025,2011,44-45,1330.0
3523025,2011,48-49,500.0
3523025,2011,51,280.0
3523025,2011,52,515.0
3523025,2011,53,225.0
3523025,2011,54,930.0
3523025,2011,55,20.0
3523025,2011,56,390.0
3523025,2011,61,1305.0
3523025,2011,62,1640.0
3523025,2011,71,310.0
3523025,2011,72,660.0
3523025,2011,81,640.0
3523025,2011,91,620.0
3523033,2011,11,1295.0
3523033,2011,21,0.0
3523033,2011,22,0.0
3523033,2011,23,545.0
3523033,2011,31-33,725.0
3523033,2011,41,290.0
3523033,2011,44-45,290.0
3523033,2011,48-49,210.0
3523033,2011,51,75.0
3523033,2011,52,135.0
3523033,2011,53,0.0
3523033,2011,54,140.0
3523033,2011,55,0.0
3523033,2011,56,135.0
3523033,2011,61,345.0
3523033,2011,62,385.0
3523033,2011,71,60.0
3523033,2011,72,215.0
3523033,2011,81,325.0
3523033,2011,91,145.0
3523043,2011,11,560.0
3523043,2011,21,0.0
3523043,2011,22,15.0
3523043,2011,23,395.0
3523043,2011,31-33,820.0
3523043,2011,41,375.0
3523043,2011,44-45,460.0
3523043,2011,48-49,115.0
3523043,2011,51,60.0
3523043,2011,52,140.0
3523043,2011,53,25.0
3523043,2011,54,75.0
3523043,2011,55,0.0
3523043,2011,56,180.0
3523043,2011,61,215.0
3523043,2011,62,350.0
3523043,2011,71,45.0
3523043,2011,72,255.0
3523043,2011,81,230.0
3523043,2011,91,155.0
3523050,2011,11,785.0
3523050,2011,21,0.0
3523050,2011,22,90.0
3523050,2011,23,450.0
3523050,2011,31-33,1275.0
3523050,2011,41,215.0
3523050,2011,44-45,485.0
3523050,2011,48-49,345.0
3523050,2011,51,105.0
3523050,2011,52,115.0
3523050,2011,53,45.0
3523050,2011,54,170.0
3523050,2011,55,0.0
3523050,2011,56,255.0
3523050,2011,61,185.0
3523050,2011,62,635.0
3523050,2011,71,105.0
3523050,2011,72,270.0
3523050,2011,81,330.0
3523050,2011,91,175.0
3524001,2011,11,225.0
3524001,2011,21,280.0
3524001,2011,22,815.0
3524001,2011,23,4355.0
3524001,2011,31-33,8620.0
3524001,2011,41,6560.0
3524001,2011,44-45,10620.0
3524001,2011,48-49,3775.0
3524001,2011,51,2895.0
3524001,2011,52,9960.0
3524001,2011,53,2715.0
3524001,2011,54,12035.0
3524001,2011,55,255.0
3524001,2011,56,3635.0
3524001,2011,61,7110.0
3524001,2011,62,8205.0
3524001,2011,71,2005.0
3524001,2011,72,5595.0
3524001,2011,81,4215.0
3524001,2011,91,4770.0
3524002,2011,11,435.0
3524002,2011,21,185.0
3524002,2011,22,610.0
3524002,2011,23,5085.0
3524002,2011,31-33,9995.0
3524002,2011,41,6525.0
3524002,2011,44-45,11800.0
3524002,2011,48-49,3905.0
3524002,2011,51,2865.0
3524002,2011,52,7075.0
3524002,2011,53,2195.0
3524002,2011,54,8850.0
3524002,2011,55,115.0
3524002,2011,56,3815.0
3524002,2011,61,7705.0
3524002,2011,62,8850.0
3524002,2011,71,1830.0
3524002,2011,72,6125.0
3524002,2011,81,3855.0
3524002,2011,91,5280.0
3524009,2011,11,570.0
3524009,2011,21,155.0
3524009,2011,22,220.0
3524009,2011,23,2880.0
3524009,2011,31-33,5275.0
3524009,2011,41,3920.0
3524009,2011,44-45,5100.0
3524009,2011,48-49,2950.0
3524009,2011,51,1325.0
3524009,2011,52,3275.0
3524009,2011,53,700.0
3524009,2011,54,3800.0
3524009,2011,55,75.0
3524009,2011,56,1800.0
3524009,2011,61,3610.0
3524009,2011,62,3705.0
3524009,2011,71,1020.0
3524009,2011,72,2175.0
3524009,2011,81,1905.0
3524009,2011,91,2740.0
3524015,2011,11,510.0
3524015,2011,21,45.0
3524015,2011,22,190.0
3524015,2011,23,2140.0
3524015,2011,31-33,4530.0
3524015,2011,41,2860.0
3524015,2011,44-45,3735.0
3524015,2011,48-49,1965.0
3524015,2011,51,705.0
3524015,2011,52,1340.0
3524015,2011,53,690.0
3524015,2011,54,2495.0
3524015,2011,55,30.0
3524015,2011,56,1430.0
3524015,2011,61,2665.0
3524015,2011,62,2495.0
3524015,2011,71,665.0
3524015,2011,72,1385.0
3524015,2011,81,1505.0
3524015,2011,91,2205.0
3525005,2011,11,2900.0
3525005,2011,21,315.0
3525005,2011,22,1630.0
3525005,2011,23,17405.0
3525005,2011,31-33,31610.0
3525005,2011,41,11615.0
3525005,2011,44-45,30315.0
3525005,2011,48-49,11230.0
3525005,2011,51,4980.0
3525005,2011,52,10815.0
3525005,2011,53,4735.0
3525005,2011,54,14635.0
3525005,2011,55,255.0
3525005,2011,56,12820.0
3525005,2011,61,24160.0
3525005,2011,62,33635.0
3525005,2011,71,4440.0
3525005,2011,72,15760.0
3525005,2011,81,12355.0
3525005,2011,91,13270.0
3526003,2011,11,130.0
3526003,2011,21,0.0
3526003,2011,22,150.0
3526003,2011,23,1220.0
3526003,2011,31-33,1655.0
3526003,2011,41,420.0
3526003,2011,44-45,1795.0
3526003,2011,48-49,765.0
3526003,2011,51,220.0
3526003,2011,52,515.0
3526003,2011,53,315.0
3526003,2011,54,585.0
3526003,2011,55,30.0
3526003,2011,56,665.0
3526003,2011,61,720.0
3526003,2011,62,1440.0
3526003,2011,71,1115.0
3526003,2011,72,1250.0
3526003,2011,81,615.0
3526003,2011,91,1015.0
3526011,2011,11,110.0
3526011,2011,21,85.0
3526011,2011,22,100.0
3526011,2011,23,475.0
3526011,2011,31-33,1335.0
3526011,2011,41,345.0
3526011,2011,44-45,1075.0
3526011,2011,48-49,405.0
3526011,2011,51,100.0
3526011,2011,52,285.0
3526011,2011,53,145.0
3526011,2011,54,350.0
3526011,2011,55,0.0
3526011,2011,56,550.0
3526011,2011,61,575.0
3526011,2011,62,845.0
3526011,2011,71,220.0
3526011,2011,72,650.0
3526011,2011,81,375.0
3526011,2011,91,410.0
3526014,2011,11,260.0
3526014,2011,21,15.0
3526014,2011,22,15.0
3526014,2011,23,330.0
3526014,2011,31-33,425.0
3526014,2011,41,220.0
3526014,2011,44-45,340.0
3526014,2011,48-49,155.0
3526014,2011,51,50.0
3526014,2011,52,60.0
3526014,2011,53,25.0
3526014,2011,54,45.0
3526014,2011,55,0.0
3526014,2011,56,120.0
3526014,2011,61,305.0
3526014,2011,62,330.0
3526014,2011,71,170.0
3526014,2011,72,75.0
3526014,2011,81,170.0
3526014,2011,91,85.0
3526021,2011,11,780.0
3526021,2011,21,45.0
3526021,2011,22,90.0
3526021,2011,23,875.0
3526021,2011,31-33,1140.0
3526021,2011,41,350.0
3526021,2011,44-45,645.0
3526021,2011,48-49,525.0
3526021,2011,51,50.0
3526021,2011,52,170.0
3526021,2011,53,70.0
3526021,2011,54,260.0
3526021,2011,55,0.0
3526021,2011,56,300.0
3526021,2011,61,305.0
3526021,2011,62,815.0
3526021,2011,71,45.0
3526021,2011,72,250.0
3526021,2011,81,310.0
3526021,2011,91,395.0
3526028,2011,11,295.0
3526028,2011,21,20.0
3526028,2011,22,75.0
3526028,2011,23,635.0
3526028,2011,31-33,745.0
3526028,2011,41,335.0
3526028,2011,44-45,910.0
3526028,2011,48-49,315.0
3526028,2011,51,175.0
3526028,2011,52,290.0
3526028,2011,53,150.0
3526028,2011,54,720.0
3526028,2011,55,0.0
3526028,2011,56,295.0
3526028,2011,61,820.0
3526028,2011,62,1015.0
3526028,2011,71,260.0
3526028,2011,72,470.0
3526028,2011,81,425.0
3526028,2011,91,545.0
3526032,2011,11,200.0
3526032,2011,21,70.0
3526032,2011,22,220.0
3526032,2011,23,1815.0
3526032,2011,31-33,2425.0
3526032,2011,41,670.0
3526032,2011,44-45,3475.0
3526032,2011,48-49,845.0
3526032,2011,51,285.0
3526032,2011,52,930.0
3526032,2011,53,310.0
3526032,2011,54,965.0
3526032,2011,55,30.0
3526032,2011,56,1380.0
3526032,2011,61,2050.0
3526032,2011,62,2575.0
3526032,2011,71,765.0
3526032,2011,72,2250.0
3526032,2011,81,1290.0
3526032,2011,91,1675.0
3526037,2011,11,70.0
3526037,2011,21,0.0
3526037,2011,22,115.0
3526037,2011,23,775.0
3526037,2011,31-33,930.0
3526037,2011,41,255.0
3526037,2011,44-45,1390.0
3526037,2011,48-49,330.0
3526037,2011,51,40.0
3526037,2011,52,165.0
3526037,2011,53,110.0
3526037,2011,54,425.0
3526037,2011,55,0.0
3526037,2011,56,520.0
3526037,2011,61,760.0
3526037,2011,62,925.0
3526037,2011,71,455.0
3526037,2011,72,935.0
3526037,2011,81,435.0
3526037,2011,91,595.0
3526043,2011,11,320.0
3526043,2011,21,70.0
3526043,2011,22,445.0
3526043,2011,23,2525.0
3526043,2011,31-33,3375.0
3526043,2011,41,1530.0
3526043,2011,44-45,4700.0
3526043,2011,48-49,1780.0
3526043,2011,51,490.0
3526043,2011,52,1095.0
3526043,2011,53,675.0
3526043,2011,54,1395.0
3526043,2011,55,60.0
3526043,2011,56,1605.0
3526043,2011,61,2290.0
3526043,2011,62,3825.0
3526043,2011,71,3995.0
3526043,2011,72,8290.0
3526043,2011,81,1700.0
3526043,2011,91,2205.0
3526047,2011,11,505.0
3526047,2011,21,15.0
3526047,2011,22,80.0
3526047,2011,23,500.0
3526047,2011,31-33,600.0
3526047,2011,41,185.0
3526047,2011,44-45,875.0
3526047,2011,48-49,315.0
3526047,2011,51,85.0
3526047,2011,52,210.0
3526047,2011,53,125.0
3526047,2011,54,490.0
3526047,2011,55,0.0
3526047,2011,56,270.0
3526047,2011,61,330.0
3526047,2011,62,655.0
3526047,2011,71,515.0
3526047,2011,72,630.0
3526047,2011,81,350.0
3526047,2011,91,360.0
3526053,2011,11,1615.0
3526053,2011,21,50.0
3526053,2011,22,365.0
3526053,2011,23,3890.0
3526053,2011,31-33,6465.0
3526053,2011,41,2530.0
3526053,2011,44-45,9240.0
3526053,2011,48-49,2410.0
3526053,2011,51,1195.0
3526053,2011,52,2205.0
3526053,2011,53,1245.0
3526053,2011,54,2970.0
3526053,2011,55,75.0
3526053,2011,56,3790.0
3526053,2011,61,5555.0
3526053,2011,62,7095.0
3526053,2011,71,1940.0
3526053,2011,72,6160.0
3526053,2011,81,2995.0
3526053,2011,91,3600.0
3526057,2011,11,955.0
3526057,2011,21,0.0
3526057,2011,22,90.0
3526057,2011,23,835.0
3526057,2011,31-33,1285.0
3526057,2011,41,785.0
3526057,2011,44-45,1035.0
3526057,2011,48-49,615.0
3526057,2011,51,155.0
3526057,2011,52,355.0
3526057,2011,53,175.0
3526057,2011,54,435.0
3526057,2011,55,0.0
3526057,2011,56,430.0
3526057,2011,61,830.0
3526057,2011,62,1315.0
3526057,2011,71,215.0
3526057,2011,72,635.0
3526057,2011,81,620.0
3526057,2011,91,515.0
3526065,2011,11,280.0
3526065,2011,21,0.0
3526065,2011,22,95.0
3526065,2011,23,1130.0
3526065,2011,31-33,1875.0
3526065,2011,41,825.0
3526065,2011,44-45,1580.0
3526065,2011,48-49,555.0
3526065,2011,51,285.0
3526065,2011,52,455.0
3526065,2011,53,295.0
3526065,2011,54,545.0
3526065,2011,55,0.0
3526065,2011,56,475.0
3526065,2011,61,1100.0
3526065,2011,62,1660.0
3526065,2011,71,225.0
3526065,2011,72,670.0
3526065,2011,81,540.0
3526065,2011,91,835.0
3528018,2011,11,1360.0
3528018,2011,21,155.0
3528018,2011,22,445.0
3528018,2011,23,2465.0
3528018,2011,31-33,3760.0
3528018,2011,41,760.0
3528018,2011,44-45,2615.0
3528018,2011,48-49,1365.0
3528018,2011,51,150.0
3528018,2011,52,625.0
3528018,2011,53,290.0
3528018,2011,54,755.0
3528018,2011,55,0.0
3528018,2011,56,875.0
3528018,2011,61,1600.0
3528018,2011,62,2865.0
3528018,2011,71,450.0
3528018,2011,72,1295.0
3528018,2011,81,1050.0
3528018,2011,91,1070.0
3528035,2011,11,0.0
3528035,2011,21,0.0
3528035,2011,22,0.0
3528035,2011,23,0.0
3528035,2011,31-33,0.0
3528035,2011,41,0.0
3528035,2011,44-45,10.0
3528035,2011,48-49,0.0
3528035,2011,51,0.0
3528035,2011,52,0.0
3528035,2011,53,0.0
3528035,2011,54,0.0
3528035,2011,55,0.0
3528035,2011,56,0.0
3528035,2011,61,0.0
3528035,2011,62,0.0
3528035,2011,71,0.0
3528035,2011,72,0.0
3528035,2011,81,0.0
3528035,2011,91,0.0
3528052,2011,11,2970.0
3528052,2011,21,180.0
3528052,2011,22,635.0
3528052,2011,23,2220.0
3528052,2011,31-33,5060.0
3528052,2011,41,1445.0
3528052,2011,44-45,3290.0
3528052,2011,48-49,1255.0
3528052,2011,51,275.0
3528052,2011,52,665.0
3528052,2011,53,410.0
3528052,2011,54,1235.0
3528052,2011,55,20.0
3528052,2011,56,1055.0
3528052,2011,61,1635.0
3528052,2011,62,3380.0
3528052,2011,71,590.0
3528052,2011,72,1920.0
3528052,2011,81,1470.0
3528052,2011,91,1350.0
3529005,2011,11,1210.0
3529005,2011,21,35.0
3529005,2011,22,175.0
3529005,2011,23,1440.0
3529005,2011,31-33,3220.0
3529005,2011,41,920.0
3529005,2011,44-45,1880.0
3529005,2011,48-49,1175.0
3529005,2011,51,240.0
3529005,2011,52,515.0
3529005,2011,53,345.0
3529005,2011,54,1075.0
3529005,2011,55,15.0
3529005,2011,56,780.0
3529005,2011,61,1165.0
3529005,2011,62,2190.0
3529005,2011,71,325.0
3529005,2011,72,980.0
3529005,2011,81,1000.0
3529005,2011,91,950.0
3529006,2011,11,335.0
3529006,2011,21,30.0
3529006,2011,22,200.0
3529006,2011,23,2760.0
3529006,2011,31-33,7995.0
3529006,2011,41,2415.0
3529006,2011,44-45,6055.0
3529006,2011,48-49,2750.0
3529006,2011,51,650.0
3529006,2011,52,1170.0
3529006,2011,53,855.0
3529006,2011,54,1855.0
3529006,2011,55,25.0
3529006,2011,56,2920.0
3529006,2011,61,3265.0
3529006,2011,62,5485.0
3529006,2011,71,1385.0
3529006,2011,72,3320.0
3529006,2011,81,1845.0
3529006,2011,91,2175.0
3529021,2011,11,0.0
3529021,2011,21,0.0
3529021,2011,22,0.0
3529021,2011,23,30.0
3529021,2011,31-33,35.0
3529021,2011,41,0.0
3529021,2011,44-45,10.0
3529021,2011,48-49,0.0
3529021,2011,51,0.0
3529021,2011,52,0.0
3529021,2011,53,0.0
3529021,2011,54,0.0
3529021,2011,55,0.0
3529021,2011,56,0.0
3529021,2011,61,10.0
3529021,2011,62,35.0
3529021,2011,71,0.0
3529021,2011,72,20.0
3529021,2011,81,0.0
3529021,2011,91,55.0
3530004,2011,11,305.0
3530004,2011,21,0.0
3530004,2011,22,25.0
3530004,2011,23,425.0
3530004,2011,31-33,830.0
3530004,2011,41,215.0
3530004,2011,44-45,550.0
3530004,2011,48-49,335.0
3530004,2011,51,115.0
3530004,2011,52,245.0
3530004,2011,53,90.0
3530004,2011,54,230.0
3530004,2011,55,0.0
3530004,2011,56,280.0
3530004,2011,61,360.0
3530004,2011,62,460.0
3530004,2011,71,120.0
3530004,2011,72,225.0
3530004,2011,81,205.0
3530004,2011,91,250.0
3530010,2011,11,430.0
3530010,2011,21,130.0
3530010,2011,22,280.0
3530010,2011,23,4465.0
3530010,2011,31-33,15180.0
3530010,2011,41,4360.0
3530010,2011,44-45,8450.0
3530010,2011,48-49,3610.0
3530010,2011,51,935.0
3530010,2011,52,2285.0
3530010,2011,53,1345.0
3530010,2011,54,3230.0
3530010,2011,55,30.0
3530010,2011,56,3190.0
3530010,2011,61,3640.0
3530010,2011,62,6100.0
3530010,2011,71,1195.0
3530010,2011,72,4055.0
3530010,2011,81,2685.0
3530010,2011,91,2740.0
3530013,2011,11,515.0
3530013,2011,21,95.0
3530013,2011,22,455.0
3530013,2011,23,7675.0
3530013,2011,31-33,23030.0
3530013,2011,41,5310.0
3530013,2011,44-45,13540.0
3530013,2011,48-49,5650.0
3530013,2011,51,2860.0
3530013,2011,52,7660.0
3530013,2011,53,2115.0
3530013,2011,54,7515.0
3530013,2011,55,65.0
3530013,2011,56,5550.0
3530013,2011,61,9255.0
3530013,2011,62,11175.0
3530013,2011,71,1625.0
3530013,2011,72,7505.0
3530013,2011,81,4465.0
3530013,2011,91,4685.0
3530016,2011,11,230.0
3530016,2011,21,25.0
3530016,2011,22,165.0
3530016,2011,23,2315.0
3530016,2011,31-33,8370.0
3530016,2011,41,2305.0
3530016,2011,44-45,6005.0
3530016,2011,48-49,1045.0
3530016,2011,51,1555.0
3530016,2011,52,5105.0
3530016,2011,53,880.0
3530016,2011,54,4790.0
3530016,2011,55,60.0
3530016,2011,56,1705.0
3530016,2011,61,7720.0
3530016,2011,62,4290.0
3530016,2011,71,770.0
3530016,2011,72,2905.0
3530016,2011,81,1685.0
3530016,2011,91,2150.0
3530020,2011,11,615.0
3530020,2011,21,0.0
3530020,2011,22,105.0
3530020,2011,23,840.0
3530020,2011,31-33,1460.0
3530020,2011,41,580.0
3530020,2011,44-45,955.0
3530020,2011,48-49,515.0
3530020,2011,51,150.0
3530020,2011,52,645.0
3530020,2011,53,230.0
3530020,2011,54,520.0
3530020,2011,55,0.0
3530020,2011,56,305.0
3530020,2011,61,735.0
3530020,2011,62,1065.0
3530020,2011,71,270.0
3530020,2011,72,455.0
3530020,2011,81,555.0
3530020,2011,91,570.0
3530027,2011,11,935.0
3530027,2011,21,0.0
3530027,2011,22,20.0
3530027,2011,23,515.0
3530027,2011,31-33,1000.0
3530027,2011,41,210.0
3530027,2011,44-45,335.0
3530027,2011,48-49,165.0
3530027,2011,51,35.0
3530027,2011,52,315.0
3530027,2011,53,35.0
3530027,2011,54,310.0
3530027,2011,55,0.0
3530027,2011,56,195.0
3530027,2011,61,340.0
3530027,2011,62,355.0
3530027,2011,71,85.0
3530027,2011,72,235.0
3530027,2011,81,290.0
3530027,2011,91,165.0
3530035,2011,11,1050.0
3530035,2011,21,0.0
3530035,2011,22,55.0
3530035,2011,23,1130.0
3530035,2011,31-33,1825.0
3530035,2011,41,680.0
3530035,2011,44-45,1490.0
3530035,2011,48-49,435.0
3530035,2011,51,140.0
3530035,2011,52,700.0
3530035,2011,53,165.0
3530035,2011,54,850.0
3530035,2011,55,0.0
3530035,2011,56,415.0
3530035,2011,61,1080.0
3530035,2011,62,1230.0
3530035,2011,71,190.0
3530035,2011,72,550.0
3530035,2011,81,645.0
3530035,2011,91,510.0
3531011,2011,11,130.0
3531011,2011,21,15.0
3531011,2011,22,120.0
3531011,2011,23,1010.0
3531011,2011,31-33,3165.0
3531011,2011,41,580.0
3531011,2011,44-45,1985.0
3531011,2011,48-49,615.0
3531011,2011,51,180.0
3531011,2011,52,715.0
3531011,2011,53,300.0
3531011,2011,54,725.0
3531011,2011,55,0.0
3531011,2011,56,510.0
3531011,2011,61,1045.0
3531011,2011,62,2225.0
3531011,2011,71,785.0
3531011,2011,72,1450.0
3531011,2011,81,560.0
3531011,2011,91,690.0
3531013,2011,11,395.0
3531013,2011,21,0.0
3531013,2011,22,0.0
3531013,2011,23,250.0
3531013,2011,31-33,430.0
3531013,2011,41,135.0
3531013,2011,44-45,130.0
3531013,2011,48-49,70.0
3531013,2011,51,0.0
3531013,2011,52,100.0
3531013,2011,53,35.0
3531013,2011,54,90.0
3531013,2011,55,0.0
3531013,2011,56,75.0
3531013,2011,61,130.0
3531013,2011,62,180.0
3531013,2011,71,30.0
3531013,2011,72,60.0
3531013,2011,81,175.0
3531013,2011,91,30.0
3531016,2011,11,85.0
3531016,2011,21,0.0
3531016,2011,22,0.0
3531016,2011,23,205.0
3531016,2011,31-33,895.0
3531016,2011,41,225.0
3531016,2011,44-45,420.0
3531016,2011,48-49,110.0
3531016,2011,51,65.0
3531016,2011,52,160.0
3531016,2011,53,20.0
3531016,2011,54,85.0
3531016,2011,55,0.0
3531016,2011,56,130.0
3531016,2011,61,240.0
3531016,2011,62,425.0
3531016,2011,71,50.0
3531016,2011,72,255.0
3531016,2011,81,110.0
3531016,2011,91,190.0
3531025,2011,11,925.0
3531025,2011,21,0.0
3531025,2011,22,30.0
3531025,2011,23,445.0
3531025,2011,31-33,800.0
3531025,2011,41,130.0
3531025,2011,44-45,360.0
3531025,2011,48-49,390.0
3531025,2011,51,70.0
3531025,2011,52,145.0
3531025,2011,53,0.0
3531025,2011,54,160.0
3531025,2011,55,0.0
3531025,2011,56,150.0
3531025,2011,61,195.0
3531025,2011,62,660.0
3531025,2011,71,65.0
3531025,2011,72,155.0
3531025,2011,81,240.0
3531025,2011,91,170.0
3531030,2011,11,1335.0
3531030,2011,21,0.0
3531030,2011,22,0.0
3531030,2011,23,710.0
3531030,2011,31-33,910.0
3531030,2011,41,375.0
3531030,2011,44-45,600.0
3531030,2011,48-49,420.0
3531030,2011,51,95.0
3531030,2011,52,190.0
3531030,2011,53,60.0
3531030,2011,54,150.0
3531030,2011,55,0.0
3531030,2011,56,240.0
3531030,2011,61,175.0
3531030,2011,62,645.0
3531030,2011,71,50.0
3531030,2011,72,385.0
3531030,2011,81,320.0
3531030,2011,91,200.0
3531040,2011,11,890.0
3531040,2011,21,70.0
3531040,2011,22,25.0
3531040,2011,23,500.0
3531040,2011,31-33,1190.0
3531040,2011,41,520.0
3531040,2011,44-45,1005.0
3531040,2011,48-49,345.0
3531040,2011,51,110.0
3531040,2011,52,275.0
3531040,2011,53,40.0
3531040,2011,54,205.0
3531040,2011,55,0.0
3531040,2011,56,175.0
3531040,2011,61,260.0
3531040,2011,62,715.0
3531040,2011,71,70.0
3531040,2011,72,210.0
3531040,2011,81,310.0
3531040,2011,91,155.0
3532002,2011,11,1030.0
3532002,2011,21,0.0
3532002,2011,22,0.0
3532002,2011,23,385.0
3532002,2011,31-33,940.0
3532002,2011,41,225.0
3532002,2011,44-45,495.0
3532002,2011,48-49,520.0
3532002,2011,51,45.0
3532002,2011,52,140.0
3532002,2011,53,90.0
3532002,2011,54,170.0
3532002,2011,55,0.0
3532002,2011,56,280.0
3532002,2011,61,240.0
3532002,2011,62,390.0
3532002,2011,71,140.0
3532002,2011,72,165.0
3532002,2011,81,280.0
3532002,2011,91,105.0
3532004,2011,11,185.0
3532004,2011,21,0.0
3532004,2011,22,45.0
3532004,2011,23,435.0
3532004,2011,31-33,1585.0
3532004,2011,41,265.0
3532004,2011,44-45,800.0
3532004,2011,48-49,290.0
3532004,2011,51,80.0
3532004,2011,52,230.0
3532004,2011,53,75.0
3532004,2011,54,210.0
3532004,2011,55,0.0
3532004,2011,56,395.0
3532004,2011,61,305.0
3532004,2011,62,790.0
3532004,2011,71,95.0
3532004,2011,72,565.0
3532004,2011,81,310.0
3532004,2011,91,315.0
3532012,2011,11,595.0
3532012,2011,21,25.0
3532012,2011,22,0.0
3532012,2011,23,295.0
3532012,2011,31-33,765.0
3532012,2011,41,190.0
3532012,2011,44-45,490.0
3532012,2011,48-49,290.0
3532012,2011,51,0.0
3532012,2011,52,120.0
3532012,2011,53,50.0
3532012,2011,54,195.0
3532012,2011,55,0.0
3532012,2011,56,160.0
3532012,2011,61,170.0
3532012,2011,62,375.0
3532012,2011,71,45.0
3532012,2011,72,205.0
3532012,2011,81,140.0
3532012,2011,91,95.0
3532018,2011,11,125.0
3532018,2011,21,0.0
3532018,2011,22,60.0
3532018,2011,23,405.0
3532018,2011,31-33,1575.0
3532018,2011,41,230.0
3532018,2011,44-45,630.0
3532018,2011,48-49,365.0
3532018,2011,51,100.0
3532018,2011,52,185.0
3532018,2011,53,20.0
3532018,2011,54,200.0
3532018,2011,55,0.0
3532018,2011,56,305.0
3532018,2011,61,405.0
3532018,2011,62,780.0
3532018,2011,71,120.0
3532018,2011,72,575.0
3532018,2011,81,215.0
3532018,2011,91,215.0
3532027,2011,11,1055.0
3532027,2011,21,0.0
3532027,2011,22,40.0
3532027,2011,23,235.0
3532027,2011,31-33,710.0
3532027,2011,41,200.0
3532027,2011,44-45,325.0
3532027,2011,48-49,245.0
3532027,2011,51,30.0
3532027,2011,52,120.0
3532027,2011,53,70.0
3532027,2011,54,175.0
3532027,2011,55,0.0
3532027,2011,56,140.0
3532027,2011,61,260.0
3532027,2011,62,495.0
3532027,2011,71,115.0
3532027,2011,72,275.0
3532027,2011,81,150.0
3532027,2011,91,180.0
3532038,2011,11,530.0
3532038,2011,21,0.0
3532038,2011,22,0.0
3532038,2011,23,430.0
3532038,2011,31-33,570.0
3532038,2011,41,120.0
3532038,2011,44-45,320.0
3532038,2011,48-49,200.0
3532038,2011,51,10.0
3532038,2011,52,165.0
3532038,2011,53,20.0
3532038,2011,54,145.0
3532038,2011,55,0.0
3532038,2011,56,125.0
3532038,2011,61,240.0
3532038,2011,62,390.0
3532038,2011,71,60.0
3532038,2011,72,150.0
3532038,2011,81,220.0
3532038,2011,91,160.0
3532042,2011,11,195.0
3532042,2011,21,20.0
3532042,2011,22,110.0
3532042,2011,23,1015.0
3532042,2011,31-33,4825.0
3532042,2011,41,750.0
3532042,2011,44-45,2015.0
3532042,2011,48-49,870.0
3532042,2011,51,255.0
3532042,2011,52,620.0
3532042,2011,53,270.0
3532042,2011,54,590.0
3532042,2011,55,0.0
3532042,2011,56,910.0
3532042,2011,61,1240.0
3532042,2011,62,1885.0
3532042,2011,71,390.0
3532042,2011,72,1480.0
3532042,2011,81,975.0
3532042,2011,91,795.0
3532045,2011,11,360.0
3532045,2011,21,0.0
3532045,2011,22,20.0
3532045,2011,23,310.0
3532045,2011,31-33,790.0
3532045,2011,41,260.0
3532045,2011,44-45,505.0
3532045,2011,48-49,300.0
3532045,2011,51,20.0
3532045,2011,52,280.0
3532045,2011,53,100.0
3532045,2011,54,190.0
3532045,2011,55,0.0
3532045,2011,56,170.0
3532045,2011,61,235.0
3532045,2011,62,260.0
3532045,2011,71,85.0
3532045,2011,72,125.0
3532045,2011,81,215.0
3532045,2011,91,225.0
3534005,2011,11,555.0
3534005,2011,21,0.0
3534005,2011,22,20.0
3534005,2011,23,260.0
3534005,2011,31-33,730.0
3534005,2011,41,60.0
3534005,2011,44-45,135.0
3534005,2011,48-49,315.0
3534005,2011,51,0.0
3534005,2011,52,60.0
3534005,2011,53,30.0
3534005,2011,54,75.0
3534005,2011,55,0.0
3534005,2011,56,100.0
3534005,2011,61,120.0
3534005,2011,62,225.0
3534005,2011,71,0.0
3534005,2011,72,80.0
3534005,2011,81,140.0
3534005,2011,91,140.0
3534010,2011,11,725.0
3534010,2011,21,20.0
3534010,2011,22,10.0
3534010,2011,23,520.0
3534010,2011,31-33,745.0
3534010,2011,41,250.0
3534010,2011,44-45,340.0
3534010,2011,48-49,320.0
3534010,2011,51,25.0
3534010,2011,52,55.0
3534010,2011,53,20.0
3534010,2011,54,160.0
3534010,2011,55,0.0
3534010,2011,56,140.0
3534010,2011,61,260.0
3534010,2011,62,330.0
3534010,2011,71,50.0
3534010,2011,72,175.0
3534010,2011,81,190.0
3534010,2011,91,105.0
3534011,2011,11,145.0
3534011,2011,21,0.0
3534011,2011,22,0.0
3534011,2011,23,275.0
3534011,2011,31-33,585.0
3534011,2011,41,75.0
3534011,2011,44-45,330.0
3534011,2011,48-49,400.0
3534011,2011,51,50.0
3534011,2011,52,55.0
3534011,2011,53,60.0
3534011,2011,54,80.0
3534011,2011,55,0.0
3534011,2011,56,260.0
3534011,2011,61,120.0
3534011,2011,62,335.0
3534011,2011,71,35.0
3534011,2011,72,280.0
3534011,2011,81,135.0
3534011,2011,91,130.0
3534020,2011,11,370.0
3534020,2011,21,0.0
3534020,2011,22,60.0
3534020,2011,23,535.0
3534020,2011,31-33,1110.0
3534020,2011,41,305.0
3534020,2011,44-45,715.0
3534020,2011,48-49,290.0
3534020,2011,51,95.0
3534020,2011,52,240.0
3534020,2011,53,55.0
3534020,2011,54,250.0
3534020,2011,55,0.0
3534020,2011,56,290.0
3534020,2011,61,510.0
3534020,2011,62,955.0
3534020,2011,71,175.0
3534020,2011,72,335.0
3534020,2011,81,215.0
3534020,2011,91,260.0
3534021,2011,11,190.0
3534021,2011,21,20.0
3534021,2011,22,60.0
3534021,2011,23,830.0
3534021,2011,31-33,3335.0
3534021,2011,41,505.0
3534021,2011,44-45,2190.0
3534021,2011,48-49,985.0
3534021,2011,51,270.0
3534021,2011,52,650.0
3534021,2011,53,295.0
3534021,2011,54,530.0
3534021,2011,55,15.0
3534021,2011,56,1055.0
3534021,2011,61,1050.0
3534021,2011,62,2620.0
3534021,2011,71,295.0
3534021,2011,72,1475.0
3534021,2011,81,850.0
3534021,2011,91,795.0
3534024,2011,11,300.0
3534024,2011,21,0.0
3534024,2011,22,25.0
3534024,2011,23,155.0
3534024,2011,31-33,390.0
3534024,2011,41,55.0
3534024,2011,44-45,220.0
3534024,2011,48-49,150.0
3534024,2011,51,0.0
3534024,2011,52,70.0
3534024,2011,53,50.0
3534024,2011,54,140.0
3534024,2011,55,0.0
3534024,2011,56,65.0
3534024,2011,61,250.0
3534024,2011,62,355.0
3534024,2011,71,45.0
3534024,2011,72,140.0
3534024,2011,81,95.0
3534024,2011,91,120.0
3534030,2011,11,185.0
3534030,2011,21,0.0
3534030,2011,22,30.0
3534030,2011,23,130.0
3534030,2011,31-33,340.0
3534030,2011,41,80.0
3534030,2011,44-45,200.0
3534030,2011,48-49,210.0
3534030,2011,51,60.0
3534030,2011,52,55.0
3534030,2011,53,45.0
3534030,2011,54,30.0
3534030,2011,55,0.0
3534030,2011,56,95.0
3534030,2011,61,60.0
3534030,2011,62,265.0
3534030,2011,71,30.0
3534030,2011,72,160.0
3534030,2011,81,95.0
3534030,2011,91,100.0
3534042,2011,11,305.0
3534042,2011,21,0.0
3534042,2011,22,15.0
3534042,2011,23,285.0
3534042,2011,31-33,415.0
3534042,2011,41,70.0
3534042,2011,44-45,265.0
3534042,2011,48-49,145.0
3534042,2011,51,0.0
3534042,2011,52,60.0
3534042,2011,53,0.0
3534042,2011,54,70.0
3534042,2011,55,0.0
3534042,2011,56,190.0
3534042,2011,61,105.0
3534042,2011,62,335.0
3534042,2011,71,75.0
3534042,2011,72,225.0
3534042,2011,81,85.0
3534042,2011,91,50.0
3536020,2011,11,3855.0
3536020,2011,21,130.0
3536020,2011,22,1215.0
3536020,2011,23,3305.0
3536020,2011,31-33,5990.0
3536020,2011,41,1935.0
3536020,2011,44-45,6115.0
3536020,2011,48-49,2265.0
3536020,2011,51,675.0
3536020,2011,52,1090.0
3536020,2011,53,715.0
3536020,2011,54,1545.0
3536020,2011,55,0.0
3536020,2011,56,2550.0
3536020,2011,61,3095.0
3536020,2011,62,5930.0
3536020,2011,71,790.0
3536020,2011,72,3400.0
3536020,2011,81,2350.0
3536020,2011,91,2310.0
3536029,2011,11,0.0
3536029,2011,21,0.0
3536029,2011,22,0.0
3536029,2011,23,10.0
3536029,2011,31-33,10.0
3536029,2011,41,0.0
3536029,2011,44-45,20.0
3536029,2011,48-49,0.0
3536029,2011,51,0.0
3536029,2011,52,0.0
3536029,2011,53,0.0
3536029,2011,54,0.0
3536029,2011,55,0.0
3536029,2011,56,0.0
3536029,2011,61,15.0
3536029,2011,62,40.0
3536029,2011,71,10.0
3536029,2011,72,0.0
3536029,2011,81,10.0
3536029,2011,91,50.0
3537001,2011,11,0.0
3537001,2011,21,0.0
3537001,2011,22,0.0
3537001,2011,23,0.0
3537001,2011,31-33,0.0
3537001,2011,41,0.0
3537001,2011,44-45,0.0
3537001,2011,48-49,0.0
3537001,2011,51,0.0
3537001,2011,52,0.0
3537001,2011,53,0.0
3537001,2011,54,0.0
3537001,2011,55,0.0
3537001,2011,56,0.0
3537001,2011,61,0.0
3537001,2011,62,0.0
3537001,2011,71,0.0
3537001,2011,72,0.0
3537001,2011,81,0.0
3537001,2011,91,30.0
3537003,2011,11,1900.0
3537003,2011,21,40.0
3537003,2011,22,25.0
3537003,2011,23,885.0
3537003,2011,31-33,2120.0
3537003,2011,41,525.0
3537003,2011,44-45,1250.0
3537003,2011,48-49,765.0
3537003,2011,51,55.0
3537003,2011,52,260.0
3537003,2011,53,160.0
3537003,2011,54,310.0
3537003,2011,55,0.0
3537003,2011,56,270.0
3537003,2011,61,455.0
3537003,2011,62,1140.0
3537003,2011,71,190.0
3537003,2011,72,700.0
3537003,2011,81,805.0
3537003,2011,91,300.0
3537013,2011,11,800.0
3537013,2011,21,35.0
3537013,2011,22,105.0
3537013,2011,23,740.0
3537013,2011,31-33,1900.0
3537013,2011,41,420.0
3537013,2011,44-45,1110.0
3537013,2011,48-49,505.0
3537013,2011,51,125.0
3537013,2011,52,350.0
3537013,2011,53,180.0
3537013,2011,54,345.0
3537013,2011,55,0.0
3537013,2011,56,300.0
3537013,2011,61,605.0
3537013,2011,62,1050.0
3537013,2011,71,310.0
3537013,2011,72,550.0
3537013,2011,81,365.0
3537013,2011,91,305.0
3537016,2011,11,465.0
3537016,2011,21,25.0
3537016,2011,22,25.0
3537016,2011,23,745.0
3537016,2011,31-33,2075.0
3537016,2011,41,285.0
3537016,2011,44-45,1065.0
3537016,2011,48-49,645.0
3537016,2011,51,105.0
3537016,2011,52,175.0
3537016,2011,53,75.0
3537016,2011,54,340.0
3537016,2011,55,0.0
3537016,2011,56,305.0
3537016,2011,61,700.0
3537016,2011,62,1145.0
3537016,2011,71,215.0
3537016,2011,72,465.0
3537016,2011,81,325.0
3537016,2011,91,380.0
3537028,2011,11,270.0
3537028,2011,21,90.0
3537028,2011,22,120.0
3537028,2011,23,530.0
3537028,2011,31-33,2450.0
3537028,2011,41,240.0
3537028,2011,44-45,1505.0
3537028,2011,48-49,365.0
3537028,2011,51,105.0
3537028,2011,52,450.0
3537028,2011,53,175.0
3537028,2011,54,365.0
3537028,2011,55,0.0
3537028,2011,56,335.0
3537028,2011,61,825.0
3537028,2011,62,1320.0
3537028,2011,71,505.0
3537028,2011,72,605.0
3537028,2011,81,355.0
3537028,2011,91,465.0
3537034,2011,11,85.0
3537034,2011,21,50.0
3537034,2011,22,155.0
3537034,2011,23,695.0
3537034,2011,31-33,2990.0
3537034,2011,41,555.0
3537034,2011,44-45,1340.0
3537034,2011,48-49,500.0
3537034,2011,51,160.0
3537034,2011,52,595.0
3537034,2011,53,200.0
3537034,2011,54,720.0
3537034,2011,55,0.0
3537034,2011,56,345.0
3537034,2011,61,1600.0
3537034,2011,62,1925.0
3537034,2011,71,640.0
3537034,2011,72,815.0
3537034,2011,81,565.0
3537034,2011,91,990.0
3537039,2011,11,930.0
3537039,2011,21,125.0
3537039,2011,22,315.0
3537039,2011,23,4780.0
3537039,2011,31-33,16145.0
3537039,2011,41,2545.0
3537039,2011,44-45,10810.0
3537039,2011,48-49,4120.0
3537039,2011,51,1190.0
3537039,2011,52,2725.0
3537039,2011,53,1305.0
3537039,2011,54,4535.0
3537039,2011,55,100.0
3537039,2011,56,4715.0
3537039,2011,61,7925.0
3537039,2011,62,11125.0
3537039,2011,71,3995.0
3537039,2011,72,7070.0
3537039,2011,81,4080.0
3537039,2011,91,3845.0
3537048,2011,11,65.0
3537048,2011,21,25.0
3537048,2011,22,115.0
3537048,2011,23,545.0
3537048,2011,31-33,2345.0
3537048,2011,41,265.0
3537048,2011,44-45,1300.0
3537048,2011,48-49,355.0
3537048,2011,51,165.0
3537048,2011,52,545.0
3537048,2011,53,280.0
3537048,2011,54,545.0
3537048,2011,55,0.0
3537048,2011,56,335.0
3537048,2011,61,1270.0
3537048,2011,62,1730.0
3537048,2011,71,315.0
3537048,2011,72,770.0
3537048,2011,81,570.0
3537048,2011,91,635.0
3537064,2011,11,480.0
3537064,2011,21,35.0
3537064,2011,22,150.0
3537064,2011,23,1310.0
3537064,2011,31-33,3890.0
3537064,2011,41,520.0
3537064,2011,44-45,1660.0
3537064,2011,48-49,695.0
3537064,2011,51,250.0
3537064,2011,52,550.0
3537064,2011,53,280.0
3537064,2011,54,730.0
3537064,2011,55,40.0
3537064,2011,56,570.0
3537064,2011,61,1260.0
3537064,2011,62,2005.0
3537064,2011,71,430.0
3537064,2011,72,960.0
3537064,2011,81,765.0
3537064,2011,91,745.0
3538003,2011,11,595.0
3538003,2011,21,75.0
3538003,2011,22,165.0
3538003,2011,23,795.0
3538003,2011,31-33,1190.0
3538003,2011,41,310.0
3538003,2011,44-45,680.0
3538003,2011,48-49,315.0
3538003,2011,51,70.0
3538003,2011,52,130.0
3538003,2011,53,120.0
3538003,2011,54,310.0
3538003,2011,55,0.0
3538003,2011,56,365.0
3538003,2011,61,280.0
3538003,2011,62,900.0
3538003,2011,71,165.0
3538003,2011,72,400.0
3538003,2011,81,245.0
3538003,2011,91,320.0
3538007,2011,11,280.0
3538007,2011,21,0.0
3538007,2011,22,30.0
3538007,2011,23,50.0
3538007,2011,31-33,140.0
3538007,2011,41,25.0
3538007,2011,44-45,60.0
3538007,2011,48-49,35.0
3538007,2011,51,20.0
3538007,2011,52,50.0
3538007,2011,53,0.0
3538007,2011,54,20.0
3538007,2011,55,0.0
3538007,2011,56,90.0
3538007,2011,61,65.0
3538007,2011,62,105.0
3538007,2011,71,0.0
3538007,2011,72,50.0
3538007,2011,81,30.0
3538007,2011,91,35.0
3538015,2011,11,355.0
3538015,2011,21,0.0
3538015,2011,22,0.0
3538015,2011,23,100.0
3538015,2011,31-33,130.0
3538015,2011,41,95.0
3538015,2011,44-45,120.0
3538015,2011,48-49,55.0
3538015,2011,51,0.0
3538015,2011,52,0.0
3538015,2011,53,0.0
3538015,2011,54,10.0
3538015,2011,55,0.0
3538015,2011,56,35.0
3538015,2011,61,30.0
3538015,2011,62,90.0
3538015,2011,71,0.0
3538015,2011,72,50.0
3538015,2011,81,70.0
3538015,2011,91,40.0
3538016,2011,11,165.0
3538016,2011,21,0.0
3538016,2011,22,45.0
3538016,2011,23,190.0
3538016,2011,31-33,135.0
3538016,2011,41,45.0
3538016,2011,44-45,100.0
3538016,2011,48-49,65.0
3538016,2011,51,0.0
3538016,2011,52,45.0
3538016,2011,53,65.0
3538016,2011,54,50.0
3538016,2011,55,0.0
3538016,2011,56,45.0
3538016,2011,61,115.0
3538016,2011,62,155.0
3538016,2011,71,105.0
3538016,2011,72,60.0
3538016,2011,81,65.0
3538016,2011,91,65.0
3538019,2011,11,40.0
3538019,2011,21,15.0
3538019,2011,22,40.0
3538019,2011,23,195.0
3538019,2011,31-33,400.0
3538019,2011,41,60.0
3538019,2011,44-45,335.0
3538019,2011,48-49,80.0
3538019,2011,51,45.0
3538019,2011,52,70.0
3538019,2011,53,35.0
3538019,2011,54,75.0
3538019,2011,55,0.0
3538019,2011,56,120.0
3538019,2011,61,100.0
3538019,2011,62,415.0
3538019,2011,71,75.0
3538019,2011,72,120.0
3538019,2011,81,180.0
3538019,2011,91,120.0
3538025,2011,11,0.0
3538025,2011,21,0.0
3538025,2011,22,0.0
3538025,2011,23,20.0
3538025,2011,31-33,15.0
3538025,2011,41,0.0
3538025,2011,44-45,10.0
3538025,2011,48-49,0.0
3538025,2011,51,0.0
3538025,2011,52,0.0
3538025,2011,53,0.0
3538025,2011,54,10.0
3538025,2011,55,0.0
3538025,2011,56,15.0
3538025,2011,61,10.0
3538025,2011,62,30.0
3538025,2011,71,0.0
3538025,2011,72,20.0
3538025,2011,81,10.0
3538025,2011,91,55.0
3538030,2011,11,270.0
3538030,2011,21,325.0
3538030,2011,22,425.0
3538030,2011,23,2630.0
3538030,2011,31-33,3850.0
3538030,2011,41,1300.0
3538030,2011,44-45,4195.0
3538030,2011,48-49,1560.0
3538030,2011,51,305.0
3538030,2011,52,915.0
3538030,2011,53,780.0
3538030,2011,54,1605.0
3538030,2011,55,0.0
3538030,2011,56,1970.0
3538030,2011,61,2365.0
3538030,2011,62,4245.0
3538030,2011,71,1160.0
3538030,2011,72,2955.0
3538030,2011,81,1855.0
3538030,2011,91,1350.0
3538031,2011,11,0.0
3538031,2011,21,0.0
3538031,2011,22,55.0
3538031,2011,23,80.0
3538031,2011,31-33,135.0
3538031,2011,41,35.0
3538031,2011,44-45,100.0
3538031,2011,48-49,40.0
3538031,2011,51,0.0
3538031,2011,52,0.0
3538031,2011,53,0.0
3538031,2011,54,35.0
3538031,2011,55,0.0
3538031,2011,56,85.0
3538031,2011,61,40.0
3538031,2011,62,120.0
3538031,2011,71,55.0
3538031,2011,72,55.0
3538031,2011,81,85.0
3538031,2011,91,35.0
3538035,2011,11,350.0
3538035,2011,21,30.0
3538035,2011,22,100.0
3538035,2011,23,270.0
3538035,2011,31-33,515.0
3538035,2011,41,115.0
3538035,2011,44-45,310.0
3538035,2011,48-49,160.0
3538035,2011,51,80.0
3538035,2011,52,55.0
3538035,2011,53,50.0
3538035,2011,54,195.0
3538035,2011,55,0.0
3538035,2011,56,140.0
3538035,2011,61,340.0
3538035,2011,62,430.0
3538035,2011,71,75.0
3538035,2011,72,165.0
3538035,2011,81,190.0
3538035,2011,91,240.0
3538040,2011,11,455.0
3538040,2011,21,35.0
3538040,2011,22,50.0
3538040,2011,23,410.0
3538040,2011,31-33,445.0
3538040,2011,41,135.0
3538040,2011,44-45,660.0
3538040,2011,48-49,210.0
3538040,2011,51,60.0
3538040,2011,52,125.0
3538040,2011,53,60.0
3538040,2011,54,265.0
3538040,2011,55,0.0
3538040,2011,56,165.0
3538040,2011,61,275.0
3538040,2011,62,635.0
3538040,2011,71,155.0
3538040,2011,72,450.0
3538040,2011,81,325.0
3538040,2011,91,135.0
3538043,2011,11,340.0
3538043,2011,21,0.0
3538043,2011,22,0.0
3538043,2011,23,255.0
3538043,2011,31-33,170.0
3538043,2011,41,95.0
3538043,2011,44-45,175.0
3538043,2011,48-49,90.0
3538043,2011,51,0.0
3538043,2011,52,85.0
3538043,2011,53,0.0
3538043,2011,54,60.0
3538043,2011,55,0.0
3538043,2011,56,30.0
3538043,2011,61,80.0
3538043,2011,62,185.0
3538043,2011,71,0.0
3538043,2011,72,95.0
3538043,2011,81,100.0
3538043,2011,91,70.0
3538056,2011,11,10.0
3538056,2011,21,0.0
3538056,2011,22,0.0
3538056,2011,23,30.0
3538056,2011,31-33,10.0
3538056,2011,41,0.0
3538056,2011,44-45,30.0
3538056,2011,48-49,0.0
3538056,2011,51,0.0
3538056,2011,52,0.0
3538056,2011,53,0.0
3538056,2011,54,10.0
3538056,2011,55,0.0
3538056,2011,56,10.0
3538056,2011,61,10.0
3538056,2011,62,40.0
3538056,2011,71,15.0
3538056,2011,72,30.0
3538056,2011,81,10.0
3538056,2011,91,60.0
3539002,2011,11,20.0
3539002,2011,21,0.0
3539002,2011,22,0.0
3539002,2011,23,10.0
3539002,2011,31-33,55.0
3539002,2011,41,0.0
3539002,2011,44-45,15.0
3539002,2011,48-49,40.0
3539002,2011,51,0.0
3539002,2011,52,0.0
3539002,2011,53,0.0
3539002,2011,54,0.0
3539002,2011,55,0.0
3539002,2011,56,0.0
3539002,2011,61,0.0
3539002,2011,62,25.0
3539002,2011,71,0.0
3539002,2011,72,0.0
3539002,2011,81,0.0
3539002,2011,91,0.0
3539005,2011,11,325.0
3539005,2011,21,0.0
3539005,2011,22,0.0
3539005,2011,23,305.0
3539005,2011,31-33,355.0
3539005,2011,41,125.0
3539005,2011,44-45,310.0
3539005,2011,48-49,190.0
3539005,2011,51,0.0
3539005,2011,52,125.0
3539005,2011,53,25.0
3539005,2011,54,65.0
3539005,2011,55,0.0
3539005,2011,56,130.0
3539005,2011,61,190.0
3539005,2011,62,400.0
3539005,2011,71,25.0
3539005,2011,72,165.0
3539005,2011,81,170.0
3539005,2011,91,130.0
3539015,2011,11,485.0
3539015,2011,21,0.0
3539015,2011,22,45.0
3539015,2011,23,925.0
3539015,2011,31-33,1610.0
3539015,2011,41,435.0
3539015,2011,44-45,1295.0
3539015,2011,48-49,540.0
3539015,2011,51,75.0
3539015,2011,52,360.0
3539015,2011,53,95.0
3539015,2011,54,395.0
3539015,2011,55,0.0
3539015,2011,56,335.0
3539015,2011,61,525.0
3539015,2011,62,1400.0
3539015,2011,71,135.0
3539015,2011,72,560.0
3539015,2011,81,620.0
3539015,2011,91,395.0
3539017,2011,11,0.0
3539017,2011,21,0.0
3539017,2011,22,0.0
3539017,2011,23,10.0
3539017,2011,31-33,10.0
3539017,2011,41,0.0
3539017,2011,44-45,15.0
3539017,2011,48-49,10.0
3539017,2011,51,0.0
3539017,2011,52,0.0
3539017,2011,53,0.0
3539017,2011,54,0.0
3539017,2011,55,0.0
3539017,2011,56,0.0
3539017,2011,61,20.0
3539017,2011,62,25.0
3539017,2011,71,10.0
3539017,2011,72,0.0
3539017,2011,81,0.0
3539017,2011,91,65.0
3539018,2011,11,0.0
3539018,2011,21,0.0
3539018,2011,22,0.0
3539018,2011,23,0.0
3539018,2011,31-33,0.0
3539018,2011,41,0.0
3539018,2011,44-45,0.0
3539018,2011,48-49,0.0
3539018,2011,51,0.0
3539018,2011,52,0.0
3539018,2011,53,0.0
3539018,2011,54,0.0
3539018,2011,55,0.0
3539018,2011,56,0.0
3539018,2011,61,0.0
3539018,2011,62,10.0
3539018,2011,71,0.0
3539018,2011,72,0.0
3539018,2011,81,0.0
3539018,2011,91,15.0
3539027,2011,11,485.0
3539027,2011,21,0.0
3539027,2011,22,30.0
3539027,2011,23,625.0
3539027,2011,31-33,1085.0
3539027,2011,41,505.0
3539027,2011,44-45,695.0
3539027,2011,48-49,395.0
3539027,2011,51,90.0
3539027,2011,52,370.0
3539027,2011,53,120.0
3539027,2011,54,350.0
3539027,2011,55,0.0
3539027,2011,56,205.0
3539027,2011,61,470.0
3539027,2011,62,920.0
3539027,2011,71,145.0
3539027,2011,72,225.0
3539027,2011,81,380.0
3539027,2011,91,295.0
3539033,2011,11,685.0
3539033,2011,21,0.0
3539033,2011,22,80.0
3539033,2011,23,800.0
3539033,2011,31-33,910.0
3539033,2011,41,305.0
3539033,2011,44-45,610.0
3539033,2011,48-49,350.0
3539033,2011,51,115.0
3539033,2011,52,505.0
3539033,2011,53,130.0
3539033,2011,54,550.0
3539033,2011,55,0.0
3539033,2011,56,350.0
3539033,2011,61,925.0
3539033,2011,62,1130.0
3539033,2011,71,195.0
3539033,2011,72,365.0
3539033,2011,81,475.0
3539033,2011,91,465.0
3539036,2011,11,800.0
3539036,2011,21,195.0
3539036,2011,22,865.0
3539036,2011,23,10235.0
3539036,2011,31-33,20030.0
3539036,2011,41,6410.0
3539036,2011,44-45,22205.0
3539036,2011,48-49,8305.0
3539036,2011,51,3880.0
3539036,2011,52,11355.0
3539036,2011,53,3835.0
3539036,2011,54,11935.0
3539036,2011,55,85.0
3539036,2011,56,10250.0
3539036,2011,61,18735.0
3539036,2011,62,26330.0
3539036,2011,71,4420.0
3539036,2011,72,14380.0
3539036,2011,81,7730.0
3539036,2011,91,8505.0
3539041,2011,11,505.0
3539041,2011,21,10.0
3539041,2011,22,55.0
3539041,2011,23,380.0
3539041,2011,31-33,325.0
3539041,2011,41,125.0
3539041,2011,44-45,305.0
3539041,2011,48-49,145.0
3539041,2011,51,45.0
3539041,2011,52,90.0
3539041,2011,53,10.0
3539041,2011,54,95.0
3539041,2011,55,0.0
3539041,2011,56,135.0
3539041,2011,61,220.0
3539041,2011,62,455.0
3539041,2011,71,105.0
3539041,2011,72,245.0
3539041,2011,81,235.0
3539041,2011,91,75.0
3539047,2011,11,375.0
3539047,2011,21,0.0
3539047,2011,22,0.0
3539047,2011,23,125.0
3539047,2011,31-33,155.0
3539047,2011,41,80.0
3539047,2011,44-45,195.0
3539047,2011,48-49,80.0
3539047,2011,51,0.0
3539047,2011,52,35.0
3539047,2011,53,0.0
3539047,2011,54,55.0
3539047,2011,55,0.0
3539047,2011,56,50.0
3539047,2011,61,85.0
3539047,2011,62,165.0
3539047,2011,71,30.0
3539047,2011,72,40.0
3539047,2011,81,55.0
3539047,2011,91,90.0
3539060,2011,11,240.0
3539060,2011,21,0.0
3539060,2011,22,65.0
3539060,2011,23,280.0
3539060,2011,31-33,250.0
3539060,2011,41,105.0
3539060,2011,44-45,280.0
3539060,2011,48-49,180.0
3539060,2011,51,55.0
3539060,2011,52,85.0
3539060,2011,53,50.0
3539060,2011,54,60.0
3539060,2011,55,0.0
3539060,2011,56,75.0
3539060,2011,61,130.0
3539060,2011,62,390.0
3539060,2011,71,35.0
3539060,2011,72,95.0
3539060,2011,81,90.0
3539060,2011,91,90.0
3540005,2011,11,555.0
3540005,2011,21,15.0
3540005,2011,22,25.0
3540005,2011,23,540.0
3540005,2011,31-33,770.0
3540005,2011,41,230.0
3540005,2011,44-45,525.0
3540005,2011,48-49,215.0
3540005,2011,51,85.0
3540005,2011,52,125.0
3540005,2011,53,40.0
3540005,2011,54,115.0
3540005,2011,55,0.0
3540005,2011,56,200.0
3540005,2011,61,275.0
3540005,2011,62,580.0
3540005,2011,71,60.0
3540005,2011,72,340.0
3540005,2011,81,135.0
3540005,2011,91,240.0
3540010,2011,11,380.0
3540010,2011,21,0.0
3540010,2011,22,55.0
3540010,2011,23,515.0
3540010,2011,31-33,295.0
3540010,2011,41,210.0
3540010,2011,44-45,280.0
3540010,2011,48-49,175.0
3540010,2011,51,70.0
3540010,2011,52,135.0
3540010,2011,53,75.0
3540010,2011,54,160.0
3540010,2011,55,0.0
3540010,2011,56,180.0
3540010,2011,61,255.0
3540010,2011,62,385.0
3540010,2011,71,40.0
3540010,2011,72,335.0
3540010,2011,81,220.0
3540010,2011,91,150.0
3540025,2011,11,875.0
3540025,2011,21,65.0
3540025,2011,22,40.0
3540025,2011,23,255.0
3540025,2011,31-33,300.0
3540025,2011,41,150.0
3540025,2011,44-45,415.0
3540025,2011,48-49,145.0
3540025,2011,51,30.0
3540025,2011,52,95.0
3540025,2011,53,40.0
3540025,2011,54,155.0
3540025,2011,55,0.0
3540025,2011,56,135.0
3540025,2011,61,280.0
3540025,2011,62,395.0
3540025,2011,71,95.0
3540025,2011,72,200.0
3540025,2011,81,275.0
3540025,2011,91,115.0
3540028,2011,11,25.0
3540028,2011,21,190.0
3540028,2011,22,125.0
3540028,2011,23,250.0
3540028,2011,31-33,275.0
3540028,2011,41,90.0
3540028,2011,44-45,570.0
3540028,2011,48-49,140.0
3540028,2011,51,50.0
3540028,2011,52,85.0
3540028,2011,53,95.0
3540028,2011,54,155.0
3540028,2011,55,0.0
3540028,2011,56,150.0
3540028,2011,61,240.0
3540028,2011,62,525.0
3540028,2011,71,100.0
3540028,2011,72,355.0
3540028,2011,81,140.0
3540028,2011,91,215.0
3540040,2011,11,780.0
3540040,2011,21,10.0
3540040,2011,22,50.0
3540040,2011,23,490.0
3540040,2011,31-33,945.0
3540040,2011,41,245.0
3540040,2011,44-45,415.0
3540040,2011,48-49,205.0
3540040,2011,51,20.0
3540040,2011,52,65.0
3540040,2011,53,80.0
3540040,2011,54,150.0
3540040,2011,55,0.0
3540040,2011,56,170.0
3540040,2011,61,240.0
3540040,2011,62,465.0
3540040,2011,71,25.0
3540040,2011,72,230.0
3540040,2011,81,185.0
3540040,2011,91,185.0
3540046,2011,11,490.0
3540046,2011,21,0.0
3540046,2011,22,0.0
3540046,2011,23,225.0
3540046,2011,31-33,320.0
3540046,2011,41,100.0
3540046,2011,44-45,105.0
3540046,2011,48-49,120.0
3540046,2011,51,0.0
3540046,2011,52,50.0
3540046,2011,53,0.0
3540046,2011,54,25.0
3540046,2011,55,0.0
3540046,2011,56,100.0
3540046,2011,61,85.0
3540046,2011,62,280.0
3540046,2011,71,0.0
3540046,2011,72,65.0
3540046,2011,81,80.0
3540046,2011,91,30.0
3540050,2011,11,325.0
3540050,2011,21,0.0
3540050,2011,22,125.0
3540050,2011,23,175.0
3540050,2011,31-33,265.0
3540050,2011,41,120.0
3540050,2011,44-45,100.0
3540050,2011,48-49,120.0
3540050,2011,51,0.0
3540050,2011,52,35.0
3540050,2011,53,25.0
3540050,2011,54,45.0
3540050,2011,55,0.0
3540050,2011,56,15.0
3540050,2011,61,45.0
3540050,2011,62,195.0
3540050,2011,71,0.0
3540050,2011,72,55.0
3540050,2011,81,80.0
3540050,2011,91,75.0
3540055,2011,11,245.0
3540055,2011,21,20.0
3540055,2011,22,60.0
3540055,2011,23,210.0
3540055,2011,31-33,365.0
3540055,2011,41,30.0
3540055,2011,44-45,195.0
3540055,2011,48-49,155.0
3540055,2011,51,55.0
3540055,2011,52,100.0
3540055,2011,53,20.0
3540055,2011,54,65.0
3540055,2011,55,0.0
3540055,2011,56,25.0
3540055,2011,61,145.0
3540055,2011,62,370.0
3540055,2011,71,20.0
3540055,2011,72,165.0
3540055,2011,81,115.0
3540055,2011,91,65.0
3540063,2011,11,555.0
3540063,2011,21,115.0
3540063,2011,22,70.0
3540063,2011,23,270.0
3540063,2011,31-33,170.0
3540063,2011,41,100.0
3540063,2011,44-45,295.0
3540063,2011,48-49,140.0
3540063,2011,51,20.0
3540063,2011,52,55.0
3540063,2011,53,60.0
3540063,2011,54,110.0
3540063,2011,55,0.0
3540063,2011,56,85.0
3540063,2011,61,120.0
3540063,2011,62,285.0
3540063,2011,71,25.0
3540063,2011,72,105.0
3540063,2011,81,125.0
3540063,2011,91,105.0
3541004,2011,11,580.0
3541004,2011,21,0.0
3541004,2011,22,105.0
3541004,2011,23,295.0
3541004,2011,31-33,590.0
3541004,2011,41,105.0
3541004,2011,44-45,280.0
3541004,2011,48-49,170.0
3541004,2011,51,60.0
3541004,2011,52,75.0
3541004,2011,53,25.0
3541004,2011,54,95.0
3541004,2011,55,0.0
3541004,2011,56,15.0
3541004,2011,61,160.0
3541004,2011,62,250.0
3541004,2011,71,40.0
3541004,2011,72,150.0
3541004,2011,81,130.0
3541004,2011,91,135.0
3541015,2011,11,410.0
3541015,2011,21,0.0
3541015,2011,22,590.0
3541015,2011,23,355.0
3541015,2011,31-33,355.0
3541015,2011,41,90.0
3541015,2011,44-45,310.0
3541015,2011,48-49,155.0
3541015,2011,51,20.0
3541015,2011,52,130.0
3541015,2011,53,0.0
3541015,2011,54,125.0
3541015,2011,55,0.0
3541015,2011,56,75.0
3541015,2011,61,140.0
3541015,2011,62,320.0
3541015,2011,71,45.0
3541015,2011,72,210.0
3541015,2011,81,130.0
3541015,2011,91,60.0
3541024,2011,11,370.0
3541024,2011,21,0.0
3541024,2011,22,1620.0
3541024,2011,23,345.0
3541024,2011,31-33,145.0
3541024,2011,41,105.0
3541024,2011,44-45,720.0
3541024,2011,48-49,85.0
3541024,2011,51,110.0
3541024,2011,52,80.0
3541024,2011,53,65.0
3541024,2011,54,305.0
3541024,2011,55,0.0
3541024,2011,56,170.0
3541024,2011,61,330.0
3541024,2011,62,455.0
3541024,2011,71,75.0
3541024,2011,72,490.0
3541024,2011,81,190.0
3541024,2011,91,165.0
3541032,2011,11,480.0
3541032,2011,21,10.0
3541032,2011,22,380.0
3541032,2011,23,470.0
3541032,2011,31-33,470.0
3541032,2011,41,295.0
3541032,2011,44-45,555.0
3541032,2011,48-49,255.0
3541032,2011,51,45.0
3541032,2011,52,185.0
3541032,2011,53,30.0
3541032,2011,54,200.0
3541032,2011,55,0.0
3541032,2011,56,130.0
3541032,2011,61,335.0
3541032,2011,62,525.0
3541032,2011,71,80.0
3541032,2011,72,220.0
3541032,2011,81,195.0
3541032,2011,91,165.0
3541043,2011,11,480.0
3541043,2011,21,0.0
3541043,2011,22,430.0
3541043,2011,23,470.0
3541043,2011,31-33,255.0
3541043,2011,41,155.0
3541043,2011,44-45,455.0
3541043,2011,48-49,130.0
3541043,2011,51,10.0
3541043,2011,52,65.0
3541043,2011,53,20.0
3541043,2011,54,130.0
3541043,2011,55,0.0
3541043,2011,56,95.0
3541043,2011,61,215.0
3541043,2011,62,410.0
3541043,2011,71,65.0
3541043,2011,72,185.0
3541043,2011,81,140.0
3541043,2011,91,140.0
3541045,2011,11,125.0
3541045,2011,21,0.0
3541045,2011,22,1855.0
3541045,2011,23,285.0
3541045,2011,31-33,155.0
3541045,2011,41,105.0
3541045,2011,44-45,710.0
3541045,2011,48-49,170.0
3541045,2011,51,55.0
3541045,2011,52,105.0
3541045,2011,53,75.0
3541045,2011,54,365.0
3541045,2011,55,0.0
3541045,2011,56,130.0
3541045,2011,61,300.0
3541045,2011,62,525.0
3541045,2011,71,190.0
3541045,2011,72,605.0
3541045,2011,81,220.0
3541045,2011,91,235.0
3541055,2011,11,130.0
3541055,2011,21,145.0
3541055,2011,22,165.0
3541055,2011,23,425.0
3541055,2011,31-33,370.0
3541055,2011,41,70.0
3541055,2011,44-45,485.0
3541055,2011,48-49,120.0
3541055,2011,51,30.0
3541055,2011,52,100.0
3541055,2011,53,65.0
3541055,2011,54,210.0
3541055,2011,55,0.0
3541055,2011,56,95.0
3541055,2011,61,170.0
3541055,2011,62,410.0
3541055,2011,71,105.0
3541055,2011,72,260.0
3541055,2011,81,200.0
3541055,2011,91,205.0
3541057,2011,11,10.0
3541057,2011,21,10.0
3541057,2011,22,20.0
3541057,2011,23,25.0
3541057,2011,31-33,0.0
3541057,2011,41,0.0
3541057,2011,44-45,20.0
3541057,2011,48-49,0.0
3541057,2011,51,0.0
3541057,2011,52,0.0
3541057,2011,53,0.0
3541057,2011,54,0.0
3541057,2011,55,0.0
3541057,2011,56,10.0
3541057,2011,61,20.0
3541057,2011,62,45.0
3541057,2011,71,15.0
3541057,2011,72,15.0
3541057,2011,81,0.0
3541057,2011,91,105.0
3541060,2011,11,25.0
3541060,2011,21,0.0
3541060,2011,22,0.0
3541060,2011,23,15.0
3541060,2011,31-33,0.0
3541060,2011,41,0.0
3541060,2011,44-45,10.0
3541060,2011,48-49,0.0
3541060,2011,51,0.0
3541060,2011,52,0.0
3541060,2011,53,0.0
3541060,2011,54,0.0
3541060,2011,55,0.0
3541060,2011,56,15.0
3541060,2011,61,15.0
3541060,2011,62,55.0
3541060,2011,71,10.0
3541060,2011,72,15.0
3541060,2011,81,10.0
3541060,2011,91,55.0
3541069,2011,11,30.0
3541069,2011,21,30.0
3541069,2011,22,30.0
3541069,2011,23,170.0
3541069,2011,31-33,110.0
3541069,2011,41,10.0
3541069,2011,44-45,180.0
3541069,2011,48-49,70.0
3541069,2011,51,15.0
3541069,2011,52,30.0
3541069,2011,53,35.0
3541069,2011,54,60.0
3541069,2011,55,0.0
3541069,2011,56,30.0
3541069,2011,61,80.0
3541069,2011,62,205.0
3541069,2011,71,45.0
3541069,2011,72,205.0
3541069,2011,81,105.0
3541069,2011,91,85.0
3542004,2011,11,830.0
3542004,2011,21,0.0
3542004,2011,22,130.0
3542004,2011,23,625.0
3542004,2011,31-33,990.0
3542004,2011,41,140.0
3542004,2011,44-45,680.0
3542004,2011,48-49,270.0
3542004,2011,51,85.0
3542004,2011,52,150.0
3542004,2011,53,110.0
3542004,2011,54,270.0
3542004,2011,55,0.0
3542004,2011,56,245.0
3542004,2011,61,255.0
3542004,2011,62,785.0
3542004,2011,71,135.0
3542004,2011,72,235.0
3542004,2011,81,340.0
3542004,2011,91,290.0
3542005,2011,11,625.0
3542005,2011,21,0.0
3542005,2011,22,0.0
3542005,2011,23,565.0
3542005,2011,31-33,645.0
3542005,2011,41,145.0
3542005,2011,44-45,390.0
3542005,2011,48-49,295.0
3542005,2011,51,35.0
3542005,2011,52,115.0
3542005,2011,53,110.0
3542005,2011,54,125.0
3542005,2011,55,0.0
3542005,2011,56,130.0
3542005,2011,61,230.0
3542005,2011,62,240.0
3542005,2011,71,75.0
3542005,2011,72,85.0
3542005,2011,81,85.0
3542005,2011,91,110.0
3542015,2011,11,475.0
3542015,2011,21,30.0
3542015,2011,22,0.0
3542015,2011,23,580.0
3542015,2011,31-33,565.0
3542015,2011,41,130.0
3542015,2011,44-45,470.0
3542015,2011,48-49,170.0
3542015,2011,51,60.0
3542015,2011,52,105.0
3542015,2011,53,65.0
3542015,2011,54,375.0
3542015,2011,55,0.0
3542015,2011,56,180.0
3542015,2011,61,335.0
3542015,2011,62,450.0
3542015,2011,71,125.0
3542015,2011,72,300.0
3542015,2011,81,240.0
3542015,2011,91,205.0
3542029,2011,11,150.0
3542029,2011,21,0.0
3542029,2011,22,60.0
3542029,2011,23,300.0
3542029,2011,31-33,475.0
3542029,2011,41,170.0
3542029,2011,44-45,525.0
3542029,2011,48-49,135.0
3542029,2011,51,55.0
3542029,2011,52,140.0
3542029,2011,53,25.0
3542029,2011,54,110.0
3542029,2011,55,0.0
3542029,2011,56,110.0
3542029,2011,61,160.0
3542029,2011,62,360.0
3542029,2011,71,75.0
3542029,2011,72,245.0
3542029,2011,81,130.0
3542029,2011,91,145.0
3542037,2011,11,340.0
3542037,2011,21,0.0
3542037,2011,22,90.0
3542037,2011,23,420.0
3542037,2011,31-33,370.0
3542037,2011,41,130.0
3542037,2011,44-45,400.0
3542037,2011,48-49,105.0
3542037,2011,51,20.0
3542037,2011,52,110.0
3542037,2011,53,30.0
3542037,2011,54,155.0
3542037,2011,55,0.0
3542037,2011,56,120.0
3542037,2011,61,235.0
3542037,2011,62,400.0
3542037,2011,71,75.0
3542037,2011,72,150.0
3542037,2011,81,205.0
3542037,2011,91,120.0
3542045,2011,11,130.0
3542045,2011,21,0.0
3542045,2011,22,0.0
3542045,2011,23,270.0
3542045,2011,31-33,185.0
3542045,2011,41,80.0
3542045,2011,44-45,290.0
3542045,2011,48-49,85.0
3542045,2011,51,45.0
3542045,2011,52,135.0
3542045,2011,53,135.0
3542045,2011,54,270.0
3542045,2011,55,0.0
3542045,2011,56,160.0
3542045,2011,61,285.0
3542045,2011,62,325.0
3542045,2011,71,145.0
3542045,2011,72,315.0
3542045,2011,81,95.0
3542045,2011,91,240.0
3542047,2011,11,370.0
3542047,2011,21,60.0
3542047,2011,22,35.0
3542047,2011,23,500.0
3542047,2011,31-33,420.0
3542047,2011,41,100.0
3542047,2011,44-45,565.0
3542047,2011,48-49,115.0
3542047,2011,51,30.0
3542047,2011,52,200.0
3542047,2011,53,170.0
3542047,2011,54,325.0
3542047,2011,55,0.0
3542047,2011,56,165.0
3542047,2011,61,340.0
3542047,2011,62,945.0
3542047,2011,71,215.0
3542047,2011,72,485.0
3542047,2011,81,175.0
3542047,2011,91,485.0
3542053,2011,11,265.0
3542053,2011,21,50.0
3542053,2011,22,110.0
3542053,2011,23,540.0
3542053,2011,31-33,620.0
3542053,2011,41,130.0
3542053,2011,44-45,605.0
3542053,2011,48-49,115.0
3542053,2011,51,30.0
3542053,2011,52,170.0
3542053,2011,53,85.0
3542053,2011,54,235.0
3542053,2011,55,0.0
3542053,2011,56,220.0
3542053,2011,61,370.0
3542053,2011,62,950.0
3542053,2011,71,140.0
3542053,2011,72,270.0
3542053,2011,81,320.0
3542053,2011,91,515.0
3542059,2011,11,80.0
3542059,2011,21,85.0
3542059,2011,22,205.0
3542059,2011,23,660.0
3542059,2011,31-33,1135.0
3542059,2011,41,265.0
3542059,2011,44-45,1335.0
3542059,2011,48-49,320.0
3542059,2011,51,210.0
3542059,2011,52,245.0
3542059,2011,53,190.0
3542059,2011,54,315.0
3542059,2011,55,0.0
3542059,2011,56,580.0
3542059,2011,61,675.0
3542059,2011,62,1800.0
3542059,2011,71,220.0
3542059,2011,72,1010.0
3542059,2011,81,475.0
3542059,2011,91,480.0
3543005,2011,11,335.0
3543005,2011,21,50.0
3543005,2011,22,40.0
3543005,2011,23,740.0
3543005,2011,31-33,885.0
3543005,2011,41,235.0
3543005,2011,44-45,805.0
3543005,2011,48-49,435.0
3543005,2011,51,115.0
3543005,2011,52,120.0
3543005,2011,53,85.0
3543005,2011,54,485.0
3543005,2011,55,0.0
3543005,2011,56,320.0
3543005,2011,61,325.0
3543005,2011,62,665.0
3543005,2011,71,205.0
3543005,2011,72,490.0
3543005,2011,81,275.0
3543005,2011,91,385.0
3543007,2011,11,260.0
3543007,2011,21,40.0
3543007,2011,22,110.0
3543007,2011,23,1285.0
3543007,2011,31-33,2875.0
3543007,2011,41,975.0
3543007,2011,44-45,1735.0
3543007,2011,48-49,985.0
3543007,2011,51,165.0
3543007,2011,52,390.0
3543007,2011,53,250.0
3543007,2011,54,730.0
3543007,2011,55,0.0
3543007,2011,56,1145.0
3543007,2011,61,1175.0
3543007,2011,62,1130.0
3543007,2011,71,285.0
3543007,2011,72,1005.0
3543007,2011,81,885.0
3543007,2011,91,785.0
3543009,2011,11,335.0
3543009,2011,21,30.0
3543009,2011,22,135.0
3543009,2011,23,1080.0
3543009,2011,31-33,880.0
3543009,2011,41,495.0
3543009,2011,44-45,965.0
3543009,2011,48-49,525.0
3543009,2011,51,240.0
3543009,2011,52,330.0
3543009,2011,53,135.0
3543009,2011,54,485.0
3543009,2011,55,0.0
3543009,2011,56,490.0
3543009,2011,61,925.0
3543009,2011,62,1110.0
3543009,2011,71,285.0
3543009,2011,72,685.0
3543009,2011,81,465.0
3543009,2011,91,685.0
3543014,2011,11,375.0
3543014,2011,21,15.0
3543014,2011,22,115.0
3543014,2011,23,1865.0
3543014,2011,31-33,2110.0
3543014,2011,41,720.0
3543014,2011,44-45,2275.0
3543014,2011,48-49,770.0
3543014,2011,51,400.0
3543014,2011,52,595.0
3543014,2011,53,195.0
3543014,2011,54,820.0
3543014,2011,55,0.0
3543014,2011,56,725.0
3543014,2011,61,1045.0
3543014,2011,62,1340.0
3543014,2011,71,400.0
3543014,2011,72,835.0
3543014,2011,81,590.0
3543014,2011,91,790.0
3543015,2011,11,185.0
3543015,2011,21,40.0
3543015,2011,22,50.0
3543015,2011,23,850.0
3543015,2011,31-33,605.0
3543015,2011,41,210.0
3543015,2011,44-45,705.0
3543015,2011,48-49,310.0
3543015,2011,51,110.0
3543015,2011,52,95.0
3543015,2011,53,50.0
3543015,2011,54,265.0
3543015,2011,55,0.0
3543015,2011,56,275.0
3543015,2011,61,345.0
3543015,2011,62,770.0
3543015,2011,71,405.0
3543015,2011,72,465.0
3543015,2011,81,345.0
3543015,2011,91,660.0
3543017,2011,11,255.0
3543017,2011,21,85.0
3543017,2011,22,165.0
3543017,2011,23,1815.0
3543017,2011,31-33,2180.0
3543017,2011,41,1065.0
3543017,2011,44-45,2410.0
3543017,2011,48-49,1300.0
3543017,2011,51,330.0
3543017,2011,52,585.0
3543017,2011,53,285.0
3543017,2011,54,860.0
3543017,2011,55,0.0
3543017,2011,56,1015.0
3543017,2011,61,1030.0
3543017,2011,62,1280.0
3543017,2011,71,430.0
3543017,2011,72,860.0
3543017,2011,81,840.0
3543017,2011,91,1090.0
3543019,2011,11,140.0
3543019,2011,21,35.0
3543019,2011,22,55.0
3543019,2011,23,490.0
3543019,2011,31-33,285.0
3543019,2011,41,215.0
3543019,2011,44-45,450.0
3543019,2011,48-49,240.0
3543019,2011,51,55.0
3543019,2011,52,115.0
3543019,2011,53,170.0
3543019,2011,54,320.0
3543019,2011,55,0.0
3543019,2011,56,170.0
3543019,2011,61,385.0
3543019,2011,62,255.0
3543019,2011,71,325.0
3543019,2011,72,295.0
3543019,2011,81,205.0
3543019,2011,91,290.0
3543021,2011,11,225.0
3543021,2011,21,0.0
3543021,2011,22,90.0
3543021,2011,23,820.0
3543021,2011,31-33,1045.0
3543021,2011,41,370.0
3543021,2011,44-45,1095.0
3543021,2011,48-49,485.0
3543021,2011,51,130.0
3543021,2011,52,320.0
3543021,2011,53,180.0
3543021,2011,54,300.0
3543021,2011,55,0.0
3543021,2011,56,415.0
3543021,2011,61,530.0
3543021,2011,62,760.0
3543021,2011,71,245.0
3543021,2011,72,505.0
3543021,2011,81,480.0
3543021,2011,91,2365.0
3543023,2011,11,270.0
3543023,2011,21,0.0
3543023,2011,22,190.0
3543023,2011,23,1200.0
3543023,2011,31-33,865.0
3543023,2011,41,490.0
3543023,2011,44-45,1210.0
3543023,2011,48-49,470.0
3543023,2011,51,180.0
3543023,2011,52,255.0
3543023,2011,53,200.0
3543023,2011,54,790.0
3543023,2011,55,0.0
3543023,2011,56,515.0
3543023,2011,61,925.0
3543023,2011,62,1435.0
3543023,2011,71,445.0
3543023,2011,72,650.0
3543023,2011,81,350.0
3543023,2011,91,885.0
3543031,2011,11,65.0
3543031,2011,21,60.0
3543031,2011,22,60.0
3543031,2011,23,785.0
3543031,2011,31-33,680.0
3543031,2011,41,200.0
3543031,2011,44-45,1375.0
3543031,2011,48-49,280.0
3543031,2011,51,150.0
3543031,2011,52,320.0
3543031,2011,53,295.0
3543031,2011,54,525.0
3543031,2011,55,0.0
3543031,2011,56,370.0
3543031,2011,61,605.0
3543031,2011,62,1080.0
3543031,2011,71,475.0
3543031,2011,72,1260.0
3543031,2011,81,380.0
3543031,2011,91,410.0
3543042,2011,11,200.0
3543042,2011,21,185.0
3543042,2011,22,800.0
3543042,2011,23,5120.0
3543042,2011,31-33,7860.0
3543042,2011,41,3355.0
3543042,2011,44-45,9885.0
3543042,2011,48-49,3740.0
3543042,2011,51,1625.0
3543042,2011,52,2395.0
3543042,2011,53,1500.0
3543042,2011,54,3820.0
3543042,2011,55,30.0
3543042,2011,56,3735.0
3543042,2011,61,5445.0
3543042,2011,62,8255.0
3543042,2011,71,1695.0
3543042,2011,72,5740.0
3543042,2011,81,2610.0
3543042,2011,91,4655.0
3543050,2011,11,0.0
3543050,2011,21,0.0
3543050,2011,22,10.0
3543050,2011,23,25.0
3543050,2011,31-33,0.0
3543050,2011,41,0.0
3543050,2011,44-45,20.0
3543050,2011,48-49,0.0
3543050,2011,51,0.0
3543050,2011,52,0.0
3543050,2011,53,0.0
3543050,2011,54,10.0
3543050,2011,55,0.0
3543050,2011,56,20.0
3543050,2011,61,10.0
3543050,2011,62,35.0
3543050,2011,71,50.0
3543050,2011,72,10.0
3543050,2011,81,10.0
3543050,2011,91,140.0
3543052,2011,11,50.0
3543052,2011,21,0.0
3543052,2011,22,95.0
3543052,2011,23,885.0
3543052,2011,31-33,1065.0
3543052,2011,41,450.0
3543052,2011,44-45,2105.0
3543052,2011,48-49,465.0
3543052,2011,51,180.0
3543052,2011,52,470.0
3543052,2011,53,405.0
3543052,2011,54,655.0
3543052,2011,55,0.0
3543052,2011,56,635.0
3543052,2011,61,760.0
3543052,2011,62,1800.0
3543052,2011,71,1545.0
3543052,2011,72,1450.0
3543052,2011,81,525.0
3543052,2011,91,860.0
3543064,2011,11,30.0
3543064,2011,21,15.0
3543064,2011,22,100.0
3543064,2011,23,875.0
3543064,2011,31-33,570.0
3543064,2011,41,200.0
3543064,2011,44-45,1245.0
3543064,2011,48-49,375.0
3543064,2011,51,125.0
3543064,2011,52,195.0
3543064,2011,53,160.0
3543064,2011,54,455.0
3543064,2011,55,0.0
3543064,2011,56,270.0
3543064,2011,61,370.0
3543064,2011,62,745.0
3543064,2011,71,210.0
3543064,2011,72,770.0
3543064,2011,81,235.0
3543064,2011,91,685.0
3543068,2011,11,135.0
3543068,2011,21,0.0
3543068,2011,22,35.0
3543068,2011,23,680.0
3543068,2011,31-33,600.0
3543068,2011,41,110.0
3543068,2011,44-45,670.0
3543068,2011,48-49,240.0
3543068,2011,51,110.0
3543068,2011,52,95.0
3543068,2011,53,115.0
3543068,2011,54,310.0
3543068,2011,55,0.0
3543068,2011,56,215.0
3543068,2011,61,360.0
3543068,2011,62,700.0
3543068,2011,71,195.0
3543068,2011,72,285.0
3543068,2011,81,240.0
3543068,2011,91,340.0
3543071,2011,11,130.0
3543071,2011,21,0.0
3543071,2011,22,20.0
3543071,2011,23,615.0
3543071,2011,31-33,830.0
3543071,2011,41,85.0
3543071,2011,44-45,580.0
3543071,2011,48-49,210.0
3543071,2011,51,35.0
3543071,2011,52,80.0
3543071,2011,53,45.0
3543071,2011,54,110.0
3543071,2011,55,0.0
3543071,2011,56,120.0
3543071,2011,61,225.0
3543071,2011,62,730.0
3543071,2011,71,170.0
3543071,2011,72,305.0
3543071,2011,81,190.0
3543071,2011,91,330.0
3543072,2011,11,0.0
3543072,2011,21,0.0
3543072,2011,22,40.0
3543072,2011,23,370.0
3543072,2011,31-33,920.0
3543072,2011,41,125.0
3543072,2011,44-45,305.0
3543072,2011,48-49,105.0
3543072,2011,51,30.0
3543072,2011,52,95.0
3543072,2011,53,20.0
3543072,2011,54,115.0
3543072,2011,55,0.0
3543072,2011,56,165.0
3543072,2011,61,260.0
3543072,2011,62,750.0
3543072,2011,71,165.0
3543072,2011,72,240.0
3543072,2011,81,210.0
3543072,2011,91,195.0
3543074,2011,11,0.0
3543074,2011,21,25.0
3543074,2011,22,45.0
3543074,2011,23,465.0
3543074,2011,31-33,1315.0
3543074,2011,41,170.0
3543074,2011,44-45,1245.0
3543074,2011,48-49,265.0
3543074,2011,51,90.0
3543074,2011,52,250.0
3543074,2011,53,135.0
3543074,2011,54,345.0
3543074,2011,55,0.0
3543074,2011,56,255.0
3543074,2011,61,445.0
3543074,2011,62,995.0
3543074,2011,71,255.0
3543074,2011,72,505.0
3543074,2011,81,310.0
3543074,2011,91,515.0
3544002,2011,11,15.0
3544002,2011,21,0.0
3544002,2011,22,45.0
3544002,2011,23,590.0
3544002,2011,31-33,220.0
3544002,2011,41,155.0
3544002,2011,44-45,945.0
3544002,2011,48-49,255.0
3544002,2011,51,30.0
3544002,2011,52,180.0
3544002,2011,53,60.0
3544002,2011,54,265.0
3544002,2011,55,0.0
3544002,2011,56,200.0
3544002,2011,61,260.0
3544002,2011,62,675.0
3544002,2011,71,230.0
3544002,2011,72,405.0
3544002,2011,81,315.0
3544002,2011,91,470.0
3544018,2011,11,25.0
3544018,2011,21,15.0
3544018,2011,22,115.0
3544018,2011,23,945.0
3544018,2011,31-33,305.0
3544018,2011,41,195.0
3544018,2011,44-45,1240.0
3544018,2011,48-49,260.0
3544018,2011,51,130.0
3544018,2011,52,140.0
3544018,2011,53,240.0
3544018,2011,54,435.0
3544018,2011,55,0.0
3544018,2011,56,355.0
3544018,2011,61,550.0
3544018,2011,62,1035.0
3544018,2011,71,265.0
3544018,2011,72,755.0
3544018,2011,81,295.0
3544018,2011,91,700.0
3544042,2011,11,160.0
3544042,2011,21,40.0
3544042,2011,22,40.0
3544042,2011,23,1270.0
3544042,2011,31-33,950.0
3544042,2011,41,260.0
3544042,2011,44-45,1315.0
3544042,2011,48-49,355.0
3544042,2011,51,80.0
3544042,2011,52,290.0
3544042,2011,53,195.0
3544042,2011,54,460.0
3544042,2011,55,0.0
3544042,2011,56,395.0
3544042,2011,61,590.0
3544042,2011,62,1180.0
3544042,2011,71,245.0
3544042,2011,72,1270.0
3544042,2011,81,415.0
3544042,2011,91,375.0
3544073,2011,11,0.0
3544073,2011,21,0.0
3544073,2011,22,0.0
3544073,2011,23,10.0
3544073,2011,31-33,10.0
3544073,2011,41,10.0
3544073,2011,44-45,0.0
3544073,2011,48-49,0.0
3544073,2011,51,0.0
3544073,2011,52,0.0
3544073,2011,53,0.0
3544073,2011,54,0.0
3544073,2011,55,0.0
3544073,2011,56,0.0
3544073,2011,61,0.0
3544073,2011,62,10.0
3544073,2011,71,10.0
3544073,2011,72,10.0
3544073,2011,81,0.0
3544073,2011,91,20.0
3546005,2011,11,35.0
3546005,2011,21,0.0
3546005,2011,22,15.0
3546005,2011,23,160.0
3546005,2011,31-33,60.0
3546005,2011,41,0.0
3546005,2011,44-45,270.0
3546005,2011,48-49,45.0
3546005,2011,51,25.0
3546005,2011,52,40.0
3546005,2011,53,35.0
3546005,2011,54,110.0
3546005,2011,55,0.0
3546005,2011,56,75.0
3546005,2011,61,65.0
3546005,2011,62,115.0
3546005,2011,71,30.0
3546005,2011,72,75.0
3546005,2011,81,45.0
3546005,2011,91,165.0
3546015,2011,11,35.0
3546015,2011,21,0.0
3546015,2011,22,60.0
3546015,2011,23,295.0
3546015,2011,31-33,105.0
3546015,2011,41,35.0
3546015,2011,44-45,470.0
3546015,2011,48-49,130.0
3546015,2011,51,25.0
3546015,2011,52,70.0
3546015,2011,53,80.0
3546015,2011,54,55.0
3546015,2011,55,0.0
3546015,2011,56,110.0
3546015,2011,61,80.0
3546015,2011,62,440.0
3546015,2011,71,35.0
3546015,2011,72,185.0
3546015,2011,81,125.0
3546015,2011,91,150.0
3547002,2011,11,0.0
3547002,2011,21,0.0
3547002,2011,22,85.0
3547002,2011,23,405.0
3547002,2011,31-33,480.0
3547002,2011,41,65.0
3547002,2011,44-45,580.0
3547002,2011,48-49,155.0
3547002,2011,51,60.0
3547002,2011,52,85.0
3547002,2011,53,75.0
3547002,2011,54,235.0
3547002,2011,55,0.0
3547002,2011,56,115.0
3547002,2011,61,255.0
3547002,2011,62,420.0
3547002,2011,71,75.0
3547002,2011,72,250.0
3547002,2011,81,130.0
3547002,2011,91,360.0
3547003,2011,11,115.0
3547003,2011,21,0.0
3547003,2011,22,145.0
3547003,2011,23,275.0
3547003,2011,31-33,730.0
3547003,2011,41,165.0
3547003,2011,44-45,540.0
3547003,2011,48-49,120.0
3547003,2011,51,175.0
3547003,2011,52,65.0
3547003,2011,53,45.0
3547003,2011,54,270.0
3547003,2011,55,0.0
3547003,2011,56,100.0
3547003,2011,61,140.0
3547003,2011,62,490.0
3547003,2011,71,60.0
3547003,2011,72,285.0
3547003,2011,81,145.0
3547003,2011,91,310.0
3547020,2011,11,110.0
3547020,2011,21,0.0
3547020,2011,22,0.0
3547020,2011,23,85.0
3547020,2011,31-33,65.0
3547020,2011,41,0.0
3547020,2011,44-45,75.0
3547020,2011,48-49,0.0
3547020,2011,51,20.0
3547020,2011,52,0.0
3547020,2011,53,0.0
3547020,2011,54,20.0
3547020,2011,55,0.0
3547020,2011,56,65.0
3547020,2011,61,85.0
3547020,2011,62,65.0
3547020,2011,71,0.0
3547020,2011,72,30.0
3547020,2011,81,15.0
3547020,2011,91,40.0
3547043,2011,11,215.0
3547043,2011,21,0.0
3547043,2011,22,40.0
3547043,2011,23,275.0
3547043,2011,31-33,175.0
3547043,2011,41,140.0
3547043,2011,44-45,125.0
3547043,2011,48-49,80.0
3547043,2011,51,20.0
3547043,2011,52,15.0
3547043,2011,53,15.0
3547043,2011,54,20.0
3547043,2011,55,0.0
3547043,2011,56,25.0
3547043,2011,61,180.0
3547043,2011,62,285.0
3547043,2011,71,45.0
3547043,2011,72,50.0
3547043,2011,81,45.0
3547043,2011,91,65.0
3547046,2011,11,0.0
3547046,2011,21,0.0
3547046,2011,22,30.0
3547046,2011,23,150.0
3547046,2011,31-33,335.0
3547046,2011,41,15.0
3547046,2011,44-45,225.0
3547046,2011,48-49,0.0
3547046,2011,51,0.0
3547046,2011,52,15.0
3547046,2011,53,0.0
3547046,2011,54,60.0
3547046,2011,55,0.0
3547046,2011,56,20.0
3547046,2011,61,180.0
3547046,2011,62,185.0
3547046,2011,71,20.0
3547046,2011,72,95.0
3547046,2011,81,95.0
3547046,2011,91,105.0
3547048,2011,11,20.0
3547048,2011,21,0.0
3547048,2011,22,40.0
3547048,2011,23,330.0
3547048,2011,31-33,405.0
3547048,2011,41,80.0
3547048,2011,44-45,515.0
3547048,2011,48-49,95.0
3547048,2011,51,65.0
3547048,2011,52,70.0
3547048,2011,53,50.0
3547048,2011,54,125.0
3547048,2011,55,0.0
3547048,2011,56,130.0
3547048,2011,61,160.0
3547048,2011,62,530.0
3547048,2011,71,25.0
3547048,2011,72,290.0
3547048,2011,81,155.0
3547048,2011,91,285.0
3547056,2011,11,350.0
3547056,2011,21,0.0
3547056,2011,22,100.0
3547056,2011,23,290.0
3547056,2011,31-33,325.0
3547056,2011,41,100.0
3547056,2011,44-45,475.0
3547056,2011,48-49,35.0
3547056,2011,51,15.0
3547056,2011,52,85.0
3547056,2011,53,75.0
3547056,2011,54,150.0
3547056,2011,55,0.0
3547056,2011,56,125.0
3547056,2011,61,185.0
3547056,2011,62,420.0
3547056,2011,71,95.0
3547056,2011,72,170.0
3547056,2011,81,160.0
3547056,2011,91,345.0
3547064,2011,11,55.0
3547064,2011,21,0.0
3547064,2011,22,95.0
3547064,2011,23,405.0
3547064,2011,31-33,260.0
3547064,2011,41,70.0
3547064,2011,44-45,1085.0
3547064,2011,48-49,265.0
3547064,2011,51,105.0
3547064,2011,52,235.0
3547064,2011,53,50.0
3547064,2011,54,485.0
3547064,2011,55,0.0
3547064,2011,56,485.0
3547064,2011,61,480.0
3547064,2011,62,1090.0
3547064,2011,71,80.0
3547064,2011,72,550.0
3547064,2011,81,220.0
3547064,2011,91,840.0
3547075,2011,11,205.0
3547075,2011,21,35.0
3547075,2011,22,70.0
3547075,2011,23,435.0
3547075,2011,31-33,175.0
3547075,2011,41,115.0
3547075,2011,44-45,700.0
3547075,2011,48-49,115.0
3547075,2011,51,90.0
3547075,2011,52,110.0
3547075,2011,53,125.0
3547075,2011,54,385.0
3547075,2011,55,0.0
3547075,2011,56,195.0
3547075,2011,61,470.0
3547075,2011,62,730.0
3547075,2011,71,15.0
3547075,2011,72,235.0
3547075,2011,81,160.0
3547075,2011,91,705.0
3547076,2011,11,45.0
3547076,2011,21,0.0
3547076,2011,22,60.0
3547076,2011,23,185.0
3547076,2011,31-33,100.0
3547076,2011,41,90.0
3547076,2011,44-45,765.0
3547076,2011,48-49,150.0
3547076,2011,51,90.0
3547076,2011,52,55.0
3547076,2011,53,95.0
3547076,2011,54,605.0
3547076,2011,55,0.0
3547076,2011,56,340.0
3547076,2011,61,285.0
3547076,2011,62,675.0
3547076,2011,71,75.0
3547076,2011,72,380.0
3547076,2011,81,275.0
3547076,2011,91,4580.0
3547090,2011,11,40.0
3547090,2011,21,0.0
3547090,2011,22,25.0
3547090,2011,23,65.0
3547090,2011,31-33,60.0
3547090,2011,41,0.0
3547090,2011,44-45,120.0
3547090,2011,48-49,15.0
3547090,2011,51,10.0
3547090,2011,52,10.0
3547090,2011,53,0.0
3547090,2011,54,255.0
3547090,2011,55,0.0
3547090,2011,56,55.0
3547090,2011,61,65.0
3547090,2011,62,50.0
3547090,2011,71,65.0
3547090,2011,72,80.0
3547090,2011,81,15.0
3547090,2011,91,395.0
3547096,2011,11,0.0
3547096,2011,21,0.0
3547096,2011,22,10.0
3547096,2011,23,20.0
3547096,2011,31-33,45.0
3547096,2011,41,0.0
3547096,2011,44-45,165.0
3547096,2011,48-49,0.0
3547096,2011,51,35.0
3547096,2011,52,65.0
3547096,2011,53,25.0
3547096,2011,54,735.0
3547096,2011,55,0.0
3547096,2011,56,75.0
3547096,2011,61,140.0
3547096,2011,62,190.0
3547096,2011,71,60.0
3547096,2011,72,100.0
3547096,2011,81,40.0
3547096,2011,91,240.0
3547098,2011,11,0.0
3547098,2011,21,0.0
3547098,2011,22,0.0
3547098,2011,23,0.0
3547098,2011,31-33,10.0
3547098,2011,41,0.0
3547098,2011,44-45,0.0
3547098,2011,48-49,0.0
3547098,2011,51,0.0
3547098,2011,52,0.0
3547098,2011,53,0.0
3547098,2011,54,0.0
3547098,2011,55,0.0
3547098,2011,56,0.0
3547098,2011,61,0.0
3547098,2011,62,0.0
3547098,2011,71,0.0
3547098,2011,72,0.0
3547098,2011,81,0.0
3547098,2011,91,20.0
3548013,2011,11,0.0
3548013,2011,21,0.0
3548013,2011,22,0.0
3548013,2011,23,75.0
3548013,2011,31-33,15.0
3548013,2011,41,20.0
3548013,2011,44-45,70.0
3548013,2011,48-49,40.0
3548013,2011,51,0.0
3548013,2011,52,0.0
3548013,2011,53,0.0
3548013,2011,54,0.0
3548013,2011,55,0.0
3548013,2011,56,0.0
3548013,2011,61,35.0
3548013,2011,62,70.0
3548013,2011,71,0.0
3548013,2011,72,0.0
3548013,2011,81,0.0
3548013,2011,91,35.0
3548019,2011,11,0.0
3548019,2011,21,0.0
3548019,2011,22,0.0
3548019,2011,23,0.0
3548019,2011,31-33,0.0
3548019,2011,41,0.0
3548019,2011,44-45,25.0
3548019,2011,48-49,0.0
3548019,2011,51,0.0
3548019,2011,52,0.0
3548019,2011,53,0.0
3548019,2011,54,0.0
3548019,2011,55,0.0
3548019,2011,56,0.0
3548019,2011,61,0.0
3548019,2011,62,0.0
3548019,2011,71,0.0
3548019,2011,72,0.0
3548019,2011,81,0.0
3548019,2011,91,0.0
3548021,2011,11,45.0
3548021,2011,21,25.0
3548021,2011,22,0.0
3548021,2011,23,50.0
3548021,2011,31-33,40.0
3548021,2011,41,0.0
3548021,2011,44-45,140.0
3548021,2011,48-49,115.0
3548021,2011,51,0.0
3548021,2011,52,0.0
3548021,2011,53,0.0
3548021,2011,54,0.0
3548021,2011,55,0.0
3548021,2011,56,0.0
3548021,2011,61,50.0
3548021,2011,62,165.0
3548021,2011,71,30.0
3548021,2011,72,65.0
3548021,2011,81,30.0
3548021,2011,91,45.0
3548022,2011,11,55.0
3548022,2011,21,0.0
3548022,2011,22,0.0
3548022,2011,23,20.0
3548022,2011,31-33,0.0
3548022,2011,41,0.0
3548022,2011,44-45,25.0
3548022,2011,48-49,0.0
3548022,2011,51,0.0
3548022,2011,52,0.0
3548022,2011,53,0.0
3548022,2011,54,0.0
3548022,2011,55,0.0
3548022,2011,56,0.0
3548022,2011,61,0.0
3548022,2011,62,70.0
3548022,2011,71,0.0
3548022,2011,72,20.0
3548022,2011,81,0.0
3548022,2011,91,20.0
3548031,2011,11,15.0
3548031,2011,21,0.0
3548031,2011,22,0.0
3548031,2011,23,80.0
3548031,2011,31-33,30.0
3548031,2011,41,20.0
3548031,2011,44-45,105.0
3548031,2011,48-49,25.0
3548031,2011,51,0.0
3548031,2011,52,0.0
3548031,2011,53,0.0
3548031,2011,54,25.0
3548031,2011,55,0.0
3548031,2011,56,0.0
3548031,2011,61,20.0
3548031,2011,62,70.0
3548031,2011,71,0.0
3548031,2011,72,15.0
3548031,2011,81,20.0
3548031,2011,91,50.0
3548034,2011,11,40.0
3548034,2011,21,20.0
3548034,2011,22,40.0
3548034,2011,23,235.0
3548034,2011,31-33,115.0
3548034,2011,41,90.0
3548034,2011,44-45,230.0
3548034,2011,48-49,185.0
3548034,2011,51,45.0
3548034,2011,52,55.0
3548034,2011,53,25.0
3548034,2011,54,140.0
3548034,2011,55,0.0
3548034,2011,56,65.0
3548034,2011,61,315.0
3548034,2011,62,385.0
3548034,2011,71,20.0
3548034,2011,72,70.0
3548034,2011,81,70.0
3548034,2011,91,230.0
3548044,2011,11,115.0
3548044,2011,21,500.0
3548044,2011,22,170.0
3548044,2011,23,1455.0
3548044,2011,31-33,1060.0
3548044,2011,41,950.0
3548044,2011,44-45,4350.0
3548044,2011,48-49,1425.0
3548044,2011,51,395.0
3548044,2011,52,560.0
3548044,2011,53,325.0
3548044,2011,54,1345.0
3548044,2011,55,0.0
3548044,2011,56,1475.0
3548044,2011,61,2535.0
3548044,2011,62,4330.0
3548044,2011,71,400.0
3548044,2011,72,2005.0
3548044,2011,81,1075.0
3548044,2011,91,2605.0
3548055,2011,11,305.0
3548055,2011,21,120.0
3548055,2011,22,115.0
3548055,2011,23,670.0
3548055,2011,31-33,265.0
3548055,2011,41,220.0
3548055,2011,44-45,725.0
3548055,2011,48-49,315.0
3548055,2011,51,45.0
3548055,2011,52,120.0
3548055,2011,53,175.0
3548055,2011,54,115.0
3548055,2011,55,0.0
3548055,2011,56,175.0
3548055,2011,61,540.0
3548055,2011,62,970.0
3548055,2011,71,35.0
3548055,2011,72,335.0
3548055,2011,81,295.0
3548055,2011,91,635.0
3548069,2011,11,0.0
3548069,2011,21,0.0
3548069,2011,22,0.0
3548069,2011,23,75.0
3548069,2011,31-33,0.0
3548069,2011,41,0.0
3548069,2011,44-45,35.0
3548069,2011,48-49,30.0
3548069,2011,51,0.0
3548069,2011,52,0.0
3548069,2011,53,20.0
3548069,2011,54,10.0
3548069,2011,55,0.0
3548069,2011,56,0.0
3548069,2011,61,0.0
3548069,2011,62,30.0
3548069,2011,71,15.0
3548069,2011,72,65.0
3548069,2011,81,0.0
3548069,2011,91,60.0
3548094,2011,11,10.0
3548094,2011,21,55.0
3548094,2011,22,0.0
3548094,2011,23,90.0
3548094,2011,31-33,155.0
3548094,2011,41,25.0
3548094,2011,44-45,55.0
3548094,2011,48-49,95.0
3548094,2011,51,0.0
3548094,2011,52,0.0
3548094,2011,53,0.0
3548094,2011,54,15.0
3548094,2011,55,0.0
3548094,2011,56,55.0
3548094,2011,61,40.0
3548094,2011,62,175.0
3548094,2011,71,0.0
3548094,2011,72,75.0
3548094,2011,81,15.0
3548094,2011,91,40.0
3549031,2011,11,0.0
3549031,2011,21,0.0
3549031,2011,22,0.0
3549031,2011,23,155.0
3549031,2011,31-33,110.0
3549031,2011,41,60.0
3549031,2011,44-45,145.0
3549031,2011,48-49,25.0
3549031,2011,51,0.0
3549031,2011,52,20.0
3549031,2011,53,30.0
3549031,2011,54,30.0
3549031,2011,55,0.0
3549031,2011,56,15.0
3549031,2011,61,155.0
3549031,2011,62,195.0
3549031,2011,71,20.0
3549031,2011,72,110.0
3549031,2011,81,95.0
3549031,2011,91,100.0
3549032,2011,11,20.0
3549032,2011,21,0.0
3549032,2011,22,20.0
3549032,2011,23,250.0
3549032,2011,31-33,170.0
3549032,2011,41,50.0
3549032,2011,44-45,705.0
3549032,2011,48-49,95.0
3549032,2011,51,0.0
3549032,2011,52,40.0
3549032,2011,53,40.0
3549032,2011,54,90.0
3549032,2011,55,0.0
3549032,2011,56,115.0
3549032,2011,61,135.0
3549032,2011,62,450.0
3549032,2011,71,55.0
3549032,2011,72,330.0
3549032,2011,81,195.0
3549032,2011,91,230.0
3549036,2011,11,0.0
3549036,2011,21,0.0
3549036,2011,22,0.0
3549036,2011,23,70.0
3549036,2011,31-33,70.0
3549036,2011,41,10.0
3549036,2011,44-45,45.0
3549036,2011,48-49,10.0
3549036,2011,51,0.0
3549036,2011,52,0.0
3549036,2011,53,10.0
3549036,2011,54,45.0
3549036,2011,55,0.0
3549036,2011,56,25.0
3549036,2011,61,20.0
3549036,2011,62,55.0
3549036,2011,71,30.0
3549036,2011,72,20.0
3549036,2011,81,10.0
3549036,2011,91,50.0
3549039,2011,11,0.0
3549039,2011,21,0.0
3549039,2011,22,0.0
3549039,2011,23,25.0
3549039,2011,31-33,25.0
3549039,2011,41,0.0
3549039,2011,44-45,95.0
3549039,2011,48-49,0.0
3549039,2011,51,0.0
3549039,2011,52,0.0
3549039,2011,53,0.0
3549039,2011,54,0.0
3549039,2011,55,0.0
3549039,2011,56,35.0
3549039,2011,61,0.0
3549039,2011,62,35.0
3549039,2011,71,0.0
3549039,2011,72,0.0
3549039,2011,81,55.0
3549039,2011,91,15.0
3549043,2011,11,15.0
3549043,2011,21,0.0
3549043,2011,22,0.0
3549043,2011,23,120.0
3549043,2011,31-33,60.0
3549043,2011,41,20.0
3549043,2011,44-45,65.0
3549043,2011,48-49,30.0
3549043,2011,51,0.0
3549043,2011,52,0.0
3549043,2011,53,0.0
3549043,2011,54,0.0
3549043,2011,55,0.0
3549043,2011,56,40.0
3549043,2011,61,20.0
3549043,2011,62,35.0
3549043,2011,71,0.0
3549043,2011,72,135.0
3549043,2011,81,35.0
3549043,2011,91,35.0
3549046,2011,11,0.0
3549046,2011,21,0.0
3549046,2011,22,0.0
3549046,2011,23,120.0
3549046,2011,31-33,45.0
3549046,2011,41,0.0
3549046,2011,44-45,100.0
3549046,2011,48-49,50.0
3549046,2011,51,0.0
3549046,2011,52,0.0
3549046,2011,53,0.0
3549046,2011,54,15.0
3549046,2011,55,0.0
3549046,2011,56,0.0
3549046,2011,61,90.0
3549046,2011,62,85.0
3549046,2011,71,0.0
3549046,2011,72,50.0
3549046,2011,81,0.0
3549046,2011,91,0.0
3549048,2011,11,0.0
3549048,2011,21,0.0
3549048,2011,22,0.0
3549048,2011,23,15.0
3549048,2011,31-33,0.0
3549048,2011,41,0.0
3549048,2011,44-45,75.0
3549048,2011,48-49,40.0
3549048,2011,51,0.0
3549048,2011,52,0.0
3549048,2011,53,0.0
3549048,2011,54,10.0
3549048,2011,55,0.0
3549048,2011,56,0.0
3549048,2011,61,60.0
3549048,2011,62,55.0
3549048,2011,71,10.0
3549048,2011,72,145.0
3549048,2011,81,0.0
3549048,2011,91,0.0
3549054,2011,11,0.0
3549054,2011,21,0.0
3549054,2011,22,0.0
3549054,2011,23,45.0
3549054,2011,31-33,30.0
3549054,2011,41,0.0
3549054,2011,44-45,45.0
3549054,2011,48-49,30.0
3549054,2011,51,0.0
3549054,2011,52,0.0
3549054,2011,53,20.0
3549054,2011,54,20.0
3549054,2011,55,0.0
3549054,2011,56,0.0
3549054,2011,61,40.0
3549054,2011,62,105.0
3549054,2011,71,0.0
3549054,2011,72,35.0
3549054,2011,81,0.0
3549054,2011,91,15.0
3549060,2011,11,35.0
3549060,2011,21,0.0
3549060,2011,22,10.0
3549060,2011,23,135.0
3549060,2011,31-33,150.0
3549060,2011,41,55.0
3549060,2011,44-45,150.0
3549060,2011,48-49,135.0
3549060,2011,51,15.0
3549060,2011,52,50.0
3549060,2011,53,45.0
3549060,2011,54,55.0
3549060,2011,55,0.0
3549060,2011,56,25.0
3549060,2011,61,75.0
3549060,2011,62,350.0
3549060,2011,71,35.0
3549060,2011,72,55.0
3549060,2011,81,50.0
3549060,2011,91,120.0
3549066,2011,11,0.0
3549066,2011,21,25.0
3549066,2011,22,35.0
3549066,2011,23,190.0
3549066,2011,31-33,100.0
3549066,2011,41,90.0
3549066,2011,44-45,240.0
3549066,2011,48-49,80.0
3549066,2011,51,70.0
3549066,2011,52,65.0
3549066,2011,53,55.0
3549066,2011,54,85.0
3549066,2011,55,0.0
3549066,2011,56,30.0
3549066,2011,61,215.0
3549066,2011,62,365.0
3549066,2011,71,20.0
3549066,2011,72,120.0
3549066,2011,81,35.0
3549066,2011,91,160.0
3549071,2011,11,50.0
3549071,2011,21,10.0
3549071,2011,22,0.0
3549071,2011,23,195.0
3549071,2011,31-33,40.0
3549071,2011,41,60.0
3549071,2011,44-45,40.0
3549071,2011,48-49,10.0
3549071,2011,51,0.0
3549071,2011,52,15.0
3549071,2011,53,10.0
3549071,2011,54,35.0
3549071,2011,55,0.0
3549071,2011,56,15.0
3549071,2011,61,45.0
3549071,2011,62,100.0
3549071,2011,71,20.0
3549071,2011,72,30.0
3549071,2011,81,115.0
3549071,2011,91,80.0
3549072,2011,11,0.0
3549072,2011,21,0.0
3549072,2011,22,0.0
3549072,2011,23,20.0
3549072,2011,31-33,0.0
3549072,2011,41,0.0
3549072,2011,44-45,10.0
3549072,2011,48-49,0.0
3549072,2011,51,0.0
3549072,2011,52,0.0
3549072,2011,53,0.0
3549072,2011,54,0.0
3549072,2011,55,0.0
3549072,2011,56,0.0
3549072,2011,61,0.0
3549072,2011,62,10.0
3549072,2011,71,0.0
3549072,2011,72,10.0
3549072,2011,81,0.0
3549072,2011,91,25.0
3549073,2011,11,10.0
3549073,2011,21,0.0
3549073,2011,22,0.0
3549073,2011,23,30.0
3549073,2011,31-33,0.0
3549073,2011,41,0.0
3549073,2011,44-45,10.0
3549073,2011,48-49,0.0
3549073,2011,51,0.0
3549073,2011,52,0.0
3549073,2011,53,0.0
3549073,2011,54,0.0
3549073,2011,55,0.0
3549073,2011,56,10.0
3549073,2011,61,10.0
3549073,2011,62,25.0
3549073,2011,71,10.0
3549073,2011,72,10.0
3549073,2011,81,10.0
3549073,2011,91,60.0
3549076,2011,11,0.0
3549076,2011,21,0.0
3549076,2011,22,0.0
3549076,2011,23,0.0
3549076,2011,31-33,0.0
3549076,2011,41,0.0
3549076,2011,44-45,10.0
3549076,2011,48-49,0.0
3549076,2011,51,0.0
3549076,2011,52,0.0
3549076,2011,53,0.0
3549076,2011,54,0.0
3549076,2011,55,0.0
3549076,2011,56,0.0
3549076,2011,61,0.0
3549076,2011,62,0.0
3549076,2011,71,0.0
3549076,2011,72,0.0
3549076,2011,81,0.0
3549076,2011,91,20.0
3549077,2011,11,0.0
3549077,2011,21,0.0
3549077,2011,22,0.0
3549077,2011,23,10.0
3549077,2011,31-33,0.0
3549077,2011,41,0.0
3549077,2011,44-45,0.0
3549077,2011,48-49,0.0
3549077,2011,51,0.0
3549077,2011,52,0.0
3549077,2011,53,10.0
3549077,2011,54,0.0
3549077,2011,55,0.0
3549077,2011,56,0.0
3549077,2011,61,10.0
3549077,2011,62,15.0
3549077,2011,71,10.0
3549077,2011,72,10.0
3549077,2011,81,0.0
3549077,2011,91,45.0
3549078,2011,11,0.0
3549078,2011,21,0.0
3549078,2011,22,0.0
3549078,2011,23,0.0
3549078,2011,31-33,0.0
3549078,2011,41,0.0
3549078,2011,44-45,0.0
3549078,2011,48-49,0.0
3549078,2011,51,0.0
3549078,2011,52,0.0
3549078,2011,53,0.0
3549078,2011,54,0.0
3549078,2011,55,0.0
3549078,2011,56,0.0
3549078,2011,61,0.0
3549078,2011,62,0.0
3549078,2011,71,0.0
3549078,2011,72,0.0
3549078,2011,81,0.0
3549078,2011,91,20.0
3549096,2011,11,15.0
3549096,2011,21,0.0
3549096,2011,22,0.0
3549096,2011,23,125.0
3549096,2011,31-33,20.0
3549096,2011,41,0.0
3549096,2011,44-45,100.0
3549096,2011,48-49,70.0
3549096,2011,51,0.0
3549096,2011,52,0.0
3549096,2011,53,0.0
3549096,2011,54,15.0
3549096,2011,55,0.0
3549096,2011,56,0.0
3549096,2011,61,60.0
3549096,2011,62,70.0
3549096,2011,71,30.0
3549096,2011,72,55.0
3549096,2011,81,120.0
3549096,2011,91,45.0
3551001,2011,11,0.0
3551001,2011,21,0.0
3551001,2011,22,0.0
3551001,2011,23,0.0
3551001,2011,31-33,0.0
3551001,2011,41,0.0
3551001,2011,44-45,25.0
3551001,2011,48-49,40.0
3551001,2011,51,0.0
3551001,2011,52,0.0
3551001,2011,53,0.0
3551001,2011,54,0.0
3551001,2011,55,0.0
3551001,2011,56,0.0
3551001,2011,61,0.0
3551001,2011,62,80.0
3551001,2011,71,0.0
3551001,2011,72,0.0
3551001,2011,81,0.0
3551001,2011,91,0.0
3551006,2011,11,70.0
3551006,2011,21,0.0
3551006,2011,22,0.0
3551006,2011,23,125.0
3551006,2011,31-33,30.0
3551006,2011,41,0.0
3551006,2011,44-45,65.0
3551006,2011,48-49,35.0
3551006,2011,51,40.0
3551006,2011,52,55.0
3551006,2011,53,0.0
3551006,2011,54,40.0
3551006,2011,55,0.0
3551006,2011,56,0.0
3551006,2011,61,70.0
3551006,2011,62,130.0
3551006,2011,71,0.0
3551006,2011,72,80.0
3551006,2011,81,60.0
3551006,2011,91,60.0
3551011,2011,11,20.0
3551011,2011,21,0.0
3551011,2011,22,0.0
3551011,2011,23,45.0
3551011,2011,31-33,0.0
3551011,2011,41,0.0
3551011,2011,44-45,125.0
3551011,2011,48-49,15.0
3551011,2011,51,15.0
3551011,2011,52,0.0
3551011,2011,53,0.0
3551011,2011,54,25.0
3551011,2011,55,0.0
3551011,2011,56,0.0
3551011,2011,61,20.0
3551011,2011,62,90.0
3551011,2011,71,0.0
3551011,2011,72,0.0
3551011,2011,81,75.0
3551011,2011,91,30.0
3551017,2011,11,100.0
3551017,2011,21,0.0
3551017,2011,22,0.0
3551017,2011,23,125.0
3551017,2011,31-33,35.0
3551017,2011,41,20.0
3551017,2011,44-45,245.0
3551017,2011,48-49,30.0
3551017,2011,51,35.0
3551017,2011,52,25.0
3551017,2011,53,0.0
3551017,2011,54,10.0
3551017,2011,55,0.0
3551017,2011,56,25.0
3551017,2011,61,85.0
3551017,2011,62,380.0
3551017,2011,71,10.0
3551017,2011,72,75.0
3551017,2011,81,35.0
3551017,2011,91,95.0
3551027,2011,11,20.0
3551027,2011,21,0.0
3551027,2011,22,0.0
3551027,2011,23,25.0
3551027,2011,31-33,0.0
3551027,2011,41,0.0
3551027,2011,44-45,65.0
3551027,2011,48-49,40.0
3551027,2011,51,0.0
3551027,2011,52,0.0
3551027,2011,53,0.0
3551027,2011,54,0.0
3551027,2011,55,0.0
3551027,2011,56,0.0
3551027,2011,61,15.0
3551027,2011,62,0.0
3551027,2011,71,0.0
3551027,2011,72,0.0
3551027,2011,81,30.0
3551027,2011,91,30.0
3551028,2011,11,30.0
3551028,2011,21,0.0
3551028,2011,22,0.0
3551028,2011,23,0.0
3551028,2011,31-33,0.0
3551028,2011,41,0.0
3551028,2011,44-45,0.0
3551028,2011,48-49,40.0
3551028,2011,51,0.0
3551028,2011,52,0.0
3551028,2011,53,0.0
3551028,2011,54,0.0
3551028,2011,55,0.0
3551028,2011,56,0.0
3551028,2011,61,0.0
3551028,2011,62,0.0
3551028,2011,71,0.0
3551028,2011,72,0.0
3551028,2011,81,0.0
3551028,2011,91,20.0
3551040,2011,11,0.0
3551040,2011,21,0.0
3551040,2011,22,0.0
3551040,2011,23,40.0
3551040,2011,31-33,0.0
3551040,2011,41,0.0
3551040,2011,44-45,15.0
3551040,2011,48-49,0.0
3551040,2011,51,0.0
3551040,2011,52,0.0
3551040,2011,53,0.0
3551040,2011,54,10.0
3551040,2011,55,0.0
3551040,2011,56,15.0
3551040,2011,61,20.0
3551040,2011,62,35.0
3551040,2011,71,10.0
3551040,2011,72,10.0
3551040,2011,81,10.0
3551040,2011,91,40.0
3551041,2011,11,0.0
3551041,2011,21,0.0
3551041,2011,22,0.0
3551041,2011,23,20.0
3551041,2011,31-33,10.0
3551041,2011,41,0.0
3551041,2011,44-45,25.0
3551041,2011,48-49,0.0
3551041,2011,51,0.0
3551041,2011,52,0.0
3551041,2011,53,0.0
3551041,2011,54,0.0
3551041,2011,55,0.0
3551041,2011,56,25.0
3551041,2011,61,10.0
3551041,2011,62,35.0
3551041,2011,71,0.0
3551041,2011,72,20.0
3551041,2011,81,0.0
3551041,2011,91,35.0
3551042,2011,11,0.0
3551042,2011,21,0.0
3551042,2011,22,0.0
3551042,2011,23,10.0
3551042,2011,31-33,0.0
3551042,2011,41,0.0
3551042,2011,44-45,10.0
3551042,2011,48-49,0.0
3551042,2011,51,0.0
3551042,2011,52,0.0
3551042,2011,53,0.0
3551042,2011,54,0.0
3551042,2011,55,0.0
3551042,2011,56,10.0
3551042,2011,61,0.0
3551042,2011,62,0.0
3551042,2011,71,0.0
3551042,2011,72,10.0
3551042,2011,81,0.0
3551042,2011,91,20.0
3551043,2011,11,35.0
3551043,2011,21,0.0
3551043,2011,22,0.0
3551043,2011,23,65.0
3551043,2011,31-33,15.0
3551043,2011,41,0.0
3551043,2011,44-45,55.0
3551043,2011,48-49,20.0
3551043,2011,51,15.0
3551043,2011,52,0.0
3551043,2011,53,10.0
3551043,2011,54,0.0
3551043,2011,55,0.0
3551043,2011,56,25.0
3551043,2011,61,115.0
3551043,2011,62,195.0
3551043,2011,71,40.0
3551043,2011,72,25.0
3551043,2011,81,35.0
3551043,2011,91,170.0
3551044,2011,11,0.0
3551044,2011,21,0.0
3551044,2011,22,0.0
3551044,2011,23,0.0
3551044,2011,31-33,0.0
3551044,2011,41,0.0
3551044,2011,44-45,0.0
3551044,2011,48-49,0.0
3551044,2011,51,0.0
3551044,2011,52,0.0
3551044,2011,53,0.0
3551044,2011,54,0.0
3551044,2011,55,0.0
3551044,2011,56,10.0
3551044,2011,61,0.0
3551044,2011,62,0.0
3551044,2011,71,0.0
3551044,2011,72,0.0
3551044,2011,81,0.0
3551044,2011,91,20.0
3551045,2011,11,10.0
3551045,2011,21,0.0
3551045,2011,22,10.0
3551045,2011,23,40.0
3551045,2011,31-33,10.0
3551045,2011,41,0.0
3551045,2011,44-45,35.0
3551045,2011,48-49,10.0
3551045,2011,51,0.0
3551045,2011,52,0.0
3551045,2011,53,0.0
3551045,2011,54,10.0
3551045,2011,55,0.0
3551045,2011,56,25.0
3551045,2011,61,45.0
3551045,2011,62,55.0
3551045,2011,71,20.0
3551045,2011,72,20.0
3551045,2011,81,10.0
3551045,2011,91,85.0
3551094,2011,11,0.0
3551094,2011,21,0.0
3551094,2011,22,0.0
3551094,2011,23,0.0
3551094,2011,31-33,0.0
3551094,2011,41,0.0
3551094,2011,44-45,0.0
3551094,2011,48-49,0.0
3551094,2011,51,0.0
3551094,2011,52,0.0
3551094,2011,53,0.0
3551094,2011,54,0.0
3551094,2011,55,0.0
3551094,2011,56,0.0
3551094,2011,61,0.0
3551094,2011,62,0.0
3551094,2011,71,0.0
3551094,2011,72,0.0
3551094,2011,81,0.0
3551094,2011,91,0.0
3551100,2011,11,0.0
3551100,2011,21,0.0
3551100,2011,22,0.0
3551100,2011,23,0.0
3551100,2011,31-33,0.0
3551100,2011,41,0.0
3551100,2011,44-45,0.0
3551100,2011,48-49,0.0
3551100,2011,51,0.0
3551100,2011,52,0.0
3551100,2011,53,0.0
3551100,2011,54,0.0
3551100,2011,55,0.0
3551100,2011,56,10.0
3551100,2011,61,0.0
3551100,2011,62,0.0
3551100,2011,71,0.0
3551100,2011,72,0.0
3551100,2011,81,0.0
3551100,2011,91,15.0
3552013,2011,11,60.0
3552013,2011,21,65.0
3552013,2011,22,0.0
3552013,2011,23,110.0
3552013,2011,31-33,35.0
3552013,2011,41,15.0
3552013,2011,44-45,125.0
3552013,2011,48-49,55.0
3552013,2011,51,0.0
3552013,2011,52,0.0
3552013,2011,53,0.0
3552013,2011,54,70.0
3552013,2011,55,0.0
3552013,2011,56,140.0
3552013,2011,61,75.0
3552013,2011,62,90.0
3552013,2011,71,35.0
3552013,2011,72,70.0
3552013,2011,81,60.0
3552013,2011,91,115.0
3552026,2011,11,60.0
3552026,2011,21,70.0
3552026,2011,22,0.0
3552026,2011,23,100.0
3552026,2011,31-33,395.0
3552026,2011,41,20.0
3552026,2011,44-45,395.0
3552026,2011,48-49,80.0
3552026,2011,51,40.0
3552026,2011,52,30.0
3552026,2011,53,45.0
3552026,2011,54,80.0
3552026,2011,55,0.0
3552026,2011,56,35.0
3552026,2011,61,190.0
3552026,2011,62,355.0
3552026,2011,71,45.0
3552026,2011,72,220.0
3552026,2011,81,85.0
3552026,2011,91,195.0
3552028,2011,11,0.0
3552028,2011,21,0.0
3552028,2011,22,0.0
3552028,2011,23,30.0
3552028,2011,31-33,35.0
3552028,2011,41,0.0
3552028,2011,44-45,55.0
3552028,2011,48-49,25.0
3552028,2011,51,0.0
3552028,2011,52,0.0
3552028,2011,53,0.0
3552028,2011,54,0.0
3552028,2011,55,0.0
3552028,2011,56,0.0
3552028,2011,61,0.0
3552028,2011,62,15.0
3552028,2011,71,0.0
3552028,2011,72,40.0
3552028,2011,81,0.0
3552028,2011,91,20.0
3552051,2011,11,10.0
3552051,2011,21,0.0
3552051,2011,22,0.0
3552051,2011,23,15.0
3552051,2011,31-33,10.0
3552051,2011,41,0.0
3552051,2011,44-45,20.0
3552051,2011,48-49,10.0
3552051,2011,51,0.0
3552051,2011,52,0.0
3552051,2011,53,0.0
3552051,2011,54,0.0
3552051,2011,55,0.0
3552051,2011,56,0.0
3552051,2011,61,10.0
3552051,2011,62,15.0
3552051,2011,71,0.0
3552051,2011,72,10.0
3552051,2011,81,0.0
3552051,2011,91,55.0
3552092,2011,11,115.0
3552092,2011,21,0.0
3552092,2011,22,0.0
3552092,2011,23,50.0
3552092,2011,31-33,140.0
3552092,2011,41,0.0
3552092,2011,44-45,110.0
3552092,2011,48-49,280.0
3552092,2011,51,0.0
3552092,2011,52,40.0
3552092,2011,53,0.0
3552092,2011,54,0.0
3552092,2011,55,0.0
3552092,2011,56,0.0
3552092,2011,61,85.0
3552092,2011,62,155.0
3552092,2011,71,0.0
3552092,2011,72,55.0
3552092,2011,81,0.0
3552092,2011,91,85.0
3553005,2011,11,245.0
3553005,2011,21,7030.0
3553005,2011,22,485.0
3553005,2011,23,5670.0
3553005,2011,31-33,3290.0
3553005,2011,41,3020.0
3553005,2011,44-45,10345.0
3553005,2011,48-49,3530.0
3553005,2011,51,1325.0
3553005,2011,52,2265.0
3553005,2011,53,1455.0
3553005,2011,54,4035.0
3553005,2011,55,20.0
3553005,2011,56,2575.0
3553005,2011,61,7525.0
3553005,2011,62,11355.0
3553005,2011,71,1560.0
3553005,2011,72,5410.0
3553005,2011,81,3645.0
3553005,2011,91,7090.0
3553040,2011,11,0.0
3553040,2011,21,10.0
3553040,2011,22,0.0
3553040,2011,23,10.0
3553040,2011,31-33,0.0
3553040,2011,41,0.0
3553040,2011,44-45,10.0
3553040,2011,48-49,0.0
3553040,2011,51,0.0
3553040,2011,52,0.0
3553040,2011,53,0.0
3553040,2011,54,0.0
3553040,2011,55,0.0
3553040,2011,56,0.0
3553040,2011,61,0.0
3553040,2011,62,0.0
3553040,2011,71,0.0
3553040,2011,72,0.0
3553040,2011,81,0.0
3553040,2011,91,15.0
3554001,2011,11,0.0
3554001,2011,21,0.0
3554001,2011,22,0.0
3554001,2011,23,0.0
3554001,2011,31-33,55.0
3554001,2011,41,0.0
3554001,2011,44-45,65.0
3554001,2011,48-49,30.0
3554001,2011,51,0.0
3554001,2011,52,0.0
3554001,2011,53,0.0
3554001,2011,54,0.0
3554001,2011,55,0.0
3554001,2011,56,0.0
3554001,2011,61,0.0
3554001,2011,62,40.0
3554001,2011,71,0.0
3554001,2011,72,0.0
3554001,2011,81,60.0
3554001,2011,91,0.0
3554006,2011,11,0.0
3554006,2011,21,0.0
3554006,2011,22,0.0
3554006,2011,23,0.0
3554006,2011,31-33,0.0
3554006,2011,41,0.0
3554006,2011,44-45,0.0
3554006,2011,48-49,25.0
3554006,2011,51,0.0
3554006,2011,52,0.0
3554006,2011,53,0.0
3554006,2011,54,0.0
3554006,2011,55,0.0
3554006,2011,56,0.0
3554006,2011,61,0.0
3554006,2011,62,0.0
3554006,2011,71,0.0
3554006,2011,72,0.0
3554006,2011,81,0.0
3554006,2011,91,0.0
3554014,2011,11,25.0
3554014,2011,21,0.0
3554014,2011,22,0.0
3554014,2011,23,55.0
3554014,2011,31-33,10.0
3554014,2011,41,20.0
3554014,2011,44-45,40.0
3554014,2011,48-49,0.0
3554014,2011,51,0.0
3554014,2011,52,0.0
3554014,2011,53,0.0
3554014,2011,54,0.0
3554014,2011,55,0.0
3554014,2011,56,0.0
3554014,2011,61,10.0
3554014,2011,62,50.0
3554014,2011,71,0.0
3554014,2011,72,0.0
3554014,2011,81,0.0
3554014,2011,91,10.0
3554020,2011,11,55.0
3554020,2011,21,215.0
3554020,2011,22,40.0
3554020,2011,23,410.0
3554020,2011,31-33,350.0
3554020,2011,41,75.0
3554020,2011,44-45,1010.0
3554020,2011,48-49,175.0
3554020,2011,51,80.0
3554020,2011,52,95.0
3554020,2011,53,35.0
3554020,2011,54,115.0
3554020,2011,55,0.0
3554020,2011,56,60.0
3554020,2011,61,475.0
3554020,2011,62,675.0
3554020,2011,71,50.0
3554020,2011,72,245.0
3554020,2011,81,250.0
3554020,2011,91,235.0
3554024,2011,11,50.0
3554024,2011,21,0.0
3554024,2011,22,0.0
3554024,2011,23,0.0
3554024,2011,31-33,0.0
3554024,2011,41,0.0
3554024,2011,44-45,35.0
3554024,2011,48-49,0.0
3554024,2011,51,0.0
3554024,2011,52,0.0
3554024,2011,53,0.0
3554024,2011,54,0.0
3554024,2011,55,0.0
3554024,2011,56,0.0
3554024,2011,61,0.0
3554024,2011,62,35.0
3554024,2011,71,0.0
3554024,2011,72,0.0
3554024,2011,81,0.0
3554024,2011,91,0.0
3554029,2011,11,55.0
3554029,2011,21,0.0
3554029,2011,22,0.0
3554029,2011,23,30.0
3554029,2011,31-33,20.0
3554029,2011,41,0.0
3554029,2011,44-45,20.0
3554029,2011,48-49,10.0
3554029,2011,51,0.0
3554029,2011,52,0.0
3554029,2011,53,0.0
3554029,2011,54,0.0
3554029,2011,55,0.0
3554029,2011,56,0.0
3554029,2011,61,20.0
3554029,2011,62,45.0
3554029,2011,71,0.0
3554029,2011,72,0.0
3554029,2011,81,0.0
3554029,2011,91,0.0
3554034,2011,11,50.0
3554034,2011,21,0.0
3554034,2011,22,0.0
3554034,2011,23,0.0
3554034,2011,31-33,0.0
3554034,2011,41,0.0
3554034,2011,44-45,0.0
3554034,2011,48-49,0.0
3554034,2011,51,0.0
3554034,2011,52,0.0
3554034,2011,53,0.0
3554034,2011,54,0.0
3554034,2011,55,0.0
3554034,2011,56,0.0
3554034,2011,61,0.0
3554034,2011,62,0.0
3554034,2011,71,0.0
3554034,2011,72,0.0
3554034,2011,81,0.0
3554034,2011,91,0.0
3554049,2011,11,30.0
3554049,2011,21,0.0
3554049,2011,22,0.0
3554049,2011,23,0.0
3554049,2011,31-33,25.0
3554049,2011,41,0.0
3554049,2011,44-45,0.0
3554049,2011,48-49,20.0
3554049,2011,51,0.0
3554049,2011,52,0.0
3554049,2011,53,0.0
3554049,2011,54,0.0
3554049,2011,55,0.0
3554049,2011,56,0.0
3554049,2011,61,0.0
3554049,2011,62,15.0
3554049,2011,71,0.0
3554049,2011,72,0.0
3554049,2011,81,0.0
3554049,2011,91,0.0
3554056,2011,11,0.0
3554056,2011,21,25.0
3554056,2011,22,0.0
3554056,2011,23,0.0
3554056,2011,31-33,0.0
3554056,2011,41,0.0
3554056,2011,44-45,20.0
3554056,2011,48-49,0.0
3554056,2011,51,0.0
3554056,2011,52,0.0
3554056,2011,53,0.0
3554056,2011,54,0.0
3554056,2011,55,0.0
3554056,2011,56,0.0
3554056,2011,61,0.0
3554056,2011,62,0.0
3554056,2011,71,0.0
3554056,2011,72,0.0
3554056,2011,81,0.0
3554056,2011,91,0.0
3554057,2011,11,0.0
3554057,2011,21,10.0
3554057,2011,22,0.0
3554057,2011,23,0.0
3554057,2011,31-33,0.0
3554057,2011,41,0.0
3554057,2011,44-45,0.0
3554057,2011,48-49,0.0
3554057,2011,51,0.0
3554057,2011,52,0.0
3554057,2011,53,0.0
3554057,2011,54,0.0
3554057,2011,55,0.0
3554057,2011,56,0.0
3554057,2011,61,0.0
3554057,2011,62,0.0
3554057,2011,71,0.0
3554057,2011,72,0.0
3554057,2011,81,0.0
3554057,2011,91,10.0
3554058,2011,11,0.0
3554058,2011,21,15.0
3554058,2011,22,0.0
3554058,2011,23,0.0
3554058,2011,31-33,0.0
3554058,2011,41,0.0
3554058,2011,44-45,0.0
3554058,2011,48-49,0.0
3554058,2011,51,0.0
3554058,2011,52,0.0
3554058,2011,53,0.0
3554058,2011,54,0.0
3554058,2011,55,0.0
3554058,2011,56,0.0
3554058,2011,61,0.0
3554058,2011,62,0.0
3554058,2011,71,0.0
3554058,2011,72,0.0
3554058,2011,81,0.0
3554058,2011,91,25.0
3554066,2011,11,0.0
3554066,2011,21,0.0
3554066,2011,22,0.0
3554066,2011,23,0.0
3554066,2011,31-33,0.0
3554066,2011,41,0.0
3554066,2011,44-45,0.0
3554066,2011,48-49,0.0
3554066,2011,51,0.0
3554066,2011,52,0.0
3554066,2011,53,0.0
3554066,2011,54,0.0
3554066,2011,55,0.0
3554066,2011,56,0.0
3554066,2011,61,0.0
3554066,2011,62,0.0
3554066,2011,71,0.0
3554066,2011,72,0.0
3554066,2011,81,0.0
3554066,2011,91,0.0
3554068,2011,11,70.0
3554068,2011,21,540.0
3554068,2011,22,65.0
3554068,2011,23,200.0
3554068,2011,31-33,215.0
3554068,2011,41,40.0
3554068,2011,44-45,495.0
3554068,2011,48-49,175.0
3554068,2011,51,45.0
3554068,2011,52,80.0
3554068,2011,53,55.0
3554068,2011,54,90.0
3554068,2011,55,0.0
3554068,2011,56,60.0
3554068,2011,61,235.0
3554068,2011,62,715.0
3554068,2011,71,50.0
3554068,2011,72,120.0
3554068,2011,81,85.0
3554068,2011,91,460.0
3556014,2011,11,60.0
3556014,2011,21,225.0
3556014,2011,22,40.0
3556014,2011,23,115.0
3556014,2011,31-33,25.0
3556014,2011,41,30.0
3556014,2011,44-45,65.0
3556014,2011,48-49,60.0
3556014,2011,51,0.0
3556014,2011,52,15.0
3556014,2011,53,0.0
3556014,2011,54,50.0
3556014,2011,55,0.0
3556014,2011,56,45.0
3556014,2011,61,115.0
3556014,2011,62,110.0
3556014,2011,71,0.0
3556014,2011,72,40.0
3556014,2011,81,50.0
3556014,2011,91,75.0
3556027,2011,11,265.0
3556027,2011,21,3280.0
3556027,2011,22,220.0
3556027,2011,23,1650.0
3556027,2011,31-33,520.0
3556027,2011,41,540.0
3556027,2011,44-45,2960.0
3556027,2011,48-49,995.0
3556027,2011,51,350.0
3556027,2011,52,410.0
3556027,2011,53,280.0
3556027,2011,54,725.0
3556027,2011,55,0.0
3556027,2011,56,1165.0
3556027,2011,61,1825.0
3556027,2011,62,2970.0
3556027,2011,71,295.0
3556027,2011,72,1555.0
3556027,2011,81,1105.0
3556027,2011,91,1490.0
3556031,2011,11,40.0
3556031,2011,21,155.0
3556031,2011,22,35.0
3556031,2011,23,110.0
3556031,2011,31-33,300.0
3556031,2011,41,45.0
3556031,2011,44-45,300.0
3556031,2011,48-49,100.0
3556031,2011,51,15.0
3556031,2011,52,0.0
3556031,2011,53,30.0
3556031,2011,54,60.0
3556031,2011,55,0.0
3556031,2011,56,40.0
3556031,2011,61,270.0
3556031,2011,62,255.0
3556031,2011,71,20.0
3556031,2011,72,105.0
3556031,2011,81,35.0
3556031,2011,91,110.0
3556042,2011,11,90.0
3556042,2011,21,65.0
3556042,2011,22,55.0
3556042,2011,23,195.0
3556042,2011,31-33,260.0
3556042,2011,41,40.0
3556042,2011,44-45,175.0
3556042,2011,48-49,300.0
3556042,2011,51,0.0
3556042,2011,52,50.0
3556042,2011,53,10.0
3556042,2011,54,100.0
3556042,2011,55,0.0
3556042,2011,56,25.0
3556042,2011,61,200.0
3556042,2011,62,210.0
3556042,2011,71,0.0
3556042,2011,72,150.0
3556042,2011,81,100.0
3556042,2011,91,320.0
3556048,2011,11,45.0
3556048,2011,21,0.0
3556048,2011,22,45.0
3556048,2011,23,30.0
3556048,2011,31-33,50.0
3556048,2011,41,0.0
3556048,2011,44-45,65.0
3556048,2011,48-49,20.0
3556048,2011,51,0.0
3556048,2011,52,0.0
3556048,2011,53,0.0
3556048,2011,54,0.0
3556048,2011,55,0.0
3556048,2011,56,0.0
3556048,2011,61,50.0
3556048,2011,62,130.0
3556048,2011,71,0.0
3556048,2011,72,25.0
3556048,2011,81,0.0
3556048,2011,91,10.0
3556052,2011,11,10.0
3556052,2011,21,0.0
3556052,2011,22,0.0
3556052,2011,23,55.0
3556052,2011,31-33,0.0
3556052,2011,41,0.0
3556052,2011,44-45,20.0
3556052,2011,48-49,0.0
3556052,2011,51,0.0
3556052,2011,52,0.0
3556052,2011,53,0.0
3556052,2011,54,0.0
3556052,2011,55,0.0
3556052,2011,56,0.0
3556052,2011,61,0.0
3556052,2011,62,0.0
3556052,2011,71,0.0
3556052,2011,72,0.0
3556052,2011,81,0.0
3556052,2011,91,0.0
3556056,2011,11,15.0
3556056,2011,21,10.0
3556056,2011,22,0.0
3556056,2011,23,40.0
3556056,2011,31-33,30.0
3556056,2011,41,15.0
3556056,2011,44-45,85.0
3556056,2011,48-49,15.0
3556056,2011,51,0.0
3556056,2011,52,0.0
3556056,2011,53,0.0
3556056,2011,54,20.0
3556056,2011,55,0.0
3556056,2011,56,0.0
3556056,2011,61,30.0
3556056,2011,62,45.0
3556056,2011,71,0.0
3556056,2011,72,25.0
3556056,2011,81,35.0
3556056,2011,91,60.0
3556066,2011,11,165.0
3556066,2011,21,130.0
3556066,2011,22,75.0
3556066,2011,23,355.0
3556066,2011,31-33,295.0
3556066,2011,41,55.0
3556066,2011,44-45,605.0
3556066,2011,48-49,210.0
3556066,2011,51,25.0
3556066,2011,52,160.0
3556066,2011,53,35.0
3556066,2011,54,165.0
3556066,2011,55,0.0
3556066,2011,56,90.0
3556066,2011,61,350.0
3556066,2011,62,555.0
3556066,2011,71,30.0
3556066,2011,72,190.0
3556066,2011,81,175.0
3556066,2011,91,230.0
3556070,2011,11,0.0
3556070,2011,21,55.0
3556070,2011,22,0.0
3556070,2011,23,60.0
3556070,2011,31-33,120.0
3556070,2011,41,0.0
3556070,2011,44-45,30.0
3556070,2011,48-49,30.0
3556070,2011,51,0.0
3556070,2011,52,0.0
3556070,2011,53,0.0
3556070,2011,54,0.0
3556070,2011,55,0.0
3556070,2011,56,0.0
3556070,2011,61,10.0
3556070,2011,62,50.0
3556070,2011,71,0.0
3556070,2011,72,20.0
3556070,2011,81,10.0
3556070,2011,91,0.0
3556073,2011,11,15.0
3556073,2011,21,0.0
3556073,2011,22,0.0
3556073,2011,23,0.0
3556073,2011,31-33,0.0
3556073,2011,41,0.0
3556073,2011,44-45,0.0
3556073,2011,48-49,0.0
3556073,2011,51,0.0
3556073,2011,52,0.0
3556073,2011,53,0.0
3556073,2011,54,0.0
3556073,2011,55,0.0
3556073,2011,56,0.0
3556073,2011,61,15.0
3556073,2011,62,0.0
3556073,2011,71,0.0
3556073,2011,72,0.0
3556073,2011,81,0.0
3556073,2011,91,0.0
3556076,2011,11,215.0
3556076,2011,21,20.0
3556076,2011,22,45.0
3556076,2011,23,270.0
3556076,2011,31-33,410.0
3556076,2011,41,30.0
3556076,2011,44-45,345.0
3556076,2011,48-49,110.0
3556076,2011,51,15.0
3556076,2011,52,45.0
3556076,2011,53,0.0
3556076,2011,54,50.0
3556076,2011,55,0.0
3556076,2011,56,10.0
3556076,2011,61,210.0
3556076,2011,62,395.0
3556076,2011,71,15.0
3556076,2011,72,220.0
3556076,2011,81,105.0
3556076,2011,91,120.0
3556077,2011,11,40.0
3556077,2011,21,0.0
3556077,2011,22,0.0
3556077,2011,23,10.0
3556077,2011,31-33,35.0
3556077,2011,41,0.0
3556077,2011,44-45,35.0
3556077,2011,48-49,40.0
3556077,2011,51,0.0
3556077,2011,52,0.0
3556077,2011,53,0.0
3556077,2011,54,0.0
3556077,2011,55,0.0
3556077,2011,56,0.0
3556077,2011,61,25.0
3556077,2011,62,25.0
3556077,2011,71,0.0
3556077,2011,72,0.0
3556077,2011,81,0.0
3556077,2011,91,0.0
3556092,2011,11,65.0
3556092,2011,21,50.0
3556092,2011,22,0.0
3556092,2011,23,120.0
3556092,2011,31-33,190.0
3556092,2011,41,30.0
3556092,2011,44-45,225.0
3556092,2011,48-49,100.0
3556092,2011,51,20.0
3556092,2011,52,30.0
3556092,2011,53,15.0
3556092,2011,54,30.0
3556092,2011,55,0.0
3556092,2011,56,40.0
3556092,2011,61,115.0
3556092,2011,62,255.0
3556092,2011,71,15.0
3556092,2011,72,115.0
3556092,2011,81,30.0
3556092,2011,91,185.0
3556095,2011,11,20.0
3556095,2011,21,0.0
3556095,2011,22,0.0
3556095,2011,23,10.0
3556095,2011,31-33,25.0
3556095,2011,41,0.0
3556095,2011,44-45,0.0
3556095,2011,48-49,0.0
3556095,2011,51,0.0
3556095,2011,52,0.0
3556095,2011,53,0.0
3556095,2011,54,0.0
3556095,2011,55,0.0
3556095,2011,56,0.0
3556095,2011,61,20.0
3556095,2011,62,30.0
3556095,2011,71,0.0
3556095,2011,72,0.0
3556095,2011,81,0.0
3556095,2011,91,35.0
3556102,2011,11,0.0
3556102,2011,21,0.0
3556102,2011,22,0.0
3556102,2011,23,0.0
3556102,2011,31-33,0.0
3556102,2011,41,0.0
3556102,2011,44-45,0.0
3556102,2011,48-49,0.0
3556102,2011,51,0.0
3556102,2011,52,0.0
3556102,2011,53,0.0
3556102,2011,54,0.0
3556102,2011,55,0.0
3556102,2011,56,0.0
3556102,2011,61,0.0
3556102,2011,62,0.0
3556102,2011,71,0.0
3556102,2011,72,0.0
3556102,2011,81,0.0
3556102,2011,91,20.0
3556106,2011,11,0.0
3556106,2011,21,0.0
3556106,2011,22,0.0
3556106,2011,23,50.0
3556106,2011,31-33,0.0
3556106,2011,41,35.0
3556106,2011,44-45,75.0
3556106,2011,48-49,140.0
3556106,2011,51,0.0
3556106,2011,52,0.0
3556106,2011,53,0.0
3556106,2011,54,0.0
3556106,2011,55,0.0
3556106,2011,56,0.0
3556106,2011,61,70.0
3556106,2011,62,225.0
3556106,2011,71,0.0
3556106,2011,72,25.0
3556106,2011,81,0.0
3556106,2011,91,65.0
3557006,2011,11,0.0
3557006,2011,21,0.0
3557006,2011,22,0.0
3557006,2011,23,0.0
3557006,2011,31-33,0.0
3557006,2011,41,0.0
3557006,2011,44-45,0.0
3557006,2011,48-49,0.0
3557006,2011,51,0.0
3557006,2011,52,0.0
3557006,2011,53,0.0
3557006,2011,54,0.0
3557006,2011,55,0.0
3557006,2011,56,0.0
3557006,2011,61,0.0
3557006,2011,62,0.0
3557006,2011,71,0.0
3557006,2011,72,0.0
3557006,2011,81,0.0
3557006,2011,91,0.0
3557014,2011,11,45.0
3557014,2011,21,0.0
3557014,2011,22,0.0
3557014,2011,23,0.0
3557014,2011,31-33,15.0
3557014,2011,41,0.0
3557014,2011,44-45,0.0
3557014,2011,48-49,0.0
3557014,2011,51,0.0
3557014,2011,52,0.0
3557014,2011,53,0.0
3557014,2011,54,0.0
3557014,2011,55,0.0
3557014,2011,56,0.0
3557014,2011,61,0.0
3557014,2011,62,0.0
3557014,2011,71,0.0
3557014,2011,72,0.0
3557014,2011,81,0.0
3557014,2011,91,0.0
3557016,2011,11,115.0
3557016,2011,21,0.0
3557016,2011,22,0.0
3557016,2011,23,40.0
3557016,2011,31-33,25.0
3557016,2011,41,15.0
3557016,2011,44-45,20.0
3557016,2011,48-49,15.0
3557016,2011,51,0.0
3557016,2011,52,0.0
3557016,2011,53,0.0
3557016,2011,54,20.0
3557016,2011,55,0.0
3557016,2011,56,0.0
3557016,2011,61,25.0
3557016,2011,62,15.0
3557016,2011,71,0.0
3557016,2011,72,0.0
3557016,2011,81,0.0
3557016,2011,91,0.0
3557019,2011,11,0.0
3557019,2011,21,0.0
3557019,2011,22,0.0
3557019,2011,23,25.0
3557019,2011,31-33,40.0
3557019,2011,41,0.0
3557019,2011,44-45,0.0
3557019,2011,48-49,10.0
3557019,2011,51,0.0
3557019,2011,52,0.0
3557019,2011,53,0.0
3557019,2011,54,0.0
3557019,2011,55,0.0
3557019,2011,56,0.0
3557019,2011,61,45.0
3557019,2011,62,30.0
3557019,2011,71,0.0
3557019,2011,72,25.0
3557019,2011,81,0.0
3557019,2011,91,0.0
3557021,2011,11,0.0
3557021,2011,21,0.0
3557021,2011,22,0.0
3557021,2011,23,0.0
3557021,2011,31-33,35.0
3557021,2011,41,0.0
3557021,2011,44-45,25.0
3557021,2011,48-49,0.0
3557021,2011,51,0.0
3557021,2011,52,0.0
3557021,2011,53,0.0
3557021,2011,54,10.0
3557021,2011,55,0.0
3557021,2011,56,0.0
3557021,2011,61,15.0
3557021,2011,62,15.0
3557021,2011,71,0.0
3557021,2011,72,0.0
3557021,2011,81,0.0
3557021,2011,91,20.0
3557026,2011,11,10.0
3557026,2011,21,0.0
3557026,2011,22,0.0
3557026,2011,23,0.0
3557026,2011,31-33,0.0
3557026,2011,41,0.0
3557026,2011,44-45,0.0
3557026,2011,48-49,0.0
3557026,2011,51,0.0
3557026,2011,52,0.0
3557026,2011,53,0.0
3557026,2011,54,10.0
3557026,2011,55,0.0
3557026,2011,56,0.0
3557026,2011,61,0.0
3557026,2011,62,0.0
3557026,2011,71,0.0
3557026,2011,72,0.0
3557026,2011,81,0.0
3557026,2011,91,25.0
3557028,2011,11,0.0
3557028,2011,21,0.0
3557028,2011,22,0.0
3557028,2011,23,45.0
3557028,2011,31-33,70.0
3557028,2011,41,0.0
3557028,2011,44-45,80.0
3557028,2011,48-49,25.0
3557028,2011,51,0.0
3557028,2011,52,20.0
3557028,2011,53,0.0
3557028,2011,54,20.0
3557028,2011,55,0.0
3557028,2011,56,0.0
3557028,2011,61,30.0
3557028,2011,62,50.0
3557028,2011,71,0.0
3557028,2011,72,20.0
3557028,2011,81,25.0
3557028,2011,91,40.0
3557035,2011,11,70.0
3557035,2011,21,0.0
3557035,2011,22,10.0
3557035,2011,23,55.0
3557035,2011,31-33,100.0
3557035,2011,41,15.0
3557035,2011,44-45,70.0
3557035,2011,48-49,25.0
3557035,2011,51,0.0
3557035,2011,52,40.0
3557035,2011,53,0.0
3557035,2011,54,0.0
3557035,2011,55,0.0
3557035,2011,56,35.0
3557035,2011,61,35.0
3557035,2011,62,55.0
3557035,2011,71,20.0
3557035,2011,72,15.0
3557035,2011,81,60.0
3557035,2011,91,90.0
3557038,2011,11,0.0
3557038,2011,21,90.0
3557038,2011,22,40.0
3557038,2011,23,110.0
3557038,2011,31-33,170.0
3557038,2011,41,0.0
3557038,2011,44-45,235.0
3557038,2011,48-49,50.0
3557038,2011,51,45.0
3557038,2011,52,55.0
3557038,2011,53,20.0
3557038,2011,54,25.0
3557038,2011,55,0.0
3557038,2011,56,40.0
3557038,2011,61,115.0
3557038,2011,62,245.0
3557038,2011,71,25.0
3557038,2011,72,110.0
3557038,2011,81,150.0
3557038,2011,91,140.0
3557040,2011,11,0.0
3557040,2011,21,0.0
3557040,2011,22,0.0
3557040,2011,23,30.0
3557040,2011,31-33,35.0
3557040,2011,41,0.0
3557040,2011,44-45,25.0
3557040,2011,48-49,0.0
3557040,2011,51,0.0
3557040,2011,52,0.0
3557040,2011,53,0.0
3557040,2011,54,0.0
3557040,2011,55,0.0
3557040,2011,56,0.0
3557040,2011,61,0.0
3557040,2011,62,45.0
3557040,2011,71,0.0
3557040,2011,72,0.0
3557040,2011,81,15.0
3557040,2011,91,25.0
3557041,2011,11,45.0
3557041,2011,21,135.0
3557041,2011,22,0.0
3557041,2011,23,260.0
3557041,2011,31-33,120.0
3557041,2011,41,30.0
3557041,2011,44-45,495.0
3557041,2011,48-49,135.0
3557041,2011,51,55.0
3557041,2011,52,60.0
3557041,2011,53,105.0
3557041,2011,54,70.0
3557041,2011,55,0.0
3557041,2011,56,180.0
3557041,2011,61,320.0
3557041,2011,62,655.0
3557041,2011,71,55.0
3557041,2011,72,385.0
3557041,2011,81,240.0
3557041,2011,91,235.0
3557061,2011,11,180.0
3557061,2011,21,160.0
3557061,2011,22,375.0
3557061,2011,23,2420.0
3557061,2011,31-33,4330.0
3557061,2011,41,735.0
3557061,2011,44-45,4875.0
3557061,2011,48-49,1255.0
3557061,2011,51,380.0
3557061,2011,52,890.0
3557061,2011,53,540.0
3557061,2011,54,1245.0
3557061,2011,55,15.0
3557061,2011,56,2195.0
3557061,2011,61,2815.0
3557061,2011,62,5305.0
3557061,2011,71,1250.0
3557061,2011,72,2675.0
3557061,2011,81,1715.0
3557061,2011,91,3130.0
3557071,2011,11,10.0
3557071,2011,21,15.0
3557071,2011,22,0.0
3557071,2011,23,45.0
3557071,2011,31-33,0.0
3557071,2011,41,0.0
3557071,2011,44-45,10.0
3557071,2011,48-49,15.0
3557071,2011,51,0.0
3557071,2011,52,0.0
3557071,2011,53,0.0
3557071,2011,54,15.0
3557071,2011,55,0.0
3557071,2011,56,0.0
3557071,2011,61,25.0
3557071,2011,62,65.0
3557071,2011,71,10.0
3557071,2011,72,10.0
3557071,2011,81,0.0
3557071,2011,91,65.0
3557072,2011,11,0.0
3557072,2011,21,0.0
3557072,2011,22,0.0
3557072,2011,23,15.0
3557072,2011,31-33,0.0
3557072,2011,41,0.0
3557072,2011,44-45,10.0
3557072,2011,48-49,0.0
3557072,2011,51,0.0
3557072,2011,52,0.0
3557072,2011,53,0.0
3557072,2011,54,0.0
3557072,2011,55,0.0
3557072,2011,56,0.0
3557072,2011,61,0.0
3557072,2011,62,20.0
3557072,2011,71,0.0
3557072,2011,72,0.0
3557072,2011,81,0.0
3557072,2011,91,60.0
3557073,2011,11,10.0
3557073,2011,21,0.0
3557073,2011,22,0.0
3557073,2011,23,0.0
3557073,2011,31-33,10.0
3557073,2011,41,0.0
3557073,2011,44-45,0.0
3557073,2011,48-49,10.0
3557073,2011,51,0.0
3557073,2011,52,0.0
3557073,2011,53,0.0
3557073,2011,54,0.0
3557073,2011,55,0.0
3557073,2011,56,0.0
3557073,2011,61,10.0
3557073,2011,62,35.0
3557073,2011,71,0.0
3557073,2011,72,10.0
3557073,2011,81,0.0
3557073,2011,91,65.0
3557074,2011,11,10.0
3557074,2011,21,0.0
3557074,2011,22,0.0
3557074,2011,23,40.0
3557074,2011,31-33,20.0
3557074,2011,41,0.0
3557074,2011,44-45,25.0
3557074,2011,48-49,15.0
3557074,2011,51,0.0
3557074,2011,52,0.0
3557074,2011,53,0.0
3557074,2011,54,0.0
3557074,2011,55,0.0
3557074,2011,56,10.0
3557074,2011,61,10.0
3557074,2011,62,50.0
3557074,2011,71,65.0
3557074,2011,72,15.0
3557074,2011,81,15.0
3557074,2011,91,115.0
3557076,2011,11,10.0
3557076,2011,21,155.0
3557076,2011,22,35.0
3557076,2011,23,100.0
3557076,2011,31-33,50.0
3557076,2011,41,0.0
3557076,2011,44-45,195.0
3557076,2011,48-49,55.0
3557076,2011,51,35.0
3557076,2011,52,15.0
3557076,2011,53,0.0
3557076,2011,54,150.0
3557076,2011,55,0.0
3557076,2011,56,45.0
3557076,2011,61,150.0
3557076,2011,62,220.0
3557076,2011,71,15.0
3557076,2011,72,180.0
3557076,2011,81,60.0
3557076,2011,91,115.0
3557078,2011,11,0.0
3557078,2011,21,0.0
3557078,2011,22,0.0
3557078,2011,23,10.0
3557078,2011,31-33,0.0
3557078,2011,41,0.0
3557078,2011,44-45,0.0
3557078,2011,48-49,0.0
3557078,2011,51,0.0
3557078,2011,52,0.0
3557078,2011,53,0.0
3557078,2011,54,0.0
3557078,2011,55,0.0
3557078,2011,56,0.0
3557078,2011,61,0.0
3557078,2011,62,0.0
3557078,2011,71,0.0
3557078,2011,72,0.0
3557078,2011,81,0.0
3557078,2011,91,0.0
3557079,2011,11,0.0
3557079,2011,21,105.0
3557079,2011,22,0.0
3557079,2011,23,0.0
3557079,2011,31-33,15.0
3557079,2011,41,0.0
3557079,2011,44-45,0.0
3557079,2011,48-49,0.0
3557079,2011,51,0.0
3557079,2011,52,10.0
3557079,2011,53,0.0
3557079,2011,54,0.0
3557079,2011,55,0.0
3557079,2011,56,0.0
3557079,2011,61,30.0
3557079,2011,62,0.0
3557079,2011,71,0.0
3557079,2011,72,0.0
3557079,2011,81,0.0
3557079,2011,91,0.0
3557091,2011,11,0.0
3557091,2011,21,60.0
3557091,2011,22,0.0
3557091,2011,23,55.0
3557091,2011,31-33,0.0
3557091,2011,41,0.0
3557091,2011,44-45,30.0
3557091,2011,48-49,30.0
3557091,2011,51,0.0
3557091,2011,52,0.0
3557091,2011,53,0.0
3557091,2011,54,0.0
3557091,2011,55,0.0
3557091,2011,56,0.0
3557091,2011,61,0.0
3557091,2011,62,60.0
3557091,2011,71,0.0
3557091,2011,72,40.0
3557091,2011,81,0.0
3557091,2011,91,45.0
3558001,2011,11,70.0
3558001,2011,21,0.0
3558001,2011,22,0.0
3558001,2011,23,45.0
3558001,2011,31-33,20.0
3558001,2011,41,70.0
3558001,2011,44-45,120.0
3558001,2011,48-49,120.0
3558001,2011,51,25.0
3558001,2011,52,40.0
3558001,2011,53,0.0
3558001,2011,54,85.0
3558001,2011,55,0.0
3558001,2011,56,45.0
3558001,2011,61,70.0
3558001,2011,62,85.0
3558001,2011,71,55.0
3558001,2011,72,30.0
3558001,2011,81,70.0
3558001,2011,91,160.0
3558003,2011,11,0.0
3558003,2011,21,10.0
3558003,2011,22,0.0
3558003,2011,23,25.0
3558003,2011,31-33,10.0
3558003,2011,41,0.0
3558003,2011,44-45,50.0
3558003,2011,48-49,10.0
3558003,2011,51,0.0
3558003,2011,52,0.0
3558003,2011,53,10.0
3558003,2011,54,0.0
3558003,2011,55,0.0
3558003,2011,56,15.0
3558003,2011,61,15.0
3558003,2011,62,35.0
3558003,2011,71,25.0
3558003,2011,72,20.0
3558003,2011,81,15.0
3558003,2011,91,70.0
3558004,2011,11,530.0
3558004,2011,21,715.0
3558004,2011,22,595.0
3558004,2011,23,3410.0
3558004,2011,31-33,2650.0
3558004,2011,41,1450.0
3558004,2011,44-45,6760.0
3558004,2011,48-49,2605.0
3558004,2011,51,1050.0
3558004,2011,52,1575.0
3558004,2011,53,890.0
3558004,2011,54,2870.0
3558004,2011,55,10.0
3558004,2011,56,1705.0
3558004,2011,61,5145.0
3558004,2011,62,8565.0
3558004,2011,71,1220.0
3558004,2011,72,4335.0
3558004,2011,81,2570.0
3558004,2011,91,5220.0
3558011,2011,11,215.0
3558011,2011,21,55.0
3558011,2011,22,25.0
3558011,2011,23,420.0
3558011,2011,31-33,195.0
3558011,2011,41,80.0
3558011,2011,44-45,310.0
3558011,2011,48-49,155.0
3558011,2011,51,50.0
3558011,2011,52,35.0
3558011,2011,53,0.0
3558011,2011,54,165.0
3558011,2011,55,0.0
3558011,2011,56,130.0
3558011,2011,61,155.0
3558011,2011,62,525.0
3558011,2011,71,20.0
3558011,2011,72,170.0
3558011,2011,81,175.0
3558011,2011,91,285.0
3558012,2011,11,25.0
3558012,2011,21,0.0
3558012,2011,22,0.0
3558012,2011,23,15.0
3558012,2011,31-33,20.0
3558012,2011,41,0.0
3558012,2011,44-45,0.0
3558012,2011,48-49,0.0
3558012,2011,51,0.0
3558012,2011,52,0.0
3558012,2011,53,0.0
3558012,2011,54,0.0
3558012,2011,55,0.0
3558012,2011,56,0.0
3558012,2011,61,20.0
3558012,2011,62,35.0
3558012,2011,71,0.0
3558012,2011,72,25.0
3558012,2011,81,0.0
3558012,2011,91,40.0
3558016,2011,11,70.0
3558016,2011,21,0.0
3558016,2011,22,0.0
3558016,2011,23,30.0
3558016,2011,31-33,0.0
3558016,2011,41,0.0
3558016,2011,44-45,80.0
3558016,2011,48-49,75.0
3558016,2011,51,0.0
3558016,2011,52,0.0
3558016,2011,53,0.0
3558016,2011,54,30.0
3558016,2011,55,0.0
3558016,2011,56,0.0
3558016,2011,61,0.0
3558016,2011,62,55.0
3558016,2011,71,0.0
3558016,2011,72,0.0
3558016,2011,81,0.0
3558016,2011,91,35.0
3558019,2011,11,80.0
3558019,2011,21,0.0
3558019,2011,22,0.0
3558019,2011,23,70.0
3558019,2011,31-33,15.0
3558019,2011,41,0.0
3558019,2011,44-45,75.0
3558019,2011,48-49,35.0
3558019,2011,51,0.0
3558019,2011,52,0.0
3558019,2011,53,0.0
3558019,2011,54,45.0
3558019,2011,55,0.0
3558019,2011,56,10.0
3558019,2011,61,15.0
3558019,2011,62,30.0
3558019,2011,71,0.0
3558019,2011,72,60.0
3558019,2011,81,0.0
3558019,2011,91,25.0
3558028,2011,11,30.0
3558028,2011,21,40.0
3558028,2011,22,40.0
3558028,2011,23,110.0
3558028,2011,31-33,40.0
3558028,2011,41,50.0
3558028,2011,44-45,170.0
3558028,2011,48-49,90.0
3558028,2011,51,0.0
3558028,2011,52,0.0
3558028,2011,53,35.0
3558028,2011,54,60.0
3558028,2011,55,0.0
3558028,2011,56,40.0
3558028,2011,61,165.0
3558028,2011,62,235.0
3558028,2011,71,25.0
3558028,2011,72,85.0
3558028,2011,81,35.0
3558028,2011,91,220.0
3558034,2011,11,20.0
3558034,2011,21,0.0
3558034,2011,22,0.0
3558034,2011,23,15.0
3558034,2011,31-33,0.0
3558034,2011,41,0.0
3558034,2011,44-45,0.0
3558034,2011,48-49,15.0
3558034,2011,51,0.0
3558034,2011,52,0.0
3558034,2011,53,0.0
3558034,2011,54,0.0
3558034,2011,55,0.0
3558034,2011,56,0.0
3558034,2011,61,15.0
3558034,2011,62,25.0
3558034,2011,71,0.0
3558034,2011,72,0.0
3558034,2011,81,0.0
3558034,2011,91,15.0
3558041,2011,11,0.0
3558041,2011,21,25.0
3558041,2011,22,20.0
3558041,2011,23,30.0
3558041,2011,31-33,0.0
3558041,2011,41,0.0
3558041,2011,44-45,20.0
3558041,2011,48-49,35.0
3558041,2011,51,0.0
3558041,2011,52,0.0
3558041,2011,53,0.0
3558041,2011,54,0.0
3558041,2011,55,0.0
3558041,2011,56,0.0
3558041,2011,61,35.0
3558041,2011,62,55.0
3558041,2011,71,0.0
3558041,2011,72,45.0
3558041,2011,81,0.0
3558041,2011,91,45.0
3558051,2011,11,0.0
3558051,2011,21,10.0
3558051,2011,22,0.0
3558051,2011,23,15.0
3558051,2011,31-33,200.0
3558051,2011,41,0.0
3558051,2011,44-45,65.0
3558051,2011,48-49,125.0
3558051,2011,51,15.0
3558051,2011,52,15.0
3558051,2011,53,0.0
3558051,2011,54,0.0
3558051,2011,55,0.0
3558051,2011,56,15.0
3558051,2011,61,30.0
3558051,2011,62,85.0
3558051,2011,71,20.0
3558051,2011,72,65.0
3558051,2011,81,15.0
3558051,2011,91,35.0
3558054,2011,11,0.0
3558054,2011,21,45.0
3558054,2011,22,0.0
3558054,2011,23,30.0
3558054,2011,31-33,270.0
3558054,2011,41,0.0
3558054,2011,44-45,60.0
3558054,2011,48-49,35.0
3558054,2011,51,0.0
3558054,2011,52,0.0
3558054,2011,53,0.0
3558054,2011,54,0.0
3558054,2011,55,0.0
3558054,2011,56,0.0
3558054,2011,61,45.0
3558054,2011,62,95.0
3558054,2011,71,0.0
3558054,2011,72,60.0
3558054,2011,81,25.0
3558054,2011,91,60.0
3558060,2011,11,0.0
3558060,2011,21,10.0
3558060,2011,22,0.0
3558060,2011,23,10.0
3558060,2011,31-33,0.0
3558060,2011,41,0.0
3558060,2011,44-45,0.0
3558060,2011,48-49,0.0
3558060,2011,51,0.0
3558060,2011,52,0.0
3558060,2011,53,0.0
3558060,2011,54,0.0
3558060,2011,55,0.0
3558060,2011,56,0.0
3558060,2011,61,0.0
3558060,2011,62,0.0
3558060,2011,71,0.0
3558060,2011,72,0.0
3558060,2011,81,0.0
3558060,2011,91,25.0
3558061,2011,11,0.0
3558061,2011,21,0.0
3558061,2011,22,0.0
3558061,2011,23,0.0
3558061,2011,31-33,0.0
3558061,2011,41,0.0
3558061,2011,44-45,0.0
3558061,2011,48-49,0.0
3558061,2011,51,0.0
3558061,2011,52,0.0
3558061,2011,53,0.0
3558061,2011,54,0.0
3558061,2011,55,0.0
3558061,2011,56,0.0
3558061,2011,61,10.0
3558061,2011,62,0.0
3558061,2011,71,0.0
3558061,2011,72,0.0
3558061,2011,81,0.0
3558061,2011,91,20.0
3558063,2011,11,0.0
3558063,2011,21,0.0
3558063,2011,22,0.0
3558063,2011,23,0.0
3558063,2011,31-33,0.0
3558063,2011,41,0.0
3558063,2011,44-45,0.0
3558063,2011,48-49,0.0
3558063,2011,51,0.0
3558063,2011,52,0.0
3558063,2011,53,0.0
3558063,2011,54,0.0
3558063,2011,55,0.0
3558063,2011,56,0.0
3558063,2011,61,0.0
3558063,2011,62,0.0
3558063,2011,71,0.0
3558063,2011,72,0.0
3558063,2011,81,0.0
3558063,2011,91,10.0
3558064,2011,11,0.0
3558064,2011,21,0.0
3558064,2011,22,0.0
3558064,2011,23,10.0
3558064,2011,31-33,0.0
3558064,2011,41,0.0
3558064,2011,44-45,15.0
3558064,2011,48-49,10.0
3558064,2011,51,0.0
3558064,2011,52,0.0
3558064,2011,53,0.0
3558064,2011,54,0.0
3558064,2011,55,0.0
3558064,2011,56,0.0
3558064,2011,61,10.0
3558064,2011,62,10.0
3558064,2011,71,0.0
3558064,2011,72,0.0
3558064,2011,81,0.0
3558064,2011,91,45.0
3558067,2011,11,0.0
3558067,2011,21,0.0
3558067,2011,22,0.0
3558067,2011,23,0.0
3558067,2011,31-33,0.0
3558067,2011,41,0.0
3558067,2011,44-45,0.0
3558067,2011,48-49,0.0
3558067,2011,51,0.0
3558067,2011,52,0.0
3558067,2011,53,0.0
3558067,2011,54,0.0
3558067,2011,55,0.0
3558067,2011,56,0.0
3558067,2011,61,10.0
3558067,2011,62,10.0
3558067,2011,71,0.0
3558067,2011,72,0.0
3558067,2011,81,0.0
3558067,2011,91,20.0
3558068,2011,11,0.0
3558068,2011,21,10.0
3558068,2011,22,0.0
3558068,2011,23,0.0
3558068,2011,31-33,0.0
3558068,2011,41,0.0
3558068,2011,44-45,15.0
3558068,2011,48-49,0.0
3558068,2011,51,0.0
3558068,2011,52,0.0
3558068,2011,53,0.0
3558068,2011,54,0.0
3558068,2011,55,0.0
3558068,2011,56,0.0
3558068,2011,61,0.0
3558068,2011,62,10.0
3558068,2011,71,0.0
3558068,2011,72,10.0
3558068,2011,81,0.0
3558068,2011,91,45.0
3558069,2011,11,10.0
3558069,2011,21,0.0
3558069,2011,22,0.0
3558069,2011,23,0.0
3558069,2011,31-33,0.0
3558069,2011,41,0.0
3558069,2011,44-45,0.0
3558069,2011,48-49,0.0
3558069,2011,51,0.0
3558069,2011,52,0.0
3558069,2011,53,0.0
3558069,2011,54,0.0
3558069,2011,55,0.0
3558069,2011,56,0.0
3558069,2011,61,0.0
3558069,2011,62,0.0
3558069,2011,71,0.0
3558069,2011,72,0.0
3558069,2011,81,0.0
3558069,2011,91,35.0
3558075,2011,11,190.0
3558075,2011,21,125.0
3558075,2011,22,25.0
3558075,2011,23,125.0
3558075,2011,31-33,80.0
3558075,2011,41,50.0
3558075,2011,44-45,205.0
3558075,2011,48-49,180.0
3558075,2011,51,35.0
3558075,2011,52,25.0
3558075,2011,53,20.0
3558075,2011,54,40.0
3558075,2011,55,0.0
3558075,2011,56,45.0
3558075,2011,61,260.0
3558075,2011,62,295.0
3558075,2011,71,40.0
3558075,2011,72,200.0
3558075,2011,81,65.0
3558075,2011,91,395.0
3558076,2011,11,10.0
3558076,2011,21,0.0
3558076,2011,22,0.0
3558076,2011,23,0.0
3558076,2011,31-33,0.0
3558076,2011,41,0.0
3558076,2011,44-45,0.0
3558076,2011,48-49,0.0
3558076,2011,51,0.0
3558076,2011,52,0.0
3558076,2011,53,0.0
3558076,2011,54,0.0
3558076,2011,55,0.0
3558076,2011,56,10.0
3558076,2011,61,0.0
3558076,2011,62,15.0
3558076,2011,71,0.0
3558076,2011,72,0.0
3558076,2011,81,0.0
3558076,2011,91,60.0
3558080,2011,11,0.0
3558080,2011,21,0.0
3558080,2011,22,0.0
3558080,2011,23,0.0
3558080,2011,31-33,0.0
3558080,2011,41,0.0
3558080,2011,44-45,0.0
3558080,2011,48-49,0.0
3558080,2011,51,0.0
3558080,2011,52,0.0
3558080,2011,53,0.0
3558080,2011,54,0.0
3558080,2011,55,0.0
3558080,2011,56,0.0
3558080,2011,61,10.0
3558080,2011,62,0.0
3558080,2011,71,0.0
3558080,2011,72,0.0
3558080,2011,81,0.0
3558080,2011,91,15.0
3558085,2011,11,0.0
3558085,2011,21,0.0
3558085,2011,22,0.0
3558085,2011,23,0.0
3558085,2011,31-33,0.0
3558085,2011,41,0.0
3558085,2011,44-45,0.0
3558085,2011,48-49,0.0
3558085,2011,51,0.0
3558085,2011,52,0.0
3558085,2011,53,0.0
3558085,2011,54,0.0
3558085,2011,55,0.0
3558085,2011,56,0.0
3558085,2011,61,0.0
3558085,2011,62,10.0
3558085,2011,71,0.0
3558085,2011,72,0.0
3558085,2011,81,0.0
3558085,2011,91,15.0
3558090,2011,11,185.0
3558090,2011,21,135.0
3558090,2011,22,30.0
3558090,2011,23,240.0
3558090,2011,31-33,140.0
3558090,2011,41,90.0
3558090,2011,44-45,300.0
3558090,2011,48-49,325.0
3558090,2011,51,55.0
3558090,2011,52,85.0
3558090,2011,53,20.0
3558090,2011,54,100.0
3558090,2011,55,0.0
3558090,2011,56,100.0
3558090,2011,61,165.0
3558090,2011,62,380.0
3558090,2011,71,50.0
3558090,2011,72,150.0
3558090,2011,81,150.0
3558090,2011,91,180.0
3558097,2011,11,0.0
3558097,2011,21,0.0
3558097,2011,22,0.0
3558097,2011,23,10.0
3558097,2011,31-33,0.0
3558097,2011,41,0.0
3558097,2011,44-45,0.0
3558097,2011,48-49,0.0
3558097,2011,51,0.0
3558097,2011,52,0.0
3558097,2011,53,0.0
3558097,2011,54,0.0
3558097,2011,55,0.0
3558097,2011,56,0.0
3558097,2011,61,0.0
3558097,2011,62,0.0
3558097,2011,71,0.0
3558097,2011,72,0.0
3558097,2011,81,0.0
3558097,2011,91,25.0
3559001,2011,11,50.0
3559001,2011,21,100.0
3559001,2011,22,95.0
3559001,2011,23,20.0
3559001,2011,31-33,20.0
3559001,2011,41,30.0
3559001,2011,44-45,130.0
3559001,2011,48-49,80.0
3559001,2011,51,0.0
3559001,2011,52,0.0
3559001,2011,53,0.0
3559001,2011,54,40.0
3559001,2011,55,0.0
3559001,2011,56,25.0
3559001,2011,61,125.0
3559001,2011,62,230.0
3559001,2011,71,0.0
3559001,2011,72,85.0
3559001,2011,81,75.0
3559001,2011,91,115.0
3559011,2011,11,20.0
3559011,2011,21,0.0
3559011,2011,22,0.0
3559011,2011,23,25.0
3559011,2011,31-33,45.0
3559011,2011,41,0.0
3559011,2011,44-45,15.0
3559011,2011,48-49,25.0
3559011,2011,51,0.0
3559011,2011,52,15.0
3559011,2011,53,0.0
3559011,2011,54,0.0
3559011,2011,55,0.0
3559011,2011,56,0.0
3559011,2011,61,35.0
3559011,2011,62,40.0
3559011,2011,71,0.0
3559011,2011,72,0.0
3559011,2011,81,0.0
3559011,2011,91,20.0
3559012,2011,11,75.0
3559012,2011,21,0.0
3559012,2011,22,35.0
3559012,2011,23,220.0
3559012,2011,31-33,460.0
3559012,2011,41,40.0
3559012,2011,44-45,450.0
3559012,2011,48-49,115.0
3559012,2011,51,50.0
3559012,2011,52,105.0
3559012,2011,53,45.0
3559012,2011,54,80.0
3559012,2011,55,0.0
3559012,2011,56,85.0
3559012,2011,61,325.0
3559012,2011,62,860.0
3559012,2011,71,50.0
3559012,2011,72,375.0
3559012,2011,81,125.0
3559012,2011,91,395.0
3559016,2011,11,45.0
3559016,2011,21,0.0
3559016,2011,22,0.0
3559016,2011,23,20.0
3559016,2011,31-33,60.0
3559016,2011,41,0.0
3559016,2011,44-45,105.0
3559016,2011,48-49,30.0
3559016,2011,51,65.0
3559016,2011,52,0.0
3559016,2011,53,0.0
3559016,2011,54,10.0
3559016,2011,55,0.0
3559016,2011,56,0.0
3559016,2011,61,30.0
3559016,2011,62,75.0
3559016,2011,71,0.0
3559016,2011,72,35.0
3559016,2011,81,20.0
3559016,2011,91,30.0
3559026,2011,11,0.0
3559026,2011,21,10.0
3559026,2011,22,0.0
3559026,2011,23,0.0
3559026,2011,31-33,10.0
3559026,2011,41,0.0
3559026,2011,44-45,10.0
3559026,2011,48-49,0.0
3559026,2011,51,0.0
3559026,2011,52,0.0
3559026,2011,53,0.0
3559026,2011,54,0.0
3559026,2011,55,0.0
3559026,2011,56,0.0
3559026,2011,61,10.0
3559026,2011,62,15.0
3559026,2011,71,0.0
3559026,2011,72,0.0
3559026,2011,81,0.0
3559026,2011,91,40.0
3559040,2011,11,95.0
3559040,2011,21,0.0
3559040,2011,22,0.0
3559040,2011,23,0.0
3559040,2011,31-33,0.0
3559040,2011,41,0.0
3559040,2011,44-45,10.0
3559040,2011,48-49,15.0
3559040,2011,51,0.0
3559040,2011,52,0.0
3559040,2011,53,0.0
3559040,2011,54,0.0
3559040,2011,55,0.0
3559040,2011,56,0.0
3559040,2011,61,0.0
3559040,2011,62,20.0
3559040,2011,71,0.0
3559040,2011,72,0.0
3559040,2011,81,0.0
3559040,2011,91,0.0
3559051,2011,11,0.0
3559051,2011,21,10.0
3559051,2011,22,0.0
3559051,2011,23,10.0
3559051,2011,31-33,0.0
3559051,2011,41,0.0
3559051,2011,44-45,0.0
3559051,2011,48-49,0.0
3559051,2011,51,0.0
3559051,2011,52,0.0
3559051,2011,53,0.0
3559051,2011,54,0.0
3559051,2011,55,0.0
3559051,2011,56,10.0
3559051,2011,61,0.0
3559051,2011,62,10.0
3559051,2011,71,0.0
3559051,2011,72,0.0
3559051,2011,81,0.0
3559051,2011,91,50.0
3559053,2011,11,0.0
3559053,2011,21,0.0
3559053,2011,22,0.0
3559053,2011,23,0.0
3559053,2011,31-33,0.0
3559053,2011,41,0.0
3559053,2011,44-45,0.0
3559053,2011,48-49,0.0
3559053,2011,51,0.0
3559053,2011,52,0.0
3559053,2011,53,0.0
3559053,2011,54,0.0
3559053,2011,55,0.0
3559053,2011,56,0.0
3559053,2011,61,0.0
3559053,2011,62,0.0
3559053,2011,71,0.0
3559053,2011,72,0.0
3559053,2011,81,0.0
3559053,2011,91,35.0
3559060,2011,11,0.0
3559060,2011,21,0.0
3559060,2011,22,0.0
3559060,2011,23,0.0
3559060,2011,31-33,0.0
3559060,2011,41,0.0
3559060,2011,44-45,0.0
3559060,2011,48-49,0.0
3559060,2011,51,0.0
3559060,2011,52,0.0
3559060,2011,53,0.0
3559060,2011,54,0.0
3559060,2011,55,0.0
3559060,2011,56,0.0
3559060,2011,61,10.0
3559060,2011,62,0.0
3559060,2011,71,0.0
3559060,2011,72,15.0
3559060,2011,81,0.0
3559060,2011,91,55.0
3559061,2011,11,0.0
3559061,2011,21,0.0
3559061,2011,22,0.0
3559061,2011,23,0.0
3559061,2011,31-33,0.0
3559061,2011,41,0.0
3559061,2011,44-45,0.0
3559061,2011,48-49,0.0
3559061,2011,51,0.0
3559061,2011,52,0.0
3559061,2011,53,0.0
3559061,2011,54,0.0
3559061,2011,55,0.0
3559061,2011,56,0.0
3559061,2011,61,0.0
3559061,2011,62,0.0
3559061,2011,71,0.0
3559061,2011,72,0.0
3559061,2011,81,0.0
3559061,2011,91,25.0
3559063,2011,11,10.0
3559063,2011,21,0.0
3559063,2011,22,0.0
3559063,2011,23,15.0
3559063,2011,31-33,0.0
3559063,2011,41,0.0
3559063,2011,44-45,25.0
3559063,2011,48-49,15.0
3559063,2011,51,0.0
3559063,2011,52,0.0
3559063,2011,53,0.0
3559063,2011,54,0.0
3559063,2011,55,0.0
3559063,2011,56,0.0
3559063,2011,61,15.0
3559063,2011,62,45.0
3559063,2011,71,25.0
3559063,2011,72,30.0
3559063,2011,81,10.0
3559063,2011,91,60.0
3559064,2011,11,0.0
3559064,2011,21,0.0
3559064,2011,22,0.0
3559064,2011,23,0.0
3559064,2011,31-33,0.0
3559064,2011,41,0.0
3559064,2011,44-45,0.0
3559064,2011,48-49,0.0
3559064,2011,51,0.0
3559064,2011,52,0.0
3559064,2011,53,0.0
3559064,2011,54,0.0
3559064,2011,55,0.0
3559064,2011,56,0.0
3559064,2011,61,0.0
3559064,2011,62,10.0
3559064,2011,71,0.0
3559064,2011,72,0.0
3559064,2011,81,0.0
3559064,2011,91,25.0
3559066,2011,11,0.0
3559066,2011,21,0.0
3559066,2011,22,0.0
3559066,2011,23,0.0
3559066,2011,31-33,0.0
3559066,2011,41,0.0
3559066,2011,44-45,0.0
3559066,2011,48-49,10.0
3559066,2011,51,0.0
3559066,2011,52,0.0
3559066,2011,53,0.0
3559066,2011,54,0.0
3559066,2011,55,0.0
3559066,2011,56,0.0
3559066,2011,61,10.0
3559066,2011,62,10.0
3559066,2011,71,0.0
3559066,2011,72,0.0
3559066,2011,81,0.0
3559066,2011,91,40.0
3559068,2011,11,0.0
3559068,2011,21,0.0
3559068,2011,22,0.0
3559068,2011,23,0.0
3559068,2011,31-33,0.0
3559068,2011,41,0.0
3559068,2011,44-45,0.0
3559068,2011,48-49,0.0
3559068,2011,51,0.0
3559068,2011,52,0.0
3559068,2011,53,0.0
3559068,2011,54,0.0
3559068,2011,55,0.0
3559068,2011,56,0.0
3559068,2011,61,0.0
3559068,2011,62,10.0
3559068,2011,71,0.0
3559068,2011,72,0.0
3559068,2011,81,0.0
3559068,2011,91,20.0
3560001,2011,11,15.0
3560001,2011,21,0.0
3560001,2011,22,0.0
3560001,2011,23,65.0
3560001,2011,31-33,0.0
3560001,2011,41,0.0
3560001,2011,44-45,70.0
3560001,2011,48-49,60.0
3560001,2011,51,0.0
3560001,2011,52,0.0
3560001,2011,53,0.0
3560001,2011,54,0.0
3560001,2011,55,0.0
3560001,2011,56,0.0
3560001,2011,61,70.0
3560001,2011,62,0.0
3560001,2011,71,0.0
3560001,2011,72,100.0
3560001,2011,81,30.0
3560001,2011,91,105.0
3560004,2011,11,0.0
3560004,2011,21,10.0
3560004,2011,22,0.0
3560004,2011,23,25.0
3560004,2011,31-33,0.0
3560004,2011,41,0.0
3560004,2011,44-45,0.0
3560004,2011,48-49,0.0
3560004,2011,51,0.0
3560004,2011,52,0.0
3560004,2011,53,10.0
3560004,2011,54,0.0
3560004,2011,55,0.0
3560004,2011,56,0.0
3560004,2011,61,45.0
3560004,2011,62,70.0
3560004,2011,71,0.0
3560004,2011,72,20.0
3560004,2011,81,0.0
3560004,2011,91,50.0
3560005,2011,11,0.0
3560005,2011,21,0.0
3560005,2011,22,0.0
3560005,2011,23,0.0
3560005,2011,31-33,0.0
3560005,2011,41,0.0
3560005,2011,44-45,0.0
3560005,2011,48-49,0.0
3560005,2011,51,0.0
3560005,2011,52,0.0
3560005,2011,53,0.0
3560005,2011,54,0.0
3560005,2011,55,0.0
3560005,2011,56,0.0
3560005,2011,61,0.0
3560005,2011,62,10.0
3560005,2011,71,0.0
3560005,2011,72,0.0
3560005,2011,81,0.0
3560005,2011,91,0.0
3560010,2011,11,60.0
3560010,2011,21,30.0
3560010,2011,22,90.0
3560010,2011,23,970.0
3560010,2011,31-33,305.0
3560010,2011,41,200.0
3560010,2011,44-45,1250.0
3560010,2011,48-49,400.0
3560010,2011,51,240.0
3560010,2011,52,210.0
3560010,2011,53,40.0
3560010,2011,54,240.0
3560010,2011,55,0.0
3560010,2011,56,120.0
3560010,2011,61,560.0
3560010,2011,62,1460.0
3560010,2011,71,125.0
3560010,2011,72,670.0
3560010,2011,81,450.0
3560010,2011,91,870.0
3560024,2011,11,0.0
3560024,2011,21,0.0
3560024,2011,22,0.0
3560024,2011,23,0.0
3560024,2011,31-33,0.0
3560024,2011,41,0.0
3560024,2011,44-45,0.0
3560024,2011,48-49,10.0
3560024,2011,51,0.0
3560024,2011,52,0.0
3560024,2011,53,0.0
3560024,2011,54,0.0
3560024,2011,55,0.0
3560024,2011,56,10.0
3560024,2011,61,10.0
3560024,2011,62,10.0
3560024,2011,71,0.0
3560024,2011,72,10.0
3560024,2011,81,0.0
3560024,2011,91,30.0
3560027,2011,11,115.0
3560027,2011,21,40.0
3560027,2011,22,35.0
3560027,2011,23,250.0
3560027,2011,31-33,295.0
3560027,2011,41,45.0
3560027,2011,44-45,520.0
3560027,2011,48-49,230.0
3560027,2011,51,30.0
3560027,2011,52,105.0
3560027,2011,53,30.0
3560027,2011,54,100.0
3560027,2011,55,0.0
3560027,2011,56,45.0
3560027,2011,61,415.0
3560027,2011,62,630.0
3560027,2011,71,25.0
3560027,2011,72,340.0
3560027,2011,81,165.0
3560027,2011,91,470.0
3560032,2011,11,25.0
3560032,2011,21,90.0
3560032,2011,22,15.0
3560032,2011,23,15.0
3560032,2011,31-33,25.0
3560032,2011,41,0.0
3560032,2011,44-45,50.0
3560032,2011,48-49,30.0
3560032,2011,51,0.0
3560032,2011,52,0.0
3560032,2011,53,0.0
3560032,2011,54,0.0
3560032,2011,55,0.0
3560032,2011,56,0.0
3560032,2011,61,60.0
3560032,2011,62,45.0
3560032,2011,71,0.0
3560032,2011,72,35.0
3560032,2011,81,0.0
3560032,2011,91,20.0
3560034,2011,11,35.0
3560034,2011,21,0.0
3560034,2011,22,0.0
3560034,2011,23,130.0
3560034,2011,31-33,40.0
3560034,2011,41,0.0
3560034,2011,44-45,250.0
3560034,2011,48-49,240.0
3560034,2011,51,40.0
3560034,2011,52,30.0
3560034,2011,53,30.0
3560034,2011,54,45.0
3560034,2011,55,0.0
3560034,2011,56,75.0
3560034,2011,61,250.0
3560034,2011,62,815.0
3560034,2011,71,60.0
3560034,2011,72,205.0
3560034,2011,81,165.0
3560034,2011,91,430.0
3560042,2011,11,35.0
3560042,2011,21,845.0
3560042,2011,22,0.0
3560042,2011,23,80.0
3560042,2011,31-33,25.0
3560042,2011,41,40.0
3560042,2011,44-45,225.0
3560042,2011,48-49,155.0
3560042,2011,51,25.0
3560042,2011,52,45.0
3560042,2011,53,30.0
3560042,2011,54,50.0
3560042,2011,55,0.0
3560042,2011,56,50.0
3560042,2011,61,185.0
3560042,2011,62,285.0
3560042,2011,71,40.0
3560042,2011,72,195.0
3560042,2011,81,40.0
3560042,2011,91,350.0
3560046,2011,11,0.0
3560046,2011,21,0.0
3560046,2011,22,0.0
3560046,2011,23,0.0
3560046,2011,31-33,0.0
3560046,2011,41,0.0
3560046,2011,44-45,0.0
3560046,2011,48-49,0.0
3560046,2011,51,0.0
3560046,2011,52,0.0
3560046,2011,53,0.0
3560046,2011,54,0.0
3560046,2011,55,0.0
3560046,2011,56,0.0
3560046,2011,61,10.0
3560046,2011,62,10.0
3560046,2011,71,0.0
3560046,2011,72,0.0
3560046,2011,81,0.0
3560046,2011,91,30.0
3560049,2011,11,0.0
3560049,2011,21,35.0
3560049,2011,22,0.0
3560049,2011,23,0.0
3560049,2011,31-33,0.0
3560049,2011,41,0.0
3560049,2011,44-45,25.0
3560049,2011,48-49,40.0
3560049,2011,51,0.0
3560049,2011,52,0.0
3560049,2011,53,0.0
3560049,2011,54,0.0
3560049,2011,55,0.0
3560049,2011,56,0.0
3560049,2011,61,0.0
3560049,2011,62,0.0
3560049,2011,71,0.0
3560049,2011,72,20.0
3560049,2011,81,0.0
3560049,2011,91,70.0
3560052,2011,11,0.0
3560052,2011,21,0.0
3560052,2011,22,0.0
3560052,2011,23,0.0
3560052,2011,31-33,0.0
3560052,2011,41,0.0
3560052,2011,44-45,0.0
3560052,2011,48-49,0.0
3560052,2011,51,0.0
3560052,2011,52,0.0
3560052,2011,53,0.0
3560052,2011,54,0.0
3560052,2011,55,0.0
3560052,2011,56,0.0
3560052,2011,61,0.0
3560052,2011,62,0.0
3560052,2011,71,0.0
3560052,2011,72,0.0
3560052,2011,81,0.0
3560052,2011,91,35.0
3560054,2011,11,0.0
3560054,2011,21,0.0
3560054,2011,22,0.0
3560054,2011,23,0.0
3560054,2011,31-33,0.0
3560054,2011,41,0.0
3560054,2011,44-45,0.0
3560054,2011,48-49,0.0
3560054,2011,51,0.0
3560054,2011,52,0.0
3560054,2011,53,0.0
3560054,2011,54,0.0
3560054,2011,55,0.0
3560054,2011,56,0.0
3560054,2011,61,25.0
3560054,2011,62,45.0
3560054,2011,71,0.0
3560054,2011,72,0.0
3560054,2011,81,0.0
3560054,2011,91,60.0
3560055,2011,11,0.0
3560055,2011,21,10.0
3560055,2011,22,0.0
3560055,2011,23,0.0
3560055,2011,31-33,0.0
3560055,2011,41,0.0
3560055,2011,44-45,0.0
3560055,2011,48-49,0.0
3560055,2011,51,0.0
3560055,2011,52,0.0
3560055,2011,53,0.0
3560055,2011,54,0.0
3560055,2011,55,0.0
3560055,2011,56,0.0
3560055,2011,61,10.0
3560055,2011,62,25.0
3560055,2011,71,0.0
3560055,2011,72,0.0
3560055,2011,81,0.0
3560055,2011,91,50.0
3560056,2011,11,0.0
3560056,2011,21,0.0
3560056,2011,22,0.0
3560056,2011,23,50.0
3560056,2011,31-33,0.0
3560056,2011,41,0.0
3560056,2011,44-45,0.0
3560056,2011,48-49,10.0
3560056,2011,51,0.0
3560056,2011,52,0.0
3560056,2011,53,20.0
3560056,2011,54,0.0
3560056,2011,55,0.0
3560056,2011,56,10.0
3560056,2011,61,40.0
3560056,2011,62,55.0
3560056,2011,71,0.0
3560056,2011,72,25.0
3560056,2011,81,0.0
3560056,2011,91,115.0
3560057,2011,11,10.0
3560057,2011,21,0.0
3560057,2011,22,0.0
3560057,2011,23,10.0
3560057,2011,31-33,0.0
3560057,2011,41,0.0
3560057,2011,44-45,0.0
3560057,2011,48-49,0.0
3560057,2011,51,0.0
3560057,2011,52,0.0
3560057,2011,53,0.0
3560057,2011,54,0.0
3560057,2011,55,0.0
3560057,2011,56,0.0
3560057,2011,61,10.0
3560057,2011,62,10.0
3560057,2011,71,0.0
3560057,2011,72,0.0
3560057,2011,81,0.0
3560057,2011,91,30.0
3560058,2011,11,10.0
3560058,2011,21,0.0
3560058,2011,22,0.0
3560058,2011,23,0.0
3560058,2011,31-33,0.0
3560058,2011,41,0.0
3560058,2011,44-45,0.0
3560058,2011,48-49,0.0
3560058,2011,51,0.0
3560058,2011,52,0.0
3560058,2011,53,0.0
3560058,2011,54,0.0
3560058,2011,55,0.0
3560058,2011,56,0.0
3560058,2011,61,25.0
3560058,2011,62,60.0
3560058,2011,71,0.0
3560058,2011,72,10.0
3560058,2011,81,0.0
3560058,2011,91,95.0
3560060,2011,11,0.0
3560060,2011,21,0.0
3560060,2011,22,0.0
3560060,2011,23,0.0
3560060,2011,31-33,0.0
3560060,2011,41,0.0
3560060,2011,44-45,0.0
3560060,2011,48-49,0.0
3560060,2011,51,0.0
3560060,2011,52,0.0
3560060,2011,53,0.0
3560060,2011,54,0.0
3560060,2011,55,0.0
3560060,2011,56,0.0
3560060,2011,61,0.0
3560060,2011,62,10.0
3560060,2011,71,0.0
3560060,2011,72,0.0
3560060,2011,81,0.0
3560060,2011,91,0.0
3560061,2011,11,0.0
3560061,2011,21,0.0
3560061,2011,22,10.0
3560061,2011,23,30.0
3560061,2011,31-33,0.0
3560061,2011,41,0.0
3560061,2011,44-45,10.0
3560061,2011,48-49,0.0
3560061,2011,51,0.0
3560061,2011,52,0.0
3560061,2011,53,0.0
3560061,2011,54,0.0
3560061,2011,55,0.0
3560061,2011,56,15.0
3560061,2011,61,45.0
3560061,2011,62,70.0
3560061,2011,71,0.0
3560061,2011,72,20.0
3560061,2011,81,0.0
3560061,2011,91,95.0
3560063,2011,11,0.0
3560063,2011,21,0.0
3560063,2011,22,0.0
3560063,2011,23,20.0
3560063,2011,31-33,0.0
3560063,2011,41,0.0
3560063,2011,44-45,0.0
3560063,2011,48-49,0.0
3560063,2011,51,0.0
3560063,2011,52,0.0
3560063,2011,53,0.0
3560063,2011,54,0.0
3560063,2011,55,0.0
3560063,2011,56,10.0
3560063,2011,61,15.0
3560063,2011,62,35.0
3560063,2011,71,0.0
3560063,2011,72,0.0
3560063,2011,81,0.0
3560063,2011,91,65.0
3560064,2011,11,0.0
3560064,2011,21,0.0
3560064,2011,22,0.0
3560064,2011,23,0.0
3560064,2011,31-33,0.0
3560064,2011,41,0.0
3560064,2011,44-45,0.0
3560064,2011,48-49,0.0
3560064,2011,51,0.0
3560064,2011,52,0.0
3560064,2011,53,0.0
3560064,2011,54,0.0
3560064,2011,55,0.0
3560064,2011,56,0.0
3560064,2011,61,0.0
3560064,2011,62,10.0
3560064,2011,71,0.0
3560064,2011,72,0.0
3560064,2011,81,0.0
3560064,2011,91,20.0
3560065,2011,11,0.0
3560065,2011,21,0.0
3560065,2011,22,0.0
3560065,2011,23,0.0
3560065,2011,31-33,0.0
3560065,2011,41,0.0
3560065,2011,44-45,0.0
3560065,2011,48-49,0.0
3560065,2011,51,0.0
3560065,2011,52,0.0
3560065,2011,53,0.0
3560065,2011,54,0.0
3560065,2011,55,0.0
3560065,2011,56,0.0
3560065,2011,61,0.0
3560065,2011,62,0.0
3560065,2011,71,0.0
3560065,2011,72,0.0
3560065,2011,81,0.0
3560065,2011,91,10.0
3560066,2011,11,0.0
3560066,2011,21,0.0
3560066,2011,22,0.0
3560066,2011,23,10.0
3560066,2011,31-33,0.0
3560066,2011,41,0.0
3560066,2011,44-45,10.0
3560066,2011,48-49,0.0
3560066,2011,51,0.0
3560066,2011,52,0.0
3560066,2011,53,0.0
3560066,2011,54,0.0
3560066,2011,55,0.0
3560066,2011,56,0.0
3560066,2011,61,0.0
3560066,2011,62,25.0
3560066,2011,71,20.0
3560066,2011,72,0.0
3560066,2011,81,0.0
3560066,2011,91,55.0
3560068,2011,11,10.0
3560068,2011,21,0.0
3560068,2011,22,0.0
3560068,2011,23,15.0
3560068,2011,31-33,0.0
3560068,2011,41,0.0
3560068,2011,44-45,10.0
3560068,2011,48-49,0.0
3560068,2011,51,0.0
3560068,2011,52,0.0
3560068,2011,53,0.0
3560068,2011,54,0.0
3560068,2011,55,0.0
3560068,2011,56,0.0
3560068,2011,61,20.0
3560068,2011,62,30.0
3560068,2011,71,0.0
3560068,2011,72,0.0
3560068,2011,81,15.0
3560068,2011,91,40.0
3560070,2011,11,0.0
3560070,2011,21,0.0
3560070,2011,22,10.0
3560070,2011,23,15.0
3560070,2011,31-33,0.0
3560070,2011,41,0.0
3560070,2011,44-45,15.0
3560070,2011,48-49,0.0
3560070,2011,51,0.0
3560070,2011,52,0.0
3560070,2011,53,0.0
3560070,2011,54,0.0
3560070,2011,55,0.0
3560070,2011,56,10.0
3560070,2011,61,30.0
3560070,2011,62,35.0
3560070,2011,71,0.0
3560070,2011,72,0.0
3560070,2011,81,0.0
3560070,2011,91,60.0
3560075,2011,11,0.0
3560075,2011,21,0.0
3560075,2011,22,0.0
3560075,2011,23,10.0
3560075,2011,31-33,0.0
3560075,2011,41,0.0
3560075,2011,44-45,40.0
3560075,2011,48-49,10.0
3560075,2011,51,10.0
3560075,2011,52,0.0
3560075,2011,53,0.0
3560075,2011,54,0.0
3560075,2011,55,0.0
3560075,2011,56,10.0
3560075,2011,61,30.0
3560075,2011,62,45.0
3560075,2011,71,0.0
3560075,2011,72,0.0
3560075,2011,81,0.0
3560075,2011,91,130.0
3560078,2011,11,0.0
3560078,2011,21,0.0
3560078,2011,22,0.0
3560078,2011,23,10.0
3560078,2011,31-33,0.0
3560078,2011,41,0.0
3560078,2011,44-45,10.0
3560078,2011,48-49,0.0
3560078,2011,51,0.0
3560078,2011,52,0.0
3560078,2011,53,0.0
3560078,2011,54,0.0
3560078,2011,55,0.0
3560078,2011,56,0.0
3560078,2011,61,10.0
3560078,2011,62,15.0
3560078,2011,71,0.0
3560078,2011,72,0.0
3560078,2011,81,0.0
3560078,2011,91,65.0
3560080,2011,11,0.0
3560080,2011,21,0.0
3560080,2011,22,0.0
3560080,2011,23,0.0
3560080,2011,31-33,0.0
3560080,2011,41,0.0
3560080,2011,44-45,0.0
3560080,2011,48-49,0.0
3560080,2011,51,0.0
3560080,2011,52,0.0
3560080,2011,53,0.0
3560080,2011,54,0.0
3560080,2011,55,0.0
3560080,2011,56,0.0
3560080,2011,61,10.0
3560080,2011,62,15.0
3560080,2011,71,0.0
3560080,2011,72,0.0
3560080,2011,81,0.0
3560080,2011,91,30.0
3560082,2011,11,0.0
3560082,2011,21,0.0
3560082,2011,22,0.0
3560082,2011,23,0.0
3560082,2011,31-33,0.0
3560082,2011,41,0.0
3560082,2011,44-45,0.0
3560082,2011,48-49,0.0
3560082,2011,51,0.0
3560082,2011,52,0.0
3560082,2011,53,0.0
3560082,2011,54,0.0
3560082,2011,55,0.0
3560082,2011,56,0.0
3560082,2011,61,0.0
3560082,2011,62,10.0
3560082,2011,71,0.0
3560082,2011,72,0.0
3560082,2011,81,0.0
3560082,2011,91,10.0
3560083,2011,11,0.0
3560083,2011,21,0.0
3560083,2011,22,0.0
3560083,2011,23,0.0
3560083,2011,31-33,0.0
3560083,2011,41,0.0
3560083,2011,44-45,0.0
3560083,2011,48-49,0.0
3560083,2011,51,0.0
3560083,2011,52,0.0
3560083,2011,53,0.0
3560083,2011,54,0.0
3560083,2011,55,0.0
3560083,2011,56,0.0
3560083,2011,61,0.0
3560083,2011,62,15.0
3560083,2011,71,0.0
3560083,2011,72,0.0
3560083,2011,81,0.0
3560083,2011,91,15.0
3560084,2011,11,0.0
3560084,2011,21,0.0
3560084,2011,22,0.0
3560084,2011,23,0.0
3560084,2011,31-33,0.0
3560084,2011,41,0.0
3560084,2011,44-45,0.0
3560084,2011,48-49,0.0
3560084,2011,51,0.0
3560084,2011,52,0.0
3560084,2011,53,0.0
3560084,2011,54,0.0
3560084,2011,55,0.0
3560084,2011,56,0.0
3560084,2011,61,0.0
3560084,2011,62,10.0
3560084,2011,71,0.0
3560084,2011,72,0.0
3560084,2011,81,0.0
3560084,2011,91,20.0
3560088,2011,11,0.0
3560088,2011,21,0.0
3560088,2011,22,0.0
3560088,2011,23,10.0
3560088,2011,31-33,0.0
3560088,2011,41,0.0
3560088,2011,44-45,0.0
3560088,2011,48-49,0.0
3560088,2011,51,0.0
3560088,2011,52,0.0
3560088,2011,53,0.0
3560088,2011,54,0.0
3560088,2011,55,0.0
3560088,2011,56,0.0
3560088,2011,61,10.0
3560088,2011,62,15.0
3560088,2011,71,0.0
3560088,2011,72,0.0
3560088,2011,81,0.0
3560088,2011,91,60.0
3560089,2011,11,0.0
3560089,2011,21,0.0
3560089,2011,22,0.0
3560089,2011,23,15.0
3560089,2011,31-33,0.0
3560089,2011,41,0.0
3560089,2011,44-45,0.0
3560089,2011,48-49,0.0
3560089,2011,51,0.0
3560089,2011,52,0.0
3560089,2011,53,0.0
3560089,2011,54,0.0
3560089,2011,55,0.0
3560089,2011,56,0.0
3560089,2011,61,0.0
3560089,2011,62,0.0
3560089,2011,71,0.0
3560089,2011,72,0.0
3560089,2011,81,10.0
3560089,2011,91,35.0
3560090,2011,11,165.0
3560090,2011,21,75.0
3560090,2011,22,40.0
3560090,2011,23,290.0
3560090,2011,31-33,290.0
3560090,2011,41,70.0
3560090,2011,44-45,380.0
3560090,2011,48-49,215.0
3560090,2011,51,35.0
3560090,2011,52,120.0
3560090,2011,53,0.0
3560090,2011,54,105.0
3560090,2011,55,0.0
3560090,2011,56,95.0
3560090,2011,61,220.0
3560090,2011,62,580.0
3560090,2011,71,40.0
3560090,2011,72,265.0
3560090,2011,81,190.0
3560090,2011,91,290.0
3560097,2011,11,0.0
3560097,2011,21,0.0
3560097,2011,22,0.0
3560097,2011,23,10.0
3560097,2011,31-33,0.0
3560097,2011,41,0.0
3560097,2011,44-45,0.0
3560097,2011,48-49,0.0
3560097,2011,51,0.0
3560097,2011,52,0.0
3560097,2011,53,0.0
3560097,2011,54,0.0
3560097,2011,55,0.0
3560097,2011,56,0.0
3560097,2011,61,10.0
3560097,2011,62,45.0
3560097,2011,71,0.0
3560097,2011,72,0.0
3560097,2011,81,0.0
3560097,2011,91,60.0
3560104,2011,11,0.0
3560104,2011,21,0.0
3560104,2011,22,0.0
3560104,2011,23,10.0
3560104,2011,31-33,0.0
3560104,2011,41,0.0
3560104,2011,44-45,10.0
3560104,2011,48-49,0.0
3560104,2011,51,0.0
3560104,2011,52,0.0
3560104,2011,53,0.0
3560104,2011,54,0.0
3560104,2011,55,0.0
3560104,2011,56,0.0
3560104,2011,61,15.0
3560104,2011,62,20.0
3560104,2011,71,0.0
3560104,2011,72,0.0
3560104,2011,81,0.0
3560104,2011,91,40.0
CA,2011,11,437650.0
CA,2011,21,261050.0
CA,2011,22,149940.0
CA,2011,23,1215380.0
CA,2011,31-33,1619295.0
CA,2011,41,733445.0
CA,2011,44-45,2031665.0
CA,2011,48-49,827780.0
CA,2011,51,420830.0
CA,2011,52,767960.0
CA,2011,53,321895.0
CA,2011,54,1240850.0
CA,2011,55,17460.0
CA,2011,56,728330.0
CA,2011,61,1301435.0
CA,2011,62,1949650.0
CA,2011,71,363405.0
CA,2011,72,1130750.0
CA,2011,81,807800.0
CA,2011,91,1261050.0
35,2011,11,101280.0
35,2011,21,29985.0
35,2011,22,57035.0
35,2011,23,417900.0
35,2011,31-33,697565.0
35,2011,41,305030.0
35,2011,44-45,751200.0
35,2011,48-49,307405.0
35,2011,51,178720.0
35,2011,52,364415.0
35,2011,53,133980.0
35,2011,54,511020.0
35,2011,55,6525.0
35,2011,56,309630.0
35,2011,61,499690.0
35,2011,62,692130.0
35,2011,71,144065.0
35,2011,72,417675.0
35,2011,81,296340.0
35,2011,91,458665.0
CA,2006,11,523650.0
CA,2006,21,238810.0
CA,2006,22,132950.0
CA,2006,23,1069095.0
CA,2006,31-33,2005980.0
CA,2006,41,739305.0
CA,2006,44-45,1917170.0
CA,2006,48-49,820195.0
CA,2006,51,417320.0
CA,2006,52,689210.0
CA,2006,53,303510.0
CA,2006,54,1122445.0
CA,2006,55,20530.0
CA,2006,56,722695.0
CA,2006,61,1150535.0
CA,2006,62,1716255.0
CA,2006,71,346315.0
CA,2006,72,1126695.0
CA,2006,81,819880.0
CA,2006,91,978615.0
35,2006,11,114345.0
35,2006,21,25445.0
35,2006,22,50215.0
35,2006,23,384780.0
35,2006,31-33,899670.0
35,2006,41,307465.0
35,2006,44-45,720230.0
35,2006,48-49,307480.0
35,2006,51,172795.0
35,2006,52,316170.0
35,2006,53,126440.0
35,2006,54,471620.0
35,2006,55,8440.0
35,2006,56,314005.0
35,2006,61,433485.0
35,2006,62,611740.0
35,2006,71,140830.0
35,2006,72,414970.0
35,2006,81,303515.0
35,2006,91,350075.0
3501005,2006,11,555.0
3501005,2006,21,10.0
3501005,2006,22,40.0
3501005,2006,23,415.0
3501005,2006,31-33,1030.0
3501005,2006,41,295.0
3501005,2006,44-45,610.0
3501005,2006,48-49,570.0
3501005,2006,51,55.0
3501005,2006,52,130.0
3501005,2006,53,75.0
3501005,2006,54,305.0
3501005,2006,55,10.0
3501005,2006,56,405.0
3501005,2006,61,630.0
3501005,2006,62,630.0
3501005,2006,71,120.0
3501005,2006,72,335.0
3501005,2006,81,280.0
3501005,2006,91,355.0
3501011,2006,11,235.0
3501011,2006,21,0.0
3501011,2006,22,90.0
3501011,2006,23,495.0
3501011,2006,31-33,1080.0
3501011,2006,41,225.0
3501011,2006,44-45,620.0
3501011,2006,48-49,455.0
3501011,2006,51,80.0
3501011,2006,52,155.0
3501011,2006,53,70.0
3501011,2006,54,240.0
3501011,2006,55,0.0
3501011,2006,56,335.0
3501011,2006,61,445.0
3501011,2006,62,665.0
3501011,2006,71,265.0
3501011,2006,72,390.0
3501011,2006,81,295.0
3501011,2006,91,425.0
3501012,2006,11,40.0
3501012,2006,21,10.0
3501012,2006,22,75.0
3501012,2006,23,1080.0
3501012,2006,31-33,3345.0
3501012,2006,41,680.0
3501012,2006,44-45,2805.0
3501012,2006,48-49,1410.0
3501012,2006,51,300.0
3501012,2006,52,400.0
3501012,2006,53,300.0
3501012,2006,54,660.0
3501012,2006,55,15.0
3501012,2006,56,1835.0
3501012,2006,61,1365.0
3501012,2006,62,2415.0
3501012,2006,71,225.0
3501012,2006,72,1420.0
3501012,2006,81,870.0
3501012,2006,91,1060.0
3501020,2006,11,410.0
3501020,2006,21,0.0
3501020,2006,22,55.0
3501020,2006,23,425.0
3501020,2006,31-33,805.0
3501020,2006,41,220.0
3501020,2006,44-45,470.0
3501020,2006,48-49,410.0
3501020,2006,51,100.0
3501020,2006,52,180.0
3501020,2006,53,60.0
3501020,2006,54,165.0
3501020,2006,55,0.0
3501020,2006,56,210.0
3501020,2006,61,295.0
3501020,2006,62,495.0
3501020,2006,71,165.0
3501020,2006,72,270.0
3501020,2006,81,245.0
3501020,2006,91,300.0
3501030,2006,11,610.0
3501030,2006,21,10.0
3501030,2006,22,100.0
3501030,2006,23,625.0
3501030,2006,31-33,565.0
3501030,2006,41,215.0
3501030,2006,44-45,550.0
3501030,2006,48-49,325.0
3501030,2006,51,140.0
3501030,2006,52,165.0
3501030,2006,53,70.0
3501030,2006,54,350.0
3501030,2006,55,10.0
3501030,2006,56,230.0
3501030,2006,61,305.0
3501030,2006,62,580.0
3501030,2006,71,110.0
3501030,2006,72,215.0
3501030,2006,81,400.0
3501030,2006,91,565.0
3501042,2006,11,390.0
3501042,2006,21,0.0
3501042,2006,22,45.0
3501042,2006,23,485.0
3501042,2006,31-33,335.0
3501042,2006,41,155.0
3501042,2006,44-45,400.0
3501042,2006,48-49,235.0
3501042,2006,51,90.0
3501042,2006,52,120.0
3501042,2006,53,75.0
3501042,2006,54,155.0
3501042,2006,55,0.0
3501042,2006,56,130.0
3501042,2006,61,220.0
3501042,2006,62,405.0
3501042,2006,71,45.0
3501042,2006,72,110.0
3501042,2006,81,155.0
3501042,2006,91,260.0
3501050,2006,11,430.0
3501050,2006,21,10.0
3501050,2006,22,35.0
3501050,2006,23,355.0
3501050,2006,31-33,955.0
3501050,2006,41,230.0
3501050,2006,44-45,565.0
3501050,2006,48-49,350.0
3501050,2006,51,95.0
3501050,2006,52,160.0
3501050,2006,53,65.0
3501050,2006,54,195.0
3501050,2006,55,0.0
3501050,2006,56,205.0
3501050,2006,61,440.0
3501050,2006,62,565.0
3501050,2006,71,90.0
3501050,2006,72,365.0
3501050,2006,81,160.0
3501050,2006,91,170.0
3502001,2006,11,250.0
3502001,2006,21,10.0
3502001,2006,22,0.0
3502001,2006,23,125.0
3502001,2006,31-33,365.0
3502001,2006,41,60.0
3502001,2006,44-45,210.0
3502001,2006,48-49,135.0
3502001,2006,51,10.0
3502001,2006,52,45.0
3502001,2006,53,25.0
3502001,2006,54,95.0
3502001,2006,55,0.0
3502001,2006,56,80.0
3502001,2006,61,90.0
3502001,2006,62,140.0
3502001,2006,71,35.0
3502001,2006,72,60.0
3502001,2006,81,105.0
3502001,2006,91,75.0
3502008,2006,11,10.0
3502008,2006,21,15.0
3502008,2006,22,0.0
3502008,2006,23,315.0
3502008,2006,31-33,1130.0
3502008,2006,41,160.0
3502008,2006,44-45,835.0
3502008,2006,48-49,150.0
3502008,2006,51,85.0
3502008,2006,52,105.0
3502008,2006,53,60.0
3502008,2006,54,100.0
3502008,2006,55,0.0
3502008,2006,56,210.0
3502008,2006,61,340.0
3502008,2006,62,575.0
3502008,2006,71,35.0
3502008,2006,72,390.0
3502008,2006,81,165.0
3502008,2006,91,190.0
3502010,2006,11,210.0
3502010,2006,21,10.0
3502010,2006,22,30.0
3502010,2006,23,315.0
3502010,2006,31-33,885.0
3502010,2006,41,220.0
3502010,2006,44-45,590.0
3502010,2006,48-49,240.0
3502010,2006,51,60.0
3502010,2006,52,75.0
3502010,2006,53,90.0
3502010,2006,54,210.0
3502010,2006,55,0.0
3502010,2006,56,130.0
3502010,2006,61,400.0
3502010,2006,62,500.0
3502010,2006,71,30.0
3502010,2006,72,185.0
3502010,2006,81,245.0
3502010,2006,91,200.0
3502023,2006,11,260.0
3502023,2006,21,30.0
3502023,2006,22,25.0
3502023,2006,23,610.0
3502023,2006,31-33,455.0
3502023,2006,41,115.0
3502023,2006,44-45,420.0
3502023,2006,48-49,250.0
3502023,2006,51,45.0
3502023,2006,52,130.0
3502023,2006,53,30.0
3502023,2006,54,125.0
3502023,2006,55,0.0
3502023,2006,56,160.0
3502023,2006,61,325.0
3502023,2006,62,465.0
3502023,2006,71,70.0
3502023,2006,72,240.0
3502023,2006,81,285.0
3502023,2006,91,445.0
3502025,2006,11,610.0
3502025,2006,21,10.0
3502025,2006,22,10.0
3502025,2006,23,745.0
3502025,2006,31-33,460.0
3502025,2006,41,170.0
3502025,2006,44-45,670.0
3502025,2006,48-49,445.0
3502025,2006,51,160.0
3502025,2006,52,160.0
3502025,2006,53,95.0
3502025,2006,54,280.0
3502025,2006,55,0.0
3502025,2006,56,260.0
3502025,2006,61,395.0
3502025,2006,62,545.0
3502025,2006,71,80.0
3502025,2006,72,200.0
3502025,2006,81,300.0
3502025,2006,91,705.0
3502036,2006,11,205.0
3502036,2006,21,15.0
3502036,2006,22,35.0
3502036,2006,23,1335.0
3502036,2006,31-33,490.0
3502036,2006,41,325.0
3502036,2006,44-45,1340.0
3502036,2006,48-49,665.0
3502036,2006,51,250.0
3502036,2006,52,330.0
3502036,2006,53,160.0
3502036,2006,54,605.0
3502036,2006,55,10.0
3502036,2006,56,525.0
3502036,2006,61,570.0
3502036,2006,62,1385.0
3502036,2006,71,220.0
3502036,2006,72,370.0
3502036,2006,81,600.0
3502036,2006,91,2275.0
3502044,2006,11,10.0
3502044,2006,21,0.0
3502044,2006,22,10.0
3502044,2006,23,95.0
3502044,2006,31-33,70.0
3502044,2006,41,95.0
3502044,2006,44-45,185.0
3502044,2006,48-49,70.0
3502044,2006,51,35.0
3502044,2006,52,90.0
3502044,2006,53,40.0
3502044,2006,54,115.0
3502044,2006,55,0.0
3502044,2006,56,65.0
3502044,2006,61,255.0
3502044,2006,62,225.0
3502044,2006,71,45.0
3502044,2006,72,105.0
3502044,2006,81,95.0
3502044,2006,91,255.0
3502048,2006,11,220.0
3502048,2006,21,15.0
3502048,2006,22,20.0
3502048,2006,23,655.0
3502048,2006,31-33,310.0
3502048,2006,41,410.0
3502048,2006,44-45,705.0
3502048,2006,48-49,420.0
3502048,2006,51,130.0
3502048,2006,52,255.0
3502048,2006,53,105.0
3502048,2006,54,500.0
3502048,2006,55,15.0
3502048,2006,56,265.0
3502048,2006,61,665.0
3502048,2006,62,795.0
3502048,2006,71,90.0
3502048,2006,72,275.0
3502048,2006,81,350.0
3502048,2006,91,1655.0
3506008,2006,11,2440.0
3506008,2006,21,465.0
3506008,2006,22,1385.0
3506008,2006,23,18035.0
3506008,2006,31-33,20950.0
3506008,2006,41,11520.0
3506008,2006,44-45,46315.0
3506008,2006,48-49,14780.0
3506008,2006,51,14890.0
3506008,2006,52,14750.0
3506008,2006,53,8185.0
3506008,2006,54,50110.0
3506008,2006,55,255.0
3506008,2006,56,21475.0
3506008,2006,61,30825.0
3506008,2006,62,43255.0
3506008,2006,71,9315.0
3506008,2006,72,27805.0
3506008,2006,81,21730.0
3506008,2006,91,90250.0
3507004,2006,11,135.0
3507004,2006,21,20.0
3507004,2006,22,20.0
3507004,2006,23,275.0
3507004,2006,31-33,500.0
3507004,2006,41,100.0
3507004,2006,44-45,300.0
3507004,2006,48-49,230.0
3507004,2006,51,45.0
3507004,2006,52,45.0
3507004,2006,53,30.0
3507004,2006,54,155.0
3507004,2006,55,0.0
3507004,2006,56,155.0
3507004,2006,61,225.0
3507004,2006,62,375.0
3507004,2006,71,80.0
3507004,2006,72,170.0
3507004,2006,81,160.0
3507004,2006,91,220.0
3507006,2006,11,155.0
3507006,2006,21,15.0
3507006,2006,22,30.0
3507006,2006,23,280.0
3507006,2006,31-33,615.0
3507006,2006,41,155.0
3507006,2006,44-45,505.0
3507006,2006,48-49,255.0
3507006,2006,51,50.0
3507006,2006,52,95.0
3507006,2006,53,45.0
3507006,2006,54,150.0
3507006,2006,55,0.0
3507006,2006,56,200.0
3507006,2006,61,210.0
3507006,2006,62,575.0
3507006,2006,71,45.0
3507006,2006,72,175.0
3507006,2006,81,185.0
3507006,2006,91,205.0
3507008,2006,11,0.0
3507008,2006,21,10.0
3507008,2006,22,0.0
3507008,2006,23,155.0
3507008,2006,31-33,365.0
3507008,2006,41,30.0
3507008,2006,44-45,240.0
3507008,2006,48-49,160.0
3507008,2006,51,15.0
3507008,2006,52,20.0
3507008,2006,53,10.0
3507008,2006,54,70.0
3507008,2006,55,0.0
3507008,2006,56,105.0
3507008,2006,61,40.0
3507008,2006,62,250.0
3507008,2006,71,35.0
3507008,2006,72,120.0
3507008,2006,81,85.0
3507008,2006,91,125.0
3507014,2006,11,230.0
3507014,2006,21,0.0
3507014,2006,22,40.0
3507014,2006,23,365.0
3507014,2006,31-33,775.0
3507014,2006,41,200.0
3507014,2006,44-45,655.0
3507014,2006,48-49,230.0
3507014,2006,51,105.0
3507014,2006,52,90.0
3507014,2006,53,90.0
3507014,2006,54,195.0
3507014,2006,55,0.0
3507014,2006,56,325.0
3507014,2006,61,260.0
3507014,2006,62,805.0
3507014,2006,71,175.0
3507014,2006,72,425.0
3507014,2006,81,255.0
3507014,2006,91,285.0
3507015,2006,11,55.0
3507015,2006,21,20.0
3507015,2006,22,30.0
3507015,2006,23,425.0
3507015,2006,31-33,1655.0
3507015,2006,41,430.0
3507015,2006,44-45,1290.0
3507015,2006,48-49,395.0
3507015,2006,51,185.0
3507015,2006,52,170.0
3507015,2006,53,160.0
3507015,2006,54,335.0
3507015,2006,55,15.0
3507015,2006,56,870.0
3507015,2006,61,700.0
3507015,2006,62,1540.0
3507015,2006,71,195.0
3507015,2006,72,820.0
3507015,2006,81,485.0
3507015,2006,91,470.0
3507017,2006,11,65.0
3507017,2006,21,0.0
3507017,2006,22,0.0
3507017,2006,23,130.0
3507017,2006,31-33,270.0
3507017,2006,41,125.0
3507017,2006,44-45,150.0
3507017,2006,48-49,100.0
3507017,2006,51,10.0
3507017,2006,52,30.0
3507017,2006,53,0.0
3507017,2006,54,55.0
3507017,2006,55,0.0
3507017,2006,56,125.0
3507017,2006,61,95.0
3507017,2006,62,165.0
3507017,2006,71,40.0
3507017,2006,72,115.0
3507017,2006,81,50.0
3507017,2006,91,75.0
3507021,2006,11,255.0
3507021,2006,21,10.0
3507021,2006,22,15.0
3507021,2006,23,445.0
3507021,2006,31-33,565.0
3507021,2006,41,130.0
3507021,2006,44-45,475.0
3507021,2006,48-49,355.0
3507021,2006,51,70.0
3507021,2006,52,115.0
3507021,2006,53,75.0
3507021,2006,54,230.0
3507021,2006,55,15.0
3507021,2006,56,210.0
3507021,2006,61,340.0
3507021,2006,62,575.0
3507021,2006,71,250.0
3507021,2006,72,420.0
3507021,2006,81,175.0
3507021,2006,91,410.0
3507024,2006,11,20.0
3507024,2006,21,10.0
3507024,2006,22,25.0
3507024,2006,23,190.0
3507024,2006,31-33,320.0
3507024,2006,41,70.0
3507024,2006,44-45,310.0
3507024,2006,48-49,145.0
3507024,2006,51,50.0
3507024,2006,52,35.0
3507024,2006,53,55.0
3507024,2006,54,95.0
3507024,2006,55,0.0
3507024,2006,56,145.0
3507024,2006,61,95.0
3507024,2006,62,265.0
3507024,2006,71,190.0
3507024,2006,72,335.0
3507024,2006,81,185.0
3507024,2006,91,205.0
3507033,2006,11,0.0
3507033,2006,21,0.0
3507033,2006,22,0.0
3507033,2006,23,30.0
3507033,2006,31-33,15.0
3507033,2006,41,10.0
3507033,2006,44-45,50.0
3507033,2006,48-49,0.0
3507033,2006,51,10.0
3507033,2006,52,15.0
3507033,2006,53,15.0
3507033,2006,54,0.0
3507033,2006,55,10.0
3507033,2006,56,25.0
3507033,2006,61,25.0
3507033,2006,62,25.0
3507033,2006,71,15.0
3507033,2006,72,45.0
3507033,2006,81,20.0
3507033,2006,91,25.0
3507040,2006,11,245.0
3507040,2006,21,15.0
3507040,2006,22,25.0
3507040,2006,23,500.0
3507040,2006,31-33,760.0
3507040,2006,41,150.0
3507040,2006,44-45,670.0
3507040,2006,48-49,250.0
3507040,2006,51,80.0
3507040,2006,52,90.0
3507040,2006,53,95.0
3507040,2006,54,245.0
3507040,2006,55,0.0
3507040,2006,56,175.0
3507040,2006,61,300.0
3507040,2006,62,525.0
3507040,2006,71,200.0
3507040,2006,72,360.0
3507040,2006,81,265.0
3507040,2006,91,290.0
3507042,2006,11,60.0
3507042,2006,21,10.0
3507042,2006,22,15.0
3507042,2006,23,110.0
3507042,2006,31-33,395.0
3507042,2006,41,25.0
3507042,2006,44-45,215.0
3507042,2006,48-49,85.0
3507042,2006,51,10.0
3507042,2006,52,35.0
3507042,2006,53,45.0
3507042,2006,54,15.0
3507042,2006,55,0.0
3507042,2006,56,55.0
3507042,2006,61,50.0
3507042,2006,62,205.0
3507042,2006,71,35.0
3507042,2006,72,75.0
3507042,2006,81,80.0
3507042,2006,91,55.0
3507052,2006,11,45.0
3507052,2006,21,0.0
3507052,2006,22,0.0
3507052,2006,23,125.0
3507052,2006,31-33,185.0
3507052,2006,41,35.0
3507052,2006,44-45,130.0
3507052,2006,48-49,50.0
3507052,2006,51,20.0
3507052,2006,52,45.0
3507052,2006,53,10.0
3507052,2006,54,115.0
3507052,2006,55,0.0
3507052,2006,56,65.0
3507052,2006,61,145.0
3507052,2006,62,175.0
3507052,2006,71,35.0
3507052,2006,72,105.0
3507052,2006,81,35.0
3507052,2006,91,150.0
3507065,2006,11,245.0
3507065,2006,21,15.0
3507065,2006,22,25.0
3507065,2006,23,650.0
3507065,2006,31-33,420.0
3507065,2006,41,225.0
3507065,2006,44-45,965.0
3507065,2006,48-49,420.0
3507065,2006,51,175.0
3507065,2006,52,200.0
3507065,2006,53,135.0
3507065,2006,54,610.0
3507065,2006,55,20.0
3507065,2006,56,365.0
3507065,2006,61,445.0
3507065,2006,62,875.0
3507065,2006,71,150.0
3507065,2006,72,440.0
3507065,2006,81,400.0
3507065,2006,91,1045.0
3509001,2006,11,65.0
3509001,2006,21,0.0
3509001,2006,22,20.0
3509001,2006,23,105.0
3509001,2006,31-33,190.0
3509001,2006,41,70.0
3509001,2006,44-45,240.0
3509001,2006,48-49,80.0
3509001,2006,51,40.0
3509001,2006,52,20.0
3509001,2006,53,25.0
3509001,2006,54,100.0
3509001,2006,55,0.0
3509001,2006,56,35.0
3509001,2006,61,55.0
3509001,2006,62,215.0
3509001,2006,71,20.0
3509001,2006,72,145.0
3509001,2006,81,100.0
3509001,2006,91,165.0
3509004,2006,11,25.0
3509004,2006,21,0.0
3509004,2006,22,15.0
3509004,2006,23,210.0
3509004,2006,31-33,660.0
3509004,2006,41,95.0
3509004,2006,44-45,605.0
3509004,2006,48-49,195.0
3509004,2006,51,75.0
3509004,2006,52,95.0
3509004,2006,53,45.0
3509004,2006,54,100.0
3509004,2006,55,0.0
3509004,2006,56,180.0
3509004,2006,61,95.0
3509004,2006,62,650.0
3509004,2006,71,70.0
3509004,2006,72,290.0
3509004,2006,81,240.0
3509004,2006,91,225.0
3509010,2006,11,155.0
3509010,2006,21,15.0
3509010,2006,22,55.0
3509010,2006,23,330.0
3509010,2006,31-33,400.0
3509010,2006,41,110.0
3509010,2006,44-45,550.0
3509010,2006,48-49,200.0
3509010,2006,51,35.0
3509010,2006,52,105.0
3509010,2006,53,40.0
3509010,2006,54,170.0
3509010,2006,55,0.0
3509010,2006,56,115.0
3509010,2006,61,290.0
3509010,2006,62,460.0
3509010,2006,71,105.0
3509010,2006,72,210.0
3509010,2006,81,200.0
3509010,2006,91,265.0
3509015,2006,11,155.0
3509015,2006,21,45.0
3509015,2006,22,65.0
3509015,2006,23,320.0
3509015,2006,31-33,325.0
3509015,2006,41,140.0
3509015,2006,44-45,430.0
3509015,2006,48-49,130.0
3509015,2006,51,60.0
3509015,2006,52,55.0
3509015,2006,53,40.0
3509015,2006,54,200.0
3509015,2006,55,0.0
3509015,2006,56,145.0
3509015,2006,61,165.0
3509015,2006,62,350.0
3509015,2006,71,20.0
3509015,2006,72,130.0
3509015,2006,81,135.0
3509015,2006,91,165.0
3509021,2006,11,15.0
3509021,2006,21,30.0
3509021,2006,22,10.0
3509021,2006,23,165.0
3509021,2006,31-33,260.0
3509021,2006,41,65.0
3509021,2006,44-45,420.0
3509021,2006,48-49,65.0
3509021,2006,51,30.0
3509021,2006,52,75.0
3509021,2006,53,20.0
3509021,2006,54,150.0
3509021,2006,55,0.0
3509021,2006,56,85.0
3509021,2006,61,210.0
3509021,2006,62,435.0
3509021,2006,71,45.0
3509021,2006,72,255.0
3509021,2006,81,155.0
3509021,2006,91,120.0
3509024,2006,11,100.0
3509024,2006,21,15.0
3509024,2006,22,55.0
3509024,2006,23,235.0
3509024,2006,31-33,390.0
3509024,2006,41,155.0
3509024,2006,44-45,425.0
3509024,2006,48-49,85.0
3509024,2006,51,100.0
3509024,2006,52,75.0
3509024,2006,53,85.0
3509024,2006,54,370.0
3509024,2006,55,0.0
3509024,2006,56,180.0
3509024,2006,61,170.0
3509024,2006,62,385.0
3509024,2006,71,95.0
3509024,2006,72,170.0
3509024,2006,81,160.0
3509024,2006,91,460.0
3509028,2006,11,15.0
3509028,2006,21,15.0
3509028,2006,22,10.0
3509028,2006,23,400.0
3509028,2006,31-33,540.0
3509028,2006,41,190.0
3509028,2006,44-45,730.0
3509028,2006,48-49,195.0
3509028,2006,51,95.0
3509028,2006,52,105.0
3509028,2006,53,115.0
3509028,2006,54,280.0
3509028,2006,55,0.0
3509028,2006,56,190.0
3509028,2006,61,255.0
3509028,2006,62,600.0
3509028,2006,71,80.0
3509028,2006,72,285.0
3509028,2006,81,305.0
3509028,2006,91,525.0
3509030,2006,11,265.0
3509030,2006,21,15.0
3509030,2006,22,45.0
3509030,2006,23,625.0
3509030,2006,31-33,685.0
3509030,2006,41,260.0
3509030,2006,44-45,675.0
3509030,2006,48-49,215.0
3509030,2006,51,185.0
3509030,2006,52,115.0
3509030,2006,53,85.0
3509030,2006,54,570.0
3509030,2006,55,0.0
3509030,2006,56,255.0
3509030,2006,61,445.0
3509030,2006,62,825.0
3509030,2006,71,140.0
3509030,2006,72,300.0
3509030,2006,81,260.0
3509030,2006,91,585.0
3509039,2006,11,140.0
3509039,2006,21,25.0
3509039,2006,22,45.0
3509039,2006,23,335.0
3509039,2006,31-33,295.0
3509039,2006,41,120.0
3509039,2006,44-45,380.0
3509039,2006,48-49,125.0
3509039,2006,51,40.0
3509039,2006,52,50.0
3509039,2006,53,25.0
3509039,2006,54,150.0
3509039,2006,55,0.0
3509039,2006,56,120.0
3509039,2006,61,115.0
3509039,2006,62,230.0
3509039,2006,71,45.0
3509039,2006,72,165.0
3509039,2006,81,205.0
3509039,2006,91,180.0
3510005,2006,11,85.0
3510005,2006,21,0.0
3510005,2006,22,15.0
3510005,2006,23,90.0
3510005,2006,31-33,100.0
3510005,2006,41,20.0
3510005,2006,44-45,110.0
3510005,2006,48-49,60.0
3510005,2006,51,30.0
3510005,2006,52,20.0
3510005,2006,53,30.0
3510005,2006,54,30.0
3510005,2006,55,0.0
3510005,2006,56,50.0
3510005,2006,61,125.0
3510005,2006,62,95.0
3510005,2006,71,15.0
3510005,2006,72,100.0
3510005,2006,81,40.0
3510005,2006,91,50.0
3510010,2006,11,335.0
3510010,2006,21,60.0
3510010,2006,22,255.0
3510010,2006,23,3060.0
3510010,2006,31-33,2845.0
3510010,2006,41,1210.0
3510010,2006,44-45,7325.0
3510010,2006,48-49,1730.0
3510010,2006,51,1055.0
3510010,2006,52,1760.0
3510010,2006,53,1235.0
3510010,2006,54,2875.0
3510010,2006,55,55.0
3510010,2006,56,2980.0
3510010,2006,61,8150.0
3510010,2006,62,8860.0
3510010,2006,71,1200.0
3510010,2006,72,5190.0
3510010,2006,81,2640.0
3510010,2006,91,7495.0
3510020,2006,11,235.0
3510020,2006,21,40.0
3510020,2006,22,105.0
3510020,2006,23,1010.0
3510020,2006,31-33,770.0
3510020,2006,41,425.0
3510020,2006,44-45,1160.0
3510020,2006,48-49,370.0
3510020,2006,51,145.0
3510020,2006,52,300.0
3510020,2006,53,190.0
3510020,2006,54,375.0
3510020,2006,55,0.0
3510020,2006,56,455.0
3510020,2006,61,1055.0
3510020,2006,62,1280.0
3510020,2006,71,160.0
3510020,2006,72,510.0
3510020,2006,81,395.0
3510020,2006,91,1095.0
3510035,2006,11,45.0
3510035,2006,21,0.0
3510035,2006,22,20.0
3510035,2006,23,195.0
3510035,2006,31-33,175.0
3510035,2006,41,50.0
3510035,2006,44-45,235.0
3510035,2006,48-49,120.0
3510035,2006,51,35.0
3510035,2006,52,40.0
3510035,2006,53,25.0
3510035,2006,54,60.0
3510035,2006,55,0.0
3510035,2006,56,100.0
3510035,2006,61,160.0
3510035,2006,62,195.0
3510035,2006,71,60.0
3510035,2006,72,135.0
3510035,2006,81,85.0
3510035,2006,91,110.0
3510045,2006,11,45.0
3510045,2006,21,0.0
3510045,2006,22,15.0
3510045,2006,23,145.0
3510045,2006,31-33,40.0
3510045,2006,41,10.0
3510045,2006,44-45,75.0
3510045,2006,48-49,30.0
3510045,2006,51,0.0
3510045,2006,52,10.0
3510045,2006,53,0.0
3510045,2006,54,25.0
3510045,2006,55,0.0
3510045,2006,56,25.0
3510045,2006,61,55.0
3510045,2006,62,50.0
3510045,2006,71,25.0
3510045,2006,72,120.0
3510045,2006,81,40.0
3510045,2006,91,95.0
3511005,2006,11,100.0
3511005,2006,21,10.0
3511005,2006,22,75.0
3511005,2006,23,605.0
3511005,2006,31-33,585.0
3511005,2006,41,165.0
3511005,2006,44-45,1105.0
3511005,2006,48-49,295.0
3511005,2006,51,140.0
3511005,2006,52,210.0
3511005,2006,53,115.0
3511005,2006,54,255.0
3511005,2006,55,0.0
3511005,2006,56,320.0
3511005,2006,61,545.0
3511005,2006,62,1065.0
3511005,2006,71,155.0
3511005,2006,72,425.0
3511005,2006,81,405.0
3511005,2006,91,985.0
3511015,2006,11,405.0
3511015,2006,21,10.0
3511015,2006,22,70.0
3511015,2006,23,595.0
3511015,2006,31-33,965.0
3511015,2006,41,225.0
3511015,2006,44-45,915.0
3511015,2006,48-49,360.0
3511015,2006,51,165.0
3511015,2006,52,140.0
3511015,2006,53,145.0
3511015,2006,54,300.0
3511015,2006,55,0.0
3511015,2006,56,290.0
3511015,2006,61,465.0
3511015,2006,62,855.0
3511015,2006,71,120.0
3511015,2006,72,585.0
3511015,2006,81,390.0
3511015,2006,91,580.0
3511030,2006,11,190.0
3511030,2006,21,10.0
3511030,2006,22,60.0
3511030,2006,23,425.0
3511030,2006,31-33,505.0
3511030,2006,41,60.0
3511030,2006,44-45,350.0
3511030,2006,48-49,230.0
3511030,2006,51,60.0
3511030,2006,52,90.0
3511030,2006,53,55.0
3511030,2006,54,145.0
3511030,2006,55,10.0
3511030,2006,56,150.0
3511030,2006,61,325.0
3511030,2006,62,625.0
3511030,2006,71,75.0
3511030,2006,72,215.0
3511030,2006,81,150.0
3511030,2006,91,340.0
3511035,2006,11,80.0
3511035,2006,21,15.0
3511035,2006,22,20.0
3511035,2006,23,205.0
3511035,2006,31-33,70.0
3511035,2006,41,25.0
3511035,2006,44-45,140.0
3511035,2006,48-49,25.0
3511035,2006,51,10.0
3511035,2006,52,0.0
3511035,2006,53,0.0
3511035,2006,54,10.0
3511035,2006,55,0.0
3511035,2006,56,55.0
3511035,2006,61,30.0
3511035,2006,62,95.0
3511035,2006,71,15.0
3511035,2006,72,75.0
3511035,2006,81,30.0
3511035,2006,91,35.0
3512001,2006,11,145.0
3512001,2006,21,10.0
3512001,2006,22,20.0
3512001,2006,23,265.0
3512001,2006,31-33,290.0
3512001,2006,41,100.0
3512001,2006,44-45,340.0
3512001,2006,48-49,235.0
3512001,2006,51,20.0
3512001,2006,52,40.0
3512001,2006,53,15.0
3512001,2006,54,55.0
3512001,2006,55,0.0
3512001,2006,56,95.0
3512001,2006,61,95.0
3512001,2006,62,190.0
3512001,2006,71,15.0
3512001,2006,72,180.0
3512001,2006,81,80.0
3512001,2006,91,125.0
3512002,2006,11,30.0
3512002,2006,21,0.0
3512002,2006,22,0.0
3512002,2006,23,35.0
3512002,2006,31-33,175.0
3512002,2006,41,30.0
3512002,2006,44-45,170.0
3512002,2006,48-49,30.0
3512002,2006,51,0.0
3512002,2006,52,10.0
3512002,2006,53,0.0
3512002,2006,54,30.0
3512002,2006,55,0.0
3512002,2006,56,65.0
3512002,2006,61,25.0
3512002,2006,62,120.0
3512002,2006,71,0.0
3512002,2006,72,95.0
3512002,2006,81,70.0
3512002,2006,91,35.0
3512005,2006,11,300.0
3512005,2006,21,45.0
3512005,2006,22,140.0
3512005,2006,23,1255.0
3512005,2006,31-33,3595.0
3512005,2006,41,650.0
3512005,2006,44-45,4175.0
3512005,2006,48-49,1140.0
3512005,2006,51,385.0
3512005,2006,52,640.0
3512005,2006,53,535.0
3512005,2006,54,1265.0
3512005,2006,55,0.0
3512005,2006,56,1800.0
3512005,2006,61,1655.0
3512005,2006,62,2890.0
3512005,2006,71,295.0
3512005,2006,72,1980.0
3512005,2006,81,1015.0
3512005,2006,91,1215.0
3512015,2006,11,340.0
3512015,2006,21,25.0
3512015,2006,22,190.0
3512015,2006,23,1105.0
3512015,2006,31-33,3460.0
3512015,2006,41,615.0
3512015,2006,44-45,3140.0
3512015,2006,48-49,1205.0
3512015,2006,51,370.0
3512015,2006,52,320.0
3512015,2006,53,355.0
3512015,2006,54,680.0
3512015,2006,55,10.0
3512015,2006,56,1365.0
3512015,2006,61,900.0
3512015,2006,62,1785.0
3512015,2006,71,355.0
3512015,2006,72,1250.0
3512015,2006,81,935.0
3512015,2006,91,3290.0
3512020,2006,11,180.0
3512020,2006,21,0.0
3512020,2006,22,25.0
3512020,2006,23,180.0
3512020,2006,31-33,350.0
3512020,2006,41,150.0
3512020,2006,44-45,455.0
3512020,2006,48-49,155.0
3512020,2006,51,35.0
3512020,2006,52,35.0
3512020,2006,53,15.0
3512020,2006,54,130.0
3512020,2006,55,0.0
3512020,2006,56,105.0
3512020,2006,61,180.0
3512020,2006,62,195.0
3512020,2006,71,65.0
3512020,2006,72,135.0
3512020,2006,81,95.0
3512020,2006,91,110.0
3512026,2006,11,85.0
3512026,2006,21,45.0
3512026,2006,22,30.0
3512026,2006,23,200.0
3512026,2006,31-33,295.0
3512026,2006,41,75.0
3512026,2006,44-45,290.0
3512026,2006,48-49,150.0
3512026,2006,51,30.0
3512026,2006,52,30.0
3512026,2006,53,35.0
3512026,2006,54,70.0
3512026,2006,55,10.0
3512026,2006,56,85.0
3512026,2006,61,150.0
3512026,2006,62,220.0
3512026,2006,71,30.0
3512026,2006,72,100.0
3512026,2006,81,95.0
3512026,2006,91,125.0
3512030,2006,11,190.0
3512030,2006,21,25.0
3512030,2006,22,25.0
3512030,2006,23,240.0
3512030,2006,31-33,425.0
3512030,2006,41,125.0
3512030,2006,44-45,365.0
3512030,2006,48-49,115.0
3512030,2006,51,20.0
3512030,2006,52,30.0
3512030,2006,53,50.0
3512030,2006,54,95.0
3512030,2006,55,0.0
3512030,2006,56,85.0
3512030,2006,61,190.0
3512030,2006,62,290.0
3512030,2006,71,50.0
3512030,2006,72,115.0
3512030,2006,81,90.0
3512030,2006,91,125.0
3512036,2006,11,80.0
3512036,2006,21,0.0
3512036,2006,22,30.0
3512036,2006,23,120.0
3512036,2006,31-33,80.0
3512036,2006,41,40.0
3512036,2006,44-45,140.0
3512036,2006,48-49,100.0
3512036,2006,51,10.0
3512036,2006,52,20.0
3512036,2006,53,10.0
3512036,2006,54,10.0
3512036,2006,55,0.0
3512036,2006,56,30.0
3512036,2006,61,75.0
3512036,2006,62,85.0
3512036,2006,71,20.0
3512036,2006,72,70.0
3512036,2006,81,55.0
3512036,2006,91,60.0
3512046,2006,11,50.0
3512046,2006,21,15.0
3512046,2006,22,15.0
3512046,2006,23,145.0
3512046,2006,31-33,190.0
3512046,2006,41,40.0
3512046,2006,44-45,205.0
3512046,2006,48-49,130.0
3512046,2006,51,40.0
3512046,2006,52,15.0
3512046,2006,53,60.0
3512046,2006,54,35.0
3512046,2006,55,0.0
3512046,2006,56,80.0
3512046,2006,61,85.0
3512046,2006,62,135.0
3512046,2006,71,15.0
3512046,2006,72,95.0
3512046,2006,81,50.0
3512046,2006,91,75.0
3512048,2006,11,25.0
3512048,2006,21,0.0
3512048,2006,22,0.0
3512048,2006,23,70.0
3512048,2006,31-33,25.0
3512048,2006,41,0.0
3512048,2006,44-45,75.0
3512048,2006,48-49,25.0
3512048,2006,51,0.0
3512048,2006,52,0.0
3512048,2006,53,0.0
3512048,2006,54,10.0
3512048,2006,55,0.0
3512048,2006,56,35.0
3512048,2006,61,0.0
3512048,2006,62,20.0
3512048,2006,71,0.0
3512048,2006,72,20.0
3512048,2006,81,15.0
3512048,2006,91,0.0
3512051,2006,11,25.0
3512051,2006,21,0.0
3512051,2006,22,0.0
3512051,2006,23,40.0
3512051,2006,31-33,0.0
3512051,2006,41,0.0
3512051,2006,44-45,10.0
3512051,2006,48-49,15.0
3512051,2006,51,0.0
3512051,2006,52,10.0
3512051,2006,53,0.0
3512051,2006,54,20.0
3512051,2006,55,0.0
3512051,2006,56,10.0
3512051,2006,61,0.0
3512051,2006,62,0.0
3512051,2006,71,0.0
3512051,2006,72,10.0
3512051,2006,81,0.0
3512051,2006,91,10.0
3512054,2006,11,45.0
3512054,2006,21,10.0
3512054,2006,22,0.0
3512054,2006,23,45.0
3512054,2006,31-33,20.0
3512054,2006,41,0.0
3512054,2006,44-45,0.0
3512054,2006,48-49,20.0
3512054,2006,51,0.0
3512054,2006,52,10.0
3512054,2006,53,0.0
3512054,2006,54,10.0
3512054,2006,55,0.0
3512054,2006,56,40.0
3512054,2006,61,20.0
3512054,2006,62,25.0
3512054,2006,71,0.0
3512054,2006,72,20.0
3512054,2006,81,25.0
3512054,2006,91,15.0
3512058,2006,11,30.0
3512058,2006,21,0.0
3512058,2006,22,15.0
3512058,2006,23,65.0
3512058,2006,31-33,35.0
3512058,2006,41,10.0
3512058,2006,44-45,110.0
3512058,2006,48-49,35.0
3512058,2006,51,15.0
3512058,2006,52,10.0
3512058,2006,53,10.0
3512058,2006,54,20.0
3512058,2006,55,0.0
3512058,2006,56,0.0
3512058,2006,61,35.0
3512058,2006,62,65.0
3512058,2006,71,10.0
3512058,2006,72,50.0
3512058,2006,81,35.0
3512058,2006,91,15.0
3512061,2006,11,120.0
3512061,2006,21,10.0
3512061,2006,22,15.0
3512061,2006,23,195.0
3512061,2006,31-33,95.0
3512061,2006,41,30.0
3512061,2006,44-45,300.0
3512061,2006,48-49,70.0
3512061,2006,51,20.0
3512061,2006,52,55.0
3512061,2006,53,15.0
3512061,2006,54,95.0
3512061,2006,55,0.0
3512061,2006,56,20.0
3512061,2006,61,85.0
3512061,2006,62,235.0
3512061,2006,71,30.0
3512061,2006,72,145.0
3512061,2006,81,115.0
3512061,2006,91,45.0
3512065,2006,11,25.0
3512065,2006,21,0.0
3512065,2006,22,0.0
3512065,2006,23,95.0
3512065,2006,31-33,40.0
3512065,2006,41,25.0
3512065,2006,44-45,60.0
3512065,2006,48-49,0.0
3512065,2006,51,10.0
3512065,2006,52,0.0
3512065,2006,53,25.0
3512065,2006,54,10.0
3512065,2006,55,0.0
3512065,2006,56,10.0
3512065,2006,61,15.0
3512065,2006,62,45.0
3512065,2006,71,20.0
3512065,2006,72,10.0
3512065,2006,81,20.0
3512065,2006,91,10.0
3512076,2006,11,140.0
3512076,2006,21,20.0
3512076,2006,22,10.0
3512076,2006,23,215.0
3512076,2006,31-33,130.0
3512076,2006,41,25.0
3512076,2006,44-45,290.0
3512076,2006,48-49,85.0
3512076,2006,51,25.0
3512076,2006,52,45.0
3512076,2006,53,55.0
3512076,2006,54,75.0
3512076,2006,55,0.0
3512076,2006,56,75.0
3512076,2006,61,85.0
3512076,2006,62,100.0
3512076,2006,71,50.0
3512076,2006,72,110.0
3512076,2006,81,130.0
3512076,2006,91,70.0
3513020,2006,11,935.0
3513020,2006,21,0.0
3513020,2006,22,120.0
3513020,2006,23,880.0
3513020,2006,31-33,1400.0
3513020,2006,41,370.0
3513020,2006,44-45,1350.0
3513020,2006,48-49,520.0
3513020,2006,51,220.0
3513020,2006,52,275.0
3513020,2006,53,275.0
3513020,2006,54,645.0
3513020,2006,55,0.0
3513020,2006,56,640.0
3513020,2006,61,905.0
3513020,2006,62,1515.0
3513020,2006,71,305.0
3513020,2006,72,955.0
3513020,2006,81,515.0
3513020,2006,91,615.0
3514004,2006,11,220.0
3514004,2006,21,15.0
3514004,2006,22,30.0
3514004,2006,23,440.0
3514004,2006,31-33,645.0
3514004,2006,41,160.0
3514004,2006,44-45,585.0
3514004,2006,48-49,170.0
3514004,2006,51,65.0
3514004,2006,52,120.0
3514004,2006,53,55.0
3514004,2006,54,260.0
3514004,2006,55,0.0
3514004,2006,56,270.0
3514004,2006,61,250.0
3514004,2006,62,365.0
3514004,2006,71,50.0
3514004,2006,72,265.0
3514004,2006,81,185.0
3514004,2006,91,405.0
3514014,2006,11,125.0
3514014,2006,21,0.0
3514014,2006,22,55.0
3514014,2006,23,200.0
3514014,2006,31-33,670.0
3514014,2006,41,120.0
3514014,2006,44-45,335.0
3514014,2006,48-49,165.0
3514014,2006,51,35.0
3514014,2006,52,55.0
3514014,2006,53,15.0
3514014,2006,54,135.0
3514014,2006,55,0.0
3514014,2006,56,140.0
3514014,2006,61,135.0
3514014,2006,62,285.0
3514014,2006,71,30.0
3514014,2006,72,130.0
3514014,2006,81,250.0
3514014,2006,91,115.0
3514019,2006,11,105.0
3514019,2006,21,25.0
3514019,2006,22,250.0
3514019,2006,23,510.0
3514019,2006,31-33,1265.0
3514019,2006,41,215.0
3514019,2006,44-45,665.0
3514019,2006,48-49,250.0
3514019,2006,51,100.0
3514019,2006,52,150.0
3514019,2006,53,65.0
3514019,2006,54,280.0
3514019,2006,55,0.0
3514019,2006,56,310.0
3514019,2006,61,385.0
3514019,2006,62,515.0
3514019,2006,71,105.0
3514019,2006,72,385.0
3514019,2006,81,240.0
3514019,2006,91,250.0
3514020,2006,11,200.0
3514020,2006,21,40.0
3514020,2006,22,280.0
3514020,2006,23,540.0
3514020,2006,31-33,1390.0
3514020,2006,41,215.0
3514020,2006,44-45,930.0
3514020,2006,48-49,310.0
3514020,2006,51,200.0
3514020,2006,52,205.0
3514020,2006,53,90.0
3514020,2006,54,450.0
3514020,2006,55,20.0
3514020,2006,56,420.0
3514020,2006,61,525.0
3514020,2006,62,900.0
3514020,2006,71,145.0
3514020,2006,72,695.0
3514020,2006,81,485.0
3514020,2006,91,350.0
3514021,2006,11,50.0
3514021,2006,21,10.0
3514021,2006,22,265.0
3514021,2006,23,520.0
3514021,2006,31-33,1675.0
3514021,2006,41,225.0
3514021,2006,44-45,995.0
3514021,2006,48-49,180.0
3514021,2006,51,170.0
3514021,2006,52,180.0
3514021,2006,53,160.0
3514021,2006,54,350.0
3514021,2006,55,0.0
3514021,2006,56,435.0
3514021,2006,61,555.0
3514021,2006,62,965.0
3514021,2006,71,235.0
3514021,2006,72,760.0
3514021,2006,81,490.0
3514021,2006,91,355.0
3514024,2006,11,250.0
3514024,2006,21,10.0
3514024,2006,22,95.0
3514024,2006,23,325.0
3514024,2006,31-33,615.0
3514024,2006,41,100.0
3514024,2006,44-45,280.0
3514024,2006,48-49,140.0
3514024,2006,51,35.0
3514024,2006,52,100.0
3514024,2006,53,45.0
3514024,2006,54,145.0
3514024,2006,55,0.0
3514024,2006,56,190.0
3514024,2006,61,230.0
3514024,2006,62,320.0
3514024,2006,71,80.0
3514024,2006,72,230.0
3514024,2006,81,200.0
3514024,2006,91,135.0
3514027,2006,11,0.0
3514027,2006,21,0.0
3514027,2006,22,0.0
3514027,2006,23,45.0
3514027,2006,31-33,25.0
3514027,2006,41,0.0
3514027,2006,44-45,30.0
3514027,2006,48-49,20.0
3514027,2006,51,0.0
3514027,2006,52,0.0
3514027,2006,53,0.0
3514027,2006,54,10.0
3514027,2006,55,0.0
3514027,2006,56,20.0
3514027,2006,61,10.0
3514027,2006,62,30.0
3514027,2006,71,10.0
3514027,2006,72,25.0
3514027,2006,81,15.0
3514027,2006,91,40.0
3514045,2006,11,520.0
3514045,2006,21,70.0
3514045,2006,22,90.0
3514045,2006,23,500.0
3514045,2006,31-33,740.0
3514045,2006,41,200.0
3514045,2006,44-45,755.0
3514045,2006,48-49,215.0
3514045,2006,51,35.0
3514045,2006,52,65.0
3514045,2006,53,100.0
3514045,2006,54,255.0
3514045,2006,55,0.0
3514045,2006,56,215.0
3514045,2006,61,335.0
3514045,2006,62,520.0
3514045,2006,71,135.0
3514045,2006,72,260.0
3514045,2006,81,390.0
3514045,2006,91,250.0
3515003,2006,11,220.0
3515003,2006,21,30.0
3515003,2006,22,10.0
3515003,2006,23,205.0
3515003,2006,31-33,220.0
3515003,2006,41,85.0
3515003,2006,44-45,335.0
3515003,2006,48-49,80.0
3515003,2006,51,35.0
3515003,2006,52,60.0
3515003,2006,53,30.0
3515003,2006,54,45.0
3515003,2006,55,0.0
3515003,2006,56,125.0
3515003,2006,61,105.0
3515003,2006,62,190.0
3515003,2006,71,30.0
3515003,2006,72,120.0
3515003,2006,81,85.0
3515003,2006,91,95.0
3515005,2006,11,260.0
3515005,2006,21,10.0
3515005,2006,22,55.0
3515005,2006,23,370.0
3515005,2006,31-33,460.0
3515005,2006,41,110.0
3515005,2006,44-45,390.0
3515005,2006,48-49,155.0
3515005,2006,51,45.0
3515005,2006,52,70.0
3515005,2006,53,25.0
3515005,2006,54,140.0
3515005,2006,55,0.0
3515005,2006,56,165.0
3515005,2006,61,305.0
3515005,2006,62,460.0
3515005,2006,71,100.0
3515005,2006,72,285.0
3515005,2006,81,205.0
3515005,2006,91,215.0
3515013,2006,11,195.0
3515013,2006,21,15.0
3515013,2006,22,125.0
3515013,2006,23,415.0
3515013,2006,31-33,665.0
3515013,2006,41,245.0
3515013,2006,44-45,430.0
3515013,2006,48-49,295.0
3515013,2006,51,85.0
3515013,2006,52,90.0
3515013,2006,53,50.0
3515013,2006,54,265.0
3515013,2006,55,10.0
3515013,2006,56,200.0
3515013,2006,61,395.0
3515013,2006,62,565.0
3515013,2006,71,165.0
3515013,2006,72,215.0
3515013,2006,81,235.0
3515013,2006,91,335.0
3515014,2006,11,195.0
3515014,2006,21,80.0
3515014,2006,22,535.0
3515014,2006,23,2080.0
3515014,2006,31-33,3855.0
3515014,2006,41,1335.0
3515014,2006,44-45,5095.0
3515014,2006,48-49,1275.0
3515014,2006,51,945.0
3515014,2006,52,1020.0
3515014,2006,53,710.0
3515014,2006,54,1915.0
3515014,2006,55,10.0
3515014,2006,56,2130.0
3515014,2006,61,3345.0
3515014,2006,62,5080.0
3515014,2006,71,945.0
3515014,2006,72,3450.0
3515014,2006,81,1700.0
3515014,2006,91,1795.0
3515015,2006,11,205.0
3515015,2006,21,75.0
3515015,2006,22,105.0
3515015,2006,23,770.0
3515015,2006,31-33,1110.0
3515015,2006,41,270.0
3515015,2006,44-45,1105.0
3515015,2006,48-49,395.0
3515015,2006,51,140.0
3515015,2006,52,340.0
3515015,2006,53,170.0
3515015,2006,54,430.0
3515015,2006,55,15.0
3515015,2006,56,325.0
3515015,2006,61,755.0
3515015,2006,62,1035.0
3515015,2006,71,220.0
3515015,2006,72,715.0
3515015,2006,81,500.0
3515015,2006,91,425.0
3515019,2006,11,0.0
3515019,2006,21,0.0
3515019,2006,22,10.0
3515019,2006,23,70.0
3515019,2006,31-33,20.0
3515019,2006,41,10.0
3515019,2006,44-45,60.0
3515019,2006,48-49,15.0
3515019,2006,51,0.0
3515019,2006,52,10.0
3515019,2006,53,10.0
3515019,2006,54,15.0
3515019,2006,55,0.0
3515019,2006,56,40.0
3515019,2006,61,25.0
3515019,2006,62,70.0
3515019,2006,71,40.0
3515019,2006,72,35.0
3515019,2006,81,25.0
3515019,2006,91,45.0
3515023,2006,11,205.0
3515023,2006,21,65.0
3515023,2006,22,45.0
3515023,2006,23,350.0
3515023,2006,31-33,460.0
3515023,2006,41,135.0
3515023,2006,44-45,380.0
3515023,2006,48-49,195.0
3515023,2006,51,35.0
3515023,2006,52,105.0
3515023,2006,53,85.0
3515023,2006,54,170.0
3515023,2006,55,0.0
3515023,2006,56,90.0
3515023,2006,61,290.0
3515023,2006,62,445.0
3515023,2006,71,70.0
3515023,2006,72,185.0
3515023,2006,81,215.0
3515023,2006,91,210.0
3515030,2006,11,95.0
3515030,2006,21,80.0
3515030,2006,22,25.0
3515030,2006,23,250.0
3515030,2006,31-33,215.0
3515030,2006,41,75.0
3515030,2006,44-45,290.0
3515030,2006,48-49,150.0
3515030,2006,51,0.0
3515030,2006,52,25.0
3515030,2006,53,30.0
3515030,2006,54,75.0
3515030,2006,55,0.0
3515030,2006,56,80.0
3515030,2006,61,110.0
3515030,2006,62,215.0
3515030,2006,71,20.0
3515030,2006,72,170.0
3515030,2006,81,70.0
3515030,2006,91,50.0
3515037,2006,11,25.0
3515037,2006,21,10.0
3515037,2006,22,0.0
3515037,2006,23,115.0
3515037,2006,31-33,100.0
3515037,2006,41,20.0
3515037,2006,44-45,130.0
3515037,2006,48-49,25.0
3515037,2006,51,0.0
3515037,2006,52,30.0
3515037,2006,53,70.0
3515037,2006,54,45.0
3515037,2006,55,10.0
3515037,2006,56,65.0
3515037,2006,61,70.0
3515037,2006,62,90.0
3515037,2006,71,45.0
3515037,2006,72,130.0
3515037,2006,81,35.0
3515037,2006,91,30.0
3515044,2006,11,45.0
3515044,2006,21,10.0
3515044,2006,22,15.0
3515044,2006,23,370.0
3515044,2006,31-33,195.0
3515044,2006,41,115.0
3515044,2006,44-45,380.0
3515044,2006,48-49,100.0
3515044,2006,51,45.0
3515044,2006,52,85.0
3515044,2006,53,40.0
3515044,2006,54,175.0
3515044,2006,55,0.0
3515044,2006,56,120.0
3515044,2006,61,155.0
3515044,2006,62,225.0
3515044,2006,71,115.0
3515044,2006,72,145.0
3515044,2006,81,135.0
3515044,2006,91,110.0
3516010,2006,11,1430.0
3516010,2006,21,205.0
3516010,2006,22,495.0
3516010,2006,23,3515.0
3516010,2006,31-33,4840.0
3516010,2006,41,1370.0
3516010,2006,44-45,4865.0
3516010,2006,48-49,1475.0
3516010,2006,51,460.0
3516010,2006,52,920.0
3516010,2006,53,585.0
3516010,2006,54,1595.0
3516010,2006,55,0.0
3516010,2006,56,1835.0
3516010,2006,61,2270.0
3516010,2006,62,4185.0
3516010,2006,71,1045.0
3516010,2006,72,2045.0
3516010,2006,81,2090.0
3516010,2006,91,2010.0
3518001,2006,11,145.0
3518001,2006,21,125.0
3518001,2006,22,850.0
3518001,2006,23,3320.0
3518001,2006,31-33,5095.0
3518001,2006,41,3010.0
3518001,2006,44-45,5910.0
3518001,2006,48-49,2025.0
3518001,2006,51,2125.0
3518001,2006,52,4595.0
3518001,2006,53,1180.0
3518001,2006,54,4310.0
3518001,2006,55,95.0
3518001,2006,56,2340.0
3518001,2006,61,3005.0
3518001,2006,62,4250.0
3518001,2006,71,1035.0
3518001,2006,72,2275.0
3518001,2006,81,2110.0
3518001,2006,91,2265.0
3518005,2006,11,115.0
3518005,2006,21,80.0
3518005,2006,22,1065.0
3518005,2006,23,2895.0
3518005,2006,31-33,5860.0
3518005,2006,41,2915.0
3518005,2006,44-45,6730.0
3518005,2006,48-49,2400.0
3518005,2006,51,2005.0
3518005,2006,52,4410.0
3518005,2006,53,1030.0
3518005,2006,54,3420.0
3518005,2006,55,70.0
3518005,2006,56,2610.0
3518005,2006,61,2870.0
3518005,2006,62,4315.0
3518005,2006,71,750.0
3518005,2006,72,2475.0
3518005,2006,81,2185.0
3518005,2006,91,2530.0
3518009,2006,11,295.0
3518009,2006,21,120.0
3518009,2006,22,1945.0
3518009,2006,23,3495.0
3518009,2006,31-33,6540.0
3518009,2006,41,3555.0
3518009,2006,44-45,6925.0
3518009,2006,48-49,2355.0
3518009,2006,51,2255.0
3518009,2006,52,4505.0
3518009,2006,53,1395.0
3518009,2006,54,4810.0
3518009,2006,55,90.0
3518009,2006,56,2470.0
3518009,2006,61,4610.0
3518009,2006,62,5745.0
3518009,2006,71,1295.0
3518009,2006,72,3385.0
3518009,2006,81,2375.0
3518009,2006,91,3815.0
3518013,2006,11,285.0
3518013,2006,21,25.0
3518013,2006,22,1450.0
3518013,2006,23,5100.0
3518013,2006,31-33,12765.0
3518013,2006,41,3175.0
3518013,2006,44-45,9200.0
3518013,2006,48-49,3550.0
3518013,2006,51,1730.0
3518013,2006,52,2455.0
3518013,2006,53,1395.0
3518013,2006,54,3395.0
3518013,2006,55,60.0
3518013,2006,56,4890.0
3518013,2006,61,4960.0
3518013,2006,62,7175.0
3518013,2006,71,1245.0
3518013,2006,72,4420.0
3518013,2006,81,3635.0
3518013,2006,91,4080.0
3518017,2006,11,725.0
3518017,2006,21,0.0
3518017,2006,22,1805.0
3518017,2006,23,3130.0
3518017,2006,31-33,7115.0
3518017,2006,41,1860.0
3518017,2006,44-45,4640.0
3518017,2006,48-49,2015.0
3518017,2006,51,760.0
3518017,2006,52,1305.0
3518017,2006,53,665.0
3518017,2006,54,2005.0
3518017,2006,55,25.0
3518017,2006,56,1850.0
3518017,2006,61,2670.0
3518017,2006,62,4225.0
3518017,2006,71,630.0
3518017,2006,72,2300.0
3518017,2006,81,1860.0
3518017,2006,91,2310.0
3518020,2006,11,575.0
3518020,2006,21,15.0
3518020,2006,22,185.0
3518020,2006,23,995.0
3518020,2006,31-33,1545.0
3518020,2006,41,550.0
3518020,2006,44-45,1445.0
3518020,2006,48-49,550.0
3518020,2006,51,230.0
3518020,2006,52,415.0
3518020,2006,53,240.0
3518020,2006,54,660.0
3518020,2006,55,10.0
3518020,2006,56,485.0
3518020,2006,61,1000.0
3518020,2006,62,985.0
3518020,2006,71,480.0
3518020,2006,72,695.0
3518020,2006,81,625.0
3518020,2006,91,360.0
3518022,2006,11,0.0
3518022,2006,21,0.0
3518022,2006,22,0.0
3518022,2006,23,0.0
3518022,2006,31-33,0.0
3518022,2006,41,0.0
3518022,2006,44-45,10.0
3518022,2006,48-49,0.0
3518022,2006,51,0.0
3518022,2006,52,0.0
3518022,2006,53,0.0
3518022,2006,54,0.0
3518022,2006,55,0.0
3518022,2006,56,0.0
3518022,2006,61,0.0
3518022,2006,62,0.0
3518022,2006,71,10.0
3518022,2006,72,10.0
3518022,2006,81,0.0
3518022,2006,91,10.0
3518029,2006,11,455.0
3518029,2006,21,35.0
3518029,2006,22,125.0
3518029,2006,23,1170.0
3518029,2006,31-33,890.0
3518029,2006,41,715.0
3518029,2006,44-45,1010.0
3518029,2006,48-49,465.0
3518029,2006,51,190.0
3518029,2006,52,420.0
3518029,2006,53,285.0
3518029,2006,54,985.0
3518029,2006,55,20.0
3518029,2006,56,535.0
3518029,2006,61,885.0
3518029,2006,62,785.0
3518029,2006,71,430.0
3518029,2006,72,470.0
3518029,2006,81,400.0
3518029,2006,91,485.0
3518039,2006,11,365.0
3518039,2006,21,30.0
3518039,2006,22,65.0
3518039,2006,23,655.0
3518039,2006,31-33,710.0
3518039,2006,41,265.0
3518039,2006,44-45,740.0
3518039,2006,48-49,510.0
3518039,2006,51,65.0
3518039,2006,52,235.0
3518039,2006,53,135.0
3518039,2006,54,265.0
3518039,2006,55,0.0
3518039,2006,56,295.0
3518039,2006,61,330.0
3518039,2006,62,500.0
3518039,2006,71,210.0
3518039,2006,72,355.0
3518039,2006,81,265.0
3518039,2006,91,325.0
3519028,2006,11,265.0
3519028,2006,21,180.0
3519028,2006,22,730.0
3519028,2006,23,12245.0
3519028,2006,31-33,19285.0
3519028,2006,41,8235.0
3519028,2006,44-45,16325.0
3519028,2006,48-49,5245.0
3519028,2006,51,3340.0
3519028,2006,52,8200.0
3519028,2006,53,3130.0
3519028,2006,54,11840.0
3519028,2006,55,295.0
3519028,2006,56,4840.0
3519028,2006,61,9440.0
3519028,2006,62,9140.0
3519028,2006,71,2390.0
3519028,2006,72,5670.0
3519028,2006,81,6615.0
3519028,2006,91,3660.0
3519036,2006,11,355.0
3519036,2006,21,175.0
3519036,2006,22,845.0
3519036,2006,23,4875.0
3519036,2006,31-33,19420.0
3519036,2006,41,10585.0
3519036,2006,44-45,15700.0
3519036,2006,48-49,4020.0
3519036,2006,51,4870.0
3519036,2006,52,13105.0
3519036,2006,53,3710.0
3519036,2006,54,16070.0
3519036,2006,55,325.0
3519036,2006,56,6105.0
3519036,2006,61,8920.0
3519036,2006,62,10505.0
3519036,2006,71,2760.0
3519036,2006,72,9085.0
3519036,2006,81,6245.0
3519036,2006,91,3980.0
3519038,2006,11,145.0
3519038,2006,21,170.0
3519038,2006,22,620.0
3519038,2006,23,5010.0
3519038,2006,31-33,9450.0
3519038,2006,41,5995.0
3519038,2006,44-45,10325.0
3519038,2006,48-49,2540.0
3519038,2006,51,3220.0
3519038,2006,52,7710.0
3519038,2006,53,2910.0
3519038,2006,54,11200.0
3519038,2006,55,205.0
3519038,2006,56,3330.0
3519038,2006,61,5900.0
3519038,2006,62,6800.0
3519038,2006,71,1650.0
3519038,2006,72,4405.0
3519038,2006,81,4200.0
3519038,2006,91,3045.0
3519044,2006,11,275.0
3519044,2006,21,10.0
3519044,2006,22,125.0
3519044,2006,23,1400.0
3519044,2006,31-33,1385.0
3519044,2006,41,895.0
3519044,2006,44-45,1165.0
3519044,2006,48-49,450.0
3519044,2006,51,395.0
3519044,2006,52,840.0
3519044,2006,53,375.0
3519044,2006,54,1355.0
3519044,2006,55,45.0
3519044,2006,56,705.0
3519044,2006,61,965.0
3519044,2006,62,890.0
3519044,2006,71,495.0
3519044,2006,72,630.0
3519044,2006,81,525.0
3519044,2006,91,640.0
3519046,2006,11,80.0
3519046,2006,21,40.0
3519046,2006,22,200.0
3519046,2006,23,1775.0
3519046,2006,31-33,3275.0
3519046,2006,41,1975.0
3519046,2006,44-45,2905.0
3519046,2006,48-49,830.0
3519046,2006,51,840.0
3519046,2006,52,1585.0
3519046,2006,53,615.0
3519046,2006,54,2910.0
3519046,2006,55,40.0
3519046,2006,56,1290.0
3519046,2006,61,2240.0
3519046,2006,62,2130.0
3519046,2006,71,980.0
3519046,2006,72,1345.0
3519046,2006,81,1075.0
3519046,2006,91,1220.0
3519048,2006,11,135.0
3519048,2006,21,80.0
3519048,2006,22,370.0
3519048,2006,23,2345.0
3519048,2006,31-33,6125.0
3519048,2006,41,2580.0
3519048,2006,44-45,5435.0
3519048,2006,48-49,1510.0
3519048,2006,51,1250.0
3519048,2006,52,2145.0
3519048,2006,53,685.0
3519048,2006,54,3510.0
3519048,2006,55,60.0
3519048,2006,56,2030.0
3519048,2006,61,3185.0
3519048,2006,62,3785.0
3519048,2006,71,1040.0
3519048,2006,72,2520.0
3519048,2006,81,1820.0
3519048,2006,91,2105.0
3519049,2006,11,505.0
3519049,2006,21,25.0
3519049,2006,22,45.0
3519049,2006,23,1355.0
3519049,2006,31-33,1370.0
3519049,2006,41,680.0
3519049,2006,44-45,950.0
3519049,2006,48-49,485.0
3519049,2006,51,205.0
3519049,2006,52,485.0
3519049,2006,53,370.0
3519049,2006,54,1195.0
3519049,2006,55,80.0
3519049,2006,56,545.0
3519049,2006,61,700.0
3519049,2006,62,750.0
3519049,2006,71,360.0
3519049,2006,72,405.0
3519049,2006,81,500.0
3519049,2006,91,345.0
3519054,2006,11,225.0
3519054,2006,21,50.0
3519054,2006,22,120.0
3519054,2006,23,1120.0
3519054,2006,31-33,1540.0
3519054,2006,41,870.0
3519054,2006,44-45,1365.0
3519054,2006,48-49,500.0
3519054,2006,51,370.0
3519054,2006,52,450.0
3519054,2006,53,235.0
3519054,2006,54,880.0
3519054,2006,55,20.0
3519054,2006,56,575.0
3519054,2006,61,760.0
3519054,2006,62,1190.0
3519054,2006,71,345.0
3519054,2006,72,515.0
3519054,2006,81,545.0
3519054,2006,91,665.0
3519070,2006,11,340.0
3519070,2006,21,40.0
3519070,2006,22,190.0
3519070,2006,23,2545.0
3519070,2006,31-33,3450.0
3519070,2006,41,1400.0
3519070,2006,44-45,2755.0
3519070,2006,48-49,1300.0
3519070,2006,51,555.0
3519070,2006,52,840.0
3519070,2006,53,330.0
3519070,2006,54,1120.0
3519070,2006,55,10.0
3519070,2006,56,1390.0
3519070,2006,61,1420.0
3519070,2006,62,1890.0
3519070,2006,71,440.0
3519070,2006,72,1160.0
3519070,2006,81,1220.0
3519070,2006,91,1020.0
3520005,2006,11,2140.0
3520005,2006,21,2025.0
3520005,2006,22,6370.0
3520005,2006,23,63230.0
3520005,2006,31-33,153705.0
3520005,2006,41,61535.0
3520005,2006,44-45,130405.0
3520005,2006,48-49,51330.0
3520005,2006,51,60705.0
3520005,2006,52,98785.0
3520005,2006,53,33795.0
3520005,2006,54,141480.0
3520005,2006,55,2755.0
3520005,2006,56,74010.0
3520005,2006,61,88330.0
3520005,2006,62,116975.0
3520005,2006,71,30310.0
3520005,2006,72,83385.0
3520005,2006,81,65600.0
3520005,2006,91,44830.0
3521005,2006,11,755.0
3521005,2006,21,675.0
3521005,2006,22,1900.0
3521005,2006,23,18090.0
3521005,2006,31-33,56190.0
3521005,2006,41,28575.0
3521005,2006,44-45,41420.0
3521005,2006,48-49,27335.0
3521005,2006,51,10650.0
3521005,2006,52,25795.0
3521005,2006,53,8230.0
3521005,2006,54,33160.0
3521005,2006,55,725.0
3521005,2006,56,19390.0
3521005,2006,61,18815.0
3521005,2006,62,26855.0
3521005,2006,71,5075.0
3521005,2006,72,20660.0
3521005,2006,81,14760.0
3521005,2006,91,10650.0
3521010,2006,11,865.0
3521010,2006,21,245.0
3521010,2006,22,825.0
3521010,2006,23,12415.0
3521010,2006,31-33,50380.0
3521010,2006,41,18485.0
3521010,2006,44-45,25740.0
3521010,2006,48-49,26620.0
3521010,2006,51,5150.0
3521010,2006,52,10695.0
3521010,2006,53,4185.0
3521010,2006,54,12695.0
3521010,2006,55,335.0
3521010,2006,56,13880.0
3521010,2006,61,9915.0
3521010,2006,62,14565.0
3521010,2006,71,2485.0
3521010,2006,72,10430.0
3521010,2006,81,9515.0
3521010,2006,91,6835.0
3521024,2006,11,625.0
3521024,2006,21,60.0
3521024,2006,22,200.0
3521024,2006,23,3215.0
3521024,2006,31-33,4965.0
3521024,2006,41,2705.0
3521024,2006,44-45,3435.0
3521024,2006,48-49,2130.0
3521024,2006,51,570.0
3521024,2006,52,1160.0
3521024,2006,53,715.0
3521024,2006,54,2580.0
3521024,2006,55,20.0
3521024,2006,56,1390.0
3521024,2006,61,2100.0
3521024,2006,62,2085.0
3521024,2006,71,760.0
3521024,2006,72,1485.0
3521024,2006,81,1370.0
3521024,2006,91,1340.0
3522001,2006,11,195.0
3522001,2006,21,10.0
3522001,2006,22,0.0
3522001,2006,23,215.0
3522001,2006,31-33,190.0
3522001,2006,41,85.0
3522001,2006,44-45,190.0
3522001,2006,48-49,75.0
3522001,2006,51,20.0
3522001,2006,52,40.0
3522001,2006,53,15.0
3522001,2006,54,50.0
3522001,2006,55,0.0
3522001,2006,56,25.0
3522001,2006,61,60.0
3522001,2006,62,60.0
3522001,2006,71,45.0
3522001,2006,72,80.0
3522001,2006,81,80.0
3522001,2006,91,40.0
3522008,2006,11,145.0
3522008,2006,21,0.0
3522008,2006,22,20.0
3522008,2006,23,275.0
3522008,2006,31-33,340.0
3522008,2006,41,175.0
3522008,2006,44-45,185.0
3522008,2006,48-49,125.0
3522008,2006,51,25.0
3522008,2006,52,60.0
3522008,2006,53,65.0
3522008,2006,54,135.0
3522008,2006,55,0.0
3522008,2006,56,110.0
3522008,2006,61,145.0
3522008,2006,62,145.0
3522008,2006,71,45.0
3522008,2006,72,75.0
3522008,2006,81,110.0
3522008,2006,91,55.0
3522010,2006,11,90.0
3522010,2006,21,15.0
3522010,2006,22,10.0
3522010,2006,23,195.0
3522010,2006,31-33,270.0
3522010,2006,41,100.0
3522010,2006,44-45,190.0
3522010,2006,48-49,175.0
3522010,2006,51,25.0
3522010,2006,52,50.0
3522010,2006,53,15.0
3522010,2006,54,65.0
3522010,2006,55,0.0
3522010,2006,56,65.0
3522010,2006,61,40.0
3522010,2006,62,120.0
3522010,2006,71,15.0
3522010,2006,72,110.0
3522010,2006,81,90.0
3522010,2006,91,30.0
3522012,2006,11,115.0
3522012,2006,21,10.0
3522012,2006,22,45.0
3522012,2006,23,265.0
3522012,2006,31-33,610.0
3522012,2006,41,170.0
3522012,2006,44-45,405.0
3522012,2006,48-49,250.0
3522012,2006,51,65.0
3522012,2006,52,115.0
3522012,2006,53,135.0
3522012,2006,54,395.0
3522012,2006,55,0.0
3522012,2006,56,220.0
3522012,2006,61,270.0
3522012,2006,62,275.0
3522012,2006,71,120.0
3522012,2006,72,305.0
3522012,2006,81,155.0
3522012,2006,91,170.0
3522014,2006,11,55.0
3522014,2006,21,40.0
3522014,2006,22,125.0
3522014,2006,23,885.0
3522014,2006,31-33,2985.0
3522014,2006,41,985.0
3522014,2006,44-45,1950.0
3522014,2006,48-49,1030.0
3522014,2006,51,275.0
3522014,2006,52,355.0
3522014,2006,53,230.0
3522014,2006,54,495.0
3522014,2006,55,20.0
3522014,2006,56,680.0
3522014,2006,61,1000.0
3522014,2006,62,1300.0
3522014,2006,71,270.0
3522014,2006,72,1005.0
3522014,2006,81,745.0
3522014,2006,91,815.0
3522016,2006,11,100.0
3522016,2006,21,10.0
3522016,2006,22,15.0
3522016,2006,23,170.0
3522016,2006,31-33,325.0
3522016,2006,41,65.0
3522016,2006,44-45,165.0
3522016,2006,48-49,120.0
3522016,2006,51,40.0
3522016,2006,52,30.0
3522016,2006,53,15.0
3522016,2006,54,110.0
3522016,2006,55,0.0
3522016,2006,56,100.0
3522016,2006,61,115.0
3522016,2006,62,120.0
3522016,2006,71,80.0
3522016,2006,72,95.0
3522016,2006,81,70.0
3522016,2006,91,55.0
3522019,2006,11,180.0
3522019,2006,21,0.0
3522019,2006,22,0.0
3522019,2006,23,170.0
3522019,2006,31-33,320.0
3522019,2006,41,130.0
3522019,2006,44-45,130.0
3522019,2006,48-49,80.0
3522019,2006,51,40.0
3522019,2006,52,20.0
3522019,2006,53,30.0
3522019,2006,54,100.0
3522019,2006,55,0.0
3522019,2006,56,110.0
3522019,2006,61,45.0
3522019,2006,62,110.0
3522019,2006,71,25.0
3522019,2006,72,95.0
3522019,2006,81,120.0
3522019,2006,91,35.0
3522021,2006,11,45.0
3522021,2006,21,10.0
3522021,2006,22,25.0
3522021,2006,23,230.0
3522021,2006,31-33,575.0
3522021,2006,41,140.0
3522021,2006,44-45,275.0
3522021,2006,48-49,190.0
3522021,2006,51,20.0
3522021,2006,52,45.0
3522021,2006,53,25.0
3522021,2006,54,55.0
3522021,2006,55,0.0
3522021,2006,56,140.0
3522021,2006,61,125.0
3522021,2006,62,360.0
3522021,2006,71,15.0
3522021,2006,72,125.0
3522021,2006,81,115.0
3522021,2006,91,110.0
3523001,2006,11,155.0
3523001,2006,21,10.0
3523001,2006,22,25.0
3523001,2006,23,250.0
3523001,2006,31-33,575.0
3523001,2006,41,320.0
3523001,2006,44-45,380.0
3523001,2006,48-49,275.0
3523001,2006,51,70.0
3523001,2006,52,155.0
3523001,2006,53,90.0
3523001,2006,54,345.0
3523001,2006,55,0.0
3523001,2006,56,160.0
3523001,2006,61,260.0
3523001,2006,62,315.0
3523001,2006,71,45.0
3523001,2006,72,190.0
3523001,2006,81,275.0
3523001,2006,91,120.0
3523008,2006,11,550.0
3523008,2006,21,95.0
3523008,2006,22,290.0
3523008,2006,23,2765.0
3523008,2006,31-33,15985.0
3523008,2006,41,2875.0
3523008,2006,44-45,6330.0
3523008,2006,48-49,2280.0
3523008,2006,51,1200.0
3523008,2006,52,2240.0
3523008,2006,53,920.0
3523008,2006,54,4120.0
3523008,2006,55,45.0
3523008,2006,56,2500.0
3523008,2006,61,7430.0
3523008,2006,62,5640.0
3523008,2006,71,1170.0
3523008,2006,72,4000.0
3523008,2006,81,2730.0
3523008,2006,91,2600.0
3523009,2006,11,340.0
3523009,2006,21,25.0
3523009,2006,22,40.0
3523009,2006,23,615.0
3523009,2006,31-33,1200.0
3523009,2006,41,465.0
3523009,2006,44-45,600.0
3523009,2006,48-49,340.0
3523009,2006,51,70.0
3523009,2006,52,265.0
3523009,2006,53,105.0
3523009,2006,54,455.0
3523009,2006,55,10.0
3523009,2006,56,210.0
3523009,2006,61,560.0
3523009,2006,62,620.0
3523009,2006,71,165.0
3523009,2006,72,250.0
3523009,2006,81,430.0
3523009,2006,91,305.0
3523017,2006,11,355.0
3523017,2006,21,25.0
3523017,2006,22,20.0
3523017,2006,23,525.0
3523017,2006,31-33,980.0
3523017,2006,41,445.0
3523017,2006,44-45,625.0
3523017,2006,48-49,400.0
3523017,2006,51,125.0
3523017,2006,52,195.0
3523017,2006,53,130.0
3523017,2006,54,550.0
3523017,2006,55,35.0
3523017,2006,56,315.0
3523017,2006,61,355.0
3523017,2006,62,390.0
3523017,2006,71,185.0
3523017,2006,72,315.0
3523017,2006,81,400.0
3523017,2006,91,240.0
3523025,2006,11,555.0
3523025,2006,21,20.0
3523025,2006,22,70.0
3523025,2006,23,935.0
3523025,2006,31-33,3215.0
3523025,2006,41,565.0
3523025,2006,44-45,1220.0
3523025,2006,48-49,595.0
3523025,2006,51,210.0
3523025,2006,52,440.0
3523025,2006,53,235.0
3523025,2006,54,1010.0
3523025,2006,55,60.0
3523025,2006,56,575.0
3523025,2006,61,980.0
3523025,2006,62,1315.0
3523025,2006,71,355.0
3523025,2006,72,830.0
3523025,2006,81,715.0
3523025,2006,91,445.0
3523033,2006,11,1310.0
3523033,2006,21,15.0
3523033,2006,22,45.0
3523033,2006,23,535.0
3523033,2006,31-33,1005.0
3523033,2006,41,245.0
3523033,2006,44-45,380.0
3523033,2006,48-49,220.0
3523033,2006,51,55.0
3523033,2006,52,135.0
3523033,2006,53,45.0
3523033,2006,54,105.0
3523033,2006,55,0.0
3523033,2006,56,100.0
3523033,2006,61,250.0
3523033,2006,62,280.0
3523033,2006,71,45.0
3523033,2006,72,185.0
3523033,2006,81,270.0
3523033,2006,91,105.0
3523043,2006,11,590.0
3523043,2006,21,15.0
3523043,2006,22,55.0
3523043,2006,23,330.0
3523043,2006,31-33,1020.0
3523043,2006,41,220.0
3523043,2006,44-45,390.0
3523043,2006,48-49,200.0
3523043,2006,51,75.0
3523043,2006,52,65.0
3523043,2006,53,45.0
3523043,2006,54,60.0
3523043,2006,55,0.0
3523043,2006,56,155.0
3523043,2006,61,250.0
3523043,2006,62,480.0
3523043,2006,71,45.0
3523043,2006,72,200.0
3523043,2006,81,190.0
3523043,2006,91,45.0
3523050,2006,11,600.0
3523050,2006,21,20.0
3523050,2006,22,25.0
3523050,2006,23,510.0
3523050,2006,31-33,1420.0
3523050,2006,41,270.0
3523050,2006,44-45,595.0
3523050,2006,48-49,310.0
3523050,2006,51,60.0
3523050,2006,52,115.0
3523050,2006,53,45.0
3523050,2006,54,165.0
3523050,2006,55,0.0
3523050,2006,56,265.0
3523050,2006,61,160.0
3523050,2006,62,635.0
3523050,2006,71,45.0
3523050,2006,72,270.0
3523050,2006,81,300.0
3523050,2006,91,130.0
3524001,2006,11,170.0
3524001,2006,21,345.0
3524001,2006,22,645.0
3524001,2006,23,3770.0
3524001,2006,31-33,9720.0
3524001,2006,41,6505.0
3524001,2006,44-45,9625.0
3524001,2006,48-49,3970.0
3524001,2006,51,3170.0
3524001,2006,52,8305.0
3524001,2006,53,2325.0
3524001,2006,54,11520.0
3524001,2006,55,285.0
3524001,2006,56,3590.0
3524001,2006,61,6355.0
3524001,2006,62,6975.0
3524001,2006,71,1810.0
3524001,2006,72,4670.0
3524001,2006,81,3850.0
3524001,2006,91,3520.0
3524002,2006,11,460.0
3524002,2006,21,315.0
3524002,2006,22,445.0
3524002,2006,23,4120.0
3524002,2006,31-33,12000.0
3524002,2006,41,6855.0
3524002,2006,44-45,10735.0
3524002,2006,48-49,4125.0
3524002,2006,51,2460.0
3524002,2006,52,6240.0
3524002,2006,53,1980.0
3524002,2006,54,7905.0
3524002,2006,55,235.0
3524002,2006,56,3620.0
3524002,2006,61,6675.0
3524002,2006,62,8160.0
3524002,2006,71,1810.0
3524002,2006,72,5850.0
3524002,2006,81,3980.0
3524002,2006,91,3745.0
3524009,2006,11,525.0
3524009,2006,21,90.0
3524009,2006,22,215.0
3524009,2006,23,2015.0
3524009,2006,31-33,4425.0
3524009,2006,41,2960.0
3524009,2006,44-45,3360.0
3524009,2006,48-49,2085.0
3524009,2006,51,695.0
3524009,2006,52,1760.0
3524009,2006,53,620.0
3524009,2006,54,2685.0
3524009,2006,55,70.0
3524009,2006,56,1245.0
3524009,2006,61,2085.0
3524009,2006,62,2320.0
3524009,2006,71,735.0
3524009,2006,72,1690.0
3524009,2006,81,1535.0
3524009,2006,91,1470.0
3524015,2006,11,595.0
3524015,2006,21,125.0
3524015,2006,22,245.0
3524015,2006,23,2155.0
3524015,2006,31-33,5490.0
3524015,2006,41,2595.0
3524015,2006,44-45,3520.0
3524015,2006,48-49,1970.0
3524015,2006,51,675.0
3524015,2006,52,1230.0
3524015,2006,53,555.0
3524015,2006,54,2405.0
3524015,2006,55,50.0
3524015,2006,56,1195.0
3524015,2006,61,1940.0
3524015,2006,62,2080.0
3524015,2006,71,600.0
3524015,2006,72,1410.0
3524015,2006,81,1425.0
3524015,2006,91,1455.0
3525005,2006,11,3725.0
3525005,2006,21,430.0
3525005,2006,22,1310.0
3525005,2006,23,17485.0
3525005,2006,31-33,42525.0
3525005,2006,41,12020.0
3525005,2006,44-45,29595.0
3525005,2006,48-49,11740.0
3525005,2006,51,5250.0
3525005,2006,52,9745.0
3525005,2006,53,4515.0
3525005,2006,54,12735.0
3525005,2006,55,195.0
3525005,2006,56,12435.0
3525005,2006,61,20340.0
3525005,2006,62,30290.0
3525005,2006,71,5135.0
3525005,2006,72,16430.0
3525005,2006,81,12810.0
3525005,2006,91,10020.0
3526003,2006,11,155.0
3526003,2006,21,30.0
3526003,2006,22,105.0
3526003,2006,23,970.0
3526003,2006,31-33,1945.0
3526003,2006,41,520.0
3526003,2006,44-45,1670.0
3526003,2006,48-49,1195.0
3526003,2006,51,225.0
3526003,2006,52,300.0
3526003,2006,53,185.0
3526003,2006,54,700.0
3526003,2006,55,10.0
3526003,2006,56,800.0
3526003,2006,61,660.0
3526003,2006,62,1310.0
3526003,2006,71,1445.0
3526003,2006,72,1385.0
3526003,2006,81,695.0
3526003,2006,91,755.0
3526011,2006,11,125.0
3526011,2006,21,50.0
3526011,2006,22,95.0
3526011,2006,23,670.0
3526011,2006,31-33,1415.0
3526011,2006,41,295.0
3526011,2006,44-45,1170.0
3526011,2006,48-49,465.0
3526011,2006,51,180.0
3526011,2006,52,205.0
3526011,2006,53,130.0
3526011,2006,54,250.0
3526011,2006,55,10.0
3526011,2006,56,605.0
3526011,2006,61,450.0
3526011,2006,62,995.0
3526011,2006,71,350.0
3526011,2006,72,665.0
3526011,2006,81,585.0
3526011,2006,91,300.0
3526014,2006,11,410.0
3526014,2006,21,15.0
3526014,2006,22,20.0
3526014,2006,23,375.0
3526014,2006,31-33,530.0
3526014,2006,41,215.0
3526014,2006,44-45,355.0
3526014,2006,48-49,255.0
3526014,2006,51,25.0
3526014,2006,52,105.0
3526014,2006,53,25.0
3526014,2006,54,125.0
3526014,2006,55,0.0
3526014,2006,56,160.0
3526014,2006,61,150.0
3526014,2006,62,375.0
3526014,2006,71,70.0
3526014,2006,72,185.0
3526014,2006,81,165.0
3526014,2006,91,100.0
3526021,2006,11,745.0
3526021,2006,21,0.0
3526021,2006,22,40.0
3526021,2006,23,735.0
3526021,2006,31-33,1340.0
3526021,2006,41,485.0
3526021,2006,44-45,575.0
3526021,2006,48-49,480.0
3526021,2006,51,100.0
3526021,2006,52,215.0
3526021,2006,53,65.0
3526021,2006,54,190.0
3526021,2006,55,15.0
3526021,2006,56,225.0
3526021,2006,61,345.0
3526021,2006,62,665.0
3526021,2006,71,135.0
3526021,2006,72,345.0
3526021,2006,81,350.0
3526021,2006,91,205.0
3526028,2006,11,340.0
3526028,2006,21,10.0
3526028,2006,22,90.0
3526028,2006,23,535.0
3526028,2006,31-33,1090.0
3526028,2006,41,320.0
3526028,2006,44-45,880.0
3526028,2006,48-49,255.0
3526028,2006,51,105.0
3526028,2006,52,470.0
3526028,2006,53,115.0
3526028,2006,54,540.0
3526028,2006,55,0.0
3526028,2006,56,405.0
3526028,2006,61,865.0
3526028,2006,62,930.0
3526028,2006,71,340.0
3526028,2006,72,420.0
3526028,2006,81,385.0
3526028,2006,91,410.0
3526032,2006,11,290.0
3526032,2006,21,45.0
3526032,2006,22,105.0
3526032,2006,23,1630.0
3526032,2006,31-33,3865.0
3526032,2006,41,815.0
3526032,2006,44-45,3255.0
3526032,2006,48-49,1170.0
3526032,2006,51,470.0
3526032,2006,52,1180.0
3526032,2006,53,245.0
3526032,2006,54,735.0
3526032,2006,55,25.0
3526032,2006,56,1900.0
3526032,2006,61,1670.0
3526032,2006,62,2575.0
3526032,2006,71,1005.0
3526032,2006,72,2300.0
3526032,2006,81,1190.0
3526032,2006,91,1030.0
3526037,2006,11,110.0
3526037,2006,21,20.0
3526037,2006,22,90.0
3526037,2006,23,690.0
3526037,2006,31-33,1545.0
3526037,2006,41,510.0
3526037,2006,44-45,1300.0
3526037,2006,48-49,440.0
3526037,2006,51,100.0
3526037,2006,52,310.0
3526037,2006,53,220.0
3526037,2006,54,360.0
3526037,2006,55,10.0
3526037,2006,56,485.0
3526037,2006,61,575.0
3526037,2006,62,905.0
3526037,2006,71,365.0
3526037,2006,72,870.0
3526037,2006,81,585.0
3526037,2006,91,440.0
3526043,2006,11,425.0
3526043,2006,21,55.0
3526043,2006,22,380.0
3526043,2006,23,2355.0
3526043,2006,31-33,4565.0
3526043,2006,41,1225.0
3526043,2006,44-45,4515.0
3526043,2006,48-49,1960.0
3526043,2006,51,600.0
3526043,2006,52,1025.0
3526043,2006,53,540.0
3526043,2006,54,1495.0
3526043,2006,55,35.0
3526043,2006,56,1765.0
3526043,2006,61,2165.0
3526043,2006,62,3825.0
3526043,2006,71,3945.0
3526043,2006,72,9090.0
3526043,2006,81,1940.0
3526043,2006,91,1810.0
3526047,2006,11,755.0
3526047,2006,21,30.0
3526047,2006,22,85.0
3526047,2006,23,440.0
3526047,2006,31-33,900.0
3526047,2006,41,195.0
3526047,2006,44-45,725.0
3526047,2006,48-49,250.0
3526047,2006,51,75.0
3526047,2006,52,265.0
3526047,2006,53,135.0
3526047,2006,54,450.0
3526047,2006,55,20.0
3526047,2006,56,255.0
3526047,2006,61,410.0
3526047,2006,62,570.0
3526047,2006,71,435.0
3526047,2006,72,1010.0
3526047,2006,81,305.0
3526047,2006,91,280.0
3526053,2006,11,1550.0
3526053,2006,21,75.0
3526053,2006,22,310.0
3526053,2006,23,4070.0
3526053,2006,31-33,9265.0
3526053,2006,41,2560.0
3526053,2006,44-45,8570.0
3526053,2006,48-49,2755.0
3526053,2006,51,1235.0
3526053,2006,52,2045.0
3526053,2006,53,1155.0
3526053,2006,54,3040.0
3526053,2006,55,40.0
3526053,2006,56,4540.0
3526053,2006,61,5010.0
3526053,2006,62,6855.0
3526053,2006,71,2125.0
3526053,2006,72,6640.0
3526053,2006,81,3410.0
3526053,2006,91,2520.0
3526057,2006,11,1235.0
3526057,2006,21,20.0
3526057,2006,22,80.0
3526057,2006,23,745.0
3526057,2006,31-33,1745.0
3526057,2006,41,610.0
3526057,2006,44-45,1075.0
3526057,2006,48-49,515.0
3526057,2006,51,145.0
3526057,2006,52,335.0
3526057,2006,53,120.0
3526057,2006,54,675.0
3526057,2006,55,25.0
3526057,2006,56,465.0
3526057,2006,61,655.0
3526057,2006,62,1140.0
3526057,2006,71,175.0
3526057,2006,72,585.0
3526057,2006,81,610.0
3526057,2006,91,390.0
3526065,2006,11,590.0
3526065,2006,21,20.0
3526065,2006,22,80.0
3526065,2006,23,865.0
3526065,2006,31-33,2280.0
3526065,2006,41,860.0
3526065,2006,44-45,1420.0
3526065,2006,48-49,695.0
3526065,2006,51,240.0
3526065,2006,52,530.0
3526065,2006,53,275.0
3526065,2006,54,695.0
3526065,2006,55,20.0
3526065,2006,56,380.0
3526065,2006,61,760.0
3526065,2006,62,1430.0
3526065,2006,71,225.0
3526065,2006,72,845.0
3526065,2006,81,610.0
3526065,2006,91,550.0
3528018,2006,11,1665.0
3528018,2006,21,70.0
3528018,2006,22,325.0
3528018,2006,23,1770.0
3528018,2006,31-33,4375.0
3528018,2006,41,1090.0
3528018,2006,44-45,2740.0
3528018,2006,48-49,1520.0
3528018,2006,51,310.0
3528018,2006,52,520.0
3528018,2006,53,240.0
3528018,2006,54,660.0
3528018,2006,55,10.0
3528018,2006,56,865.0
3528018,2006,61,1405.0
3528018,2006,62,2915.0
3528018,2006,71,510.0
3528018,2006,72,1395.0
3528018,2006,81,1170.0
3528018,2006,91,850.0
3528052,2006,11,3965.0
3528052,2006,21,125.0
3528052,2006,22,570.0
3528052,2006,23,2070.0
3528052,2006,31-33,6635.0
3528052,2006,41,1070.0
3528052,2006,44-45,3320.0
3528052,2006,48-49,1725.0
3528052,2006,51,375.0
3528052,2006,52,615.0
3528052,2006,53,280.0
3528052,2006,54,1050.0
3528052,2006,55,15.0
3528052,2006,56,1065.0
3528052,2006,61,1630.0
3528052,2006,62,3115.0
3528052,2006,71,490.0
3528052,2006,72,2065.0
3528052,2006,81,1500.0
3528052,2006,91,1035.0
3529005,2006,11,1415.0
3529005,2006,21,60.0
3529005,2006,22,150.0
3529005,2006,23,1310.0
3529005,2006,31-33,3670.0
3529005,2006,41,1115.0
3529005,2006,44-45,1785.0
3529005,2006,48-49,1080.0
3529005,2006,51,245.0
3529005,2006,52,415.0
3529005,2006,53,235.0
3529005,2006,54,980.0
3529005,2006,55,10.0
3529005,2006,56,860.0
3529005,2006,61,1115.0
3529005,2006,62,1770.0
3529005,2006,71,415.0
3529005,2006,72,990.0
3529005,2006,81,1110.0
3529005,2006,91,815.0
3529006,2006,11,385.0
3529006,2006,21,50.0
3529006,2006,22,255.0
3529006,2006,23,2745.0
3529006,2006,31-33,10540.0
3529006,2006,41,2465.0
3529006,2006,44-45,5175.0
3529006,2006,48-49,2145.0
3529006,2006,51,570.0
3529006,2006,52,1070.0
3529006,2006,53,740.0
3529006,2006,54,1670.0
3529006,2006,55,65.0
3529006,2006,56,3295.0
3529006,2006,61,2930.0
3529006,2006,62,5010.0
3529006,2006,71,1315.0
3529006,2006,72,3260.0
3529006,2006,81,2065.0
3529006,2006,91,1355.0
3530004,2006,11,155.0
3530004,2006,21,10.0
3530004,2006,22,30.0
3530004,2006,23,420.0
3530004,2006,31-33,1080.0
3530004,2006,41,295.0
3530004,2006,44-45,545.0
3530004,2006,48-49,290.0
3530004,2006,51,60.0
3530004,2006,52,210.0
3530004,2006,53,100.0
3530004,2006,54,375.0
3530004,2006,55,10.0
3530004,2006,56,185.0
3530004,2006,61,390.0
3530004,2006,62,440.0
3530004,2006,71,80.0
3530004,2006,72,125.0
3530004,2006,81,320.0
3530004,2006,91,270.0
3530010,2006,11,380.0
3530010,2006,21,80.0
3530010,2006,22,395.0
3530010,2006,23,4305.0
3530010,2006,31-33,17900.0
3530010,2006,41,3855.0
3530010,2006,44-45,7800.0
3530010,2006,48-49,3460.0
3530010,2006,51,895.0
3530010,2006,52,2375.0
3530010,2006,53,985.0
3530010,2006,54,3180.0
3530010,2006,55,60.0
3530010,2006,56,3300.0
3530010,2006,61,2935.0
3530010,2006,62,5475.0
3530010,2006,71,825.0
3530010,2006,72,4005.0
3530010,2006,81,3030.0
3530010,2006,91,1975.0
3530013,2006,11,420.0
3530013,2006,21,165.0
3530013,2006,22,595.0
3530013,2006,23,7260.0
3530013,2006,31-33,27970.0
3530013,2006,41,5715.0
3530013,2006,44-45,12420.0
3530013,2006,48-49,4690.0
3530013,2006,51,2735.0
3530013,2006,52,6345.0
3530013,2006,53,1935.0
3530013,2006,54,6335.0
3530013,2006,55,145.0
3530013,2006,56,5285.0
3530013,2006,61,7845.0
3530013,2006,62,9540.0
3530013,2006,71,1320.0
3530013,2006,72,6845.0
3530013,2006,81,4760.0
3530013,2006,91,3035.0
3530016,2006,11,220.0
3530016,2006,21,15.0
3530016,2006,22,260.0
3530016,2006,23,2620.0
3530016,2006,31-33,8895.0
3530016,2006,41,2550.0
3530016,2006,44-45,5995.0
3530016,2006,48-49,1310.0
3530016,2006,51,1335.0
3530016,2006,52,4675.0
3530016,2006,53,960.0
3530016,2006,54,5100.0
3530016,2006,55,135.0
3530016,2006,56,1790.0
3530016,2006,61,7695.0
3530016,2006,62,4300.0
3530016,2006,71,930.0
3530016,2006,72,3015.0
3530016,2006,81,1950.0
3530016,2006,91,1795.0
3530020,2006,11,495.0
3530020,2006,21,10.0
3530020,2006,22,40.0
3530020,2006,23,600.0
3530020,2006,31-33,1630.0
3530020,2006,41,615.0
3530020,2006,44-45,1120.0
3530020,2006,48-49,620.0
3530020,2006,51,195.0
3530020,2006,52,445.0
3530020,2006,53,220.0
3530020,2006,54,530.0
3530020,2006,55,10.0
3530020,2006,56,275.0
3530020,2006,61,720.0
3530020,2006,62,860.0
3530020,2006,71,195.0
3530020,2006,72,370.0
3530020,2006,81,460.0
3530020,2006,91,235.0
3530027,2006,11,780.0
3530027,2006,21,10.0
3530027,2006,22,10.0
3530027,2006,23,465.0
3530027,2006,31-33,1015.0
3530027,2006,41,255.0
3530027,2006,44-45,365.0
3530027,2006,48-49,235.0
3530027,2006,51,35.0
3530027,2006,52,295.0
3530027,2006,53,40.0
3530027,2006,54,250.0
3530027,2006,55,10.0
3530027,2006,56,155.0
3530027,2006,61,310.0
3530027,2006,62,260.0
3530027,2006,71,55.0
3530027,2006,72,170.0
3530027,2006,81,285.0
3530027,2006,91,90.0
3530035,2006,11,1060.0
3530035,2006,21,10.0
3530035,2006,22,50.0
3530035,2006,23,925.0
3530035,2006,31-33,1885.0
3530035,2006,41,605.0
3530035,2006,44-45,1195.0
3530035,2006,48-49,440.0
3530035,2006,51,135.0
3530035,2006,52,535.0
3530035,2006,53,125.0
3530035,2006,54,575.0
3530035,2006,55,10.0
3530035,2006,56,350.0
3530035,2006,61,620.0
3530035,2006,62,970.0
3530035,2006,71,155.0
3530035,2006,72,565.0
3530035,2006,81,575.0
3530035,2006,91,210.0
3531011,2006,11,225.0
3531011,2006,21,0.0
3531011,2006,22,25.0
3531011,2006,23,810.0
3531011,2006,31-33,4065.0
3531011,2006,41,720.0
3531011,2006,44-45,2000.0
3531011,2006,48-49,580.0
3531011,2006,51,245.0
3531011,2006,52,725.0
3531011,2006,53,180.0
3531011,2006,54,635.0
3531011,2006,55,10.0
3531011,2006,56,455.0
3531011,2006,61,1090.0
3531011,2006,62,1745.0
3531011,2006,71,745.0
3531011,2006,72,1575.0
3531011,2006,81,740.0
3531011,2006,91,440.0
3531013,2006,11,535.0
3531013,2006,21,10.0
3531013,2006,22,10.0
3531013,2006,23,190.0
3531013,2006,31-33,410.0
3531013,2006,41,150.0
3531013,2006,44-45,260.0
3531013,2006,48-49,95.0
3531013,2006,51,20.0
3531013,2006,52,90.0
3531013,2006,53,30.0
3531013,2006,54,40.0
3531013,2006,55,10.0
3531013,2006,56,35.0
3531013,2006,61,75.0
3531013,2006,62,285.0
3531013,2006,71,75.0
3531013,2006,72,120.0
3531013,2006,81,75.0
3531013,2006,91,75.0
3531016,2006,11,115.0
3531016,2006,21,10.0
3531016,2006,22,15.0
3531016,2006,23,125.0
3531016,2006,31-33,840.0
3531016,2006,41,330.0
3531016,2006,44-45,380.0
3531016,2006,48-49,155.0
3531016,2006,51,40.0
3531016,2006,52,130.0
3531016,2006,53,50.0
3531016,2006,54,75.0
3531016,2006,55,10.0
3531016,2006,56,120.0
3531016,2006,61,130.0
3531016,2006,62,430.0
3531016,2006,71,85.0
3531016,2006,72,185.0
3531016,2006,81,210.0
3531016,2006,91,120.0
3531025,2006,11,930.0
3531025,2006,21,0.0
3531025,2006,22,25.0
3531025,2006,23,405.0
3531025,2006,31-33,1090.0
3531025,2006,41,255.0
3531025,2006,44-45,405.0
3531025,2006,48-49,290.0
3531025,2006,51,35.0
3531025,2006,52,170.0
3531025,2006,53,35.0
3531025,2006,54,125.0
3531025,2006,55,0.0
3531025,2006,56,105.0
3531025,2006,61,175.0
3531025,2006,62,435.0
3531025,2006,71,60.0
3531025,2006,72,235.0
3531025,2006,81,255.0
3531025,2006,91,120.0
3531030,2006,11,1385.0
3531030,2006,21,0.0
3531030,2006,22,20.0
3531030,2006,23,660.0
3531030,2006,31-33,1145.0
3531030,2006,41,380.0
3531030,2006,44-45,595.0
3531030,2006,48-49,375.0
3531030,2006,51,35.0
3531030,2006,52,200.0
3531030,2006,53,95.0
3531030,2006,54,195.0
3531030,2006,55,0.0
3531030,2006,56,195.0
3531030,2006,61,250.0
3531030,2006,62,535.0
3531030,2006,71,70.0
3531030,2006,72,260.0
3531030,2006,81,260.0
3531030,2006,91,145.0
3531040,2006,11,910.0
3531040,2006,21,45.0
3531040,2006,22,15.0
3531040,2006,23,515.0
3531040,2006,31-33,1735.0
3531040,2006,41,385.0
3531040,2006,44-45,705.0
3531040,2006,48-49,405.0
3531040,2006,51,40.0
3531040,2006,52,185.0
3531040,2006,53,80.0
3531040,2006,54,200.0
3531040,2006,55,10.0
3531040,2006,56,120.0
3531040,2006,61,230.0
3531040,2006,62,555.0
3531040,2006,71,95.0
3531040,2006,72,455.0
3531040,2006,81,290.0
3531040,2006,91,50.0
3532002,2006,11,900.0
3532002,2006,21,0.0
3532002,2006,22,20.0
3532002,2006,23,420.0
3532002,2006,31-33,1095.0
3532002,2006,41,350.0
3532002,2006,44-45,485.0
3532002,2006,48-49,430.0
3532002,2006,51,35.0
3532002,2006,52,125.0
3532002,2006,53,45.0
3532002,2006,54,195.0
3532002,2006,55,10.0
3532002,2006,56,170.0
3532002,2006,61,160.0
3532002,2006,62,440.0
3532002,2006,71,90.0
3532002,2006,72,240.0
3532002,2006,81,295.0
3532002,2006,91,150.0
3532004,2006,11,220.0
3532004,2006,21,10.0
3532004,2006,22,35.0
3532004,2006,23,430.0
3532004,2006,31-33,2015.0
3532004,2006,41,235.0
3532004,2006,44-45,890.0
3532004,2006,48-49,335.0
3532004,2006,51,170.0
3532004,2006,52,185.0
3532004,2006,53,105.0
3532004,2006,54,290.0
3532004,2006,55,0.0
3532004,2006,56,265.0
3532004,2006,61,235.0
3532004,2006,62,700.0
3532004,2006,71,120.0
3532004,2006,72,420.0
3532004,2006,81,375.0
3532004,2006,91,295.0
3532012,2006,11,785.0
3532012,2006,21,20.0
3532012,2006,22,15.0
3532012,2006,23,200.0
3532012,2006,31-33,965.0
3532012,2006,41,210.0
3532012,2006,44-45,350.0
3532012,2006,48-49,380.0
3532012,2006,51,55.0
3532012,2006,52,105.0
3532012,2006,53,25.0
3532012,2006,54,85.0
3532012,2006,55,0.0
3532012,2006,56,105.0
3532012,2006,61,235.0
3532012,2006,62,325.0
3532012,2006,71,30.0
3532012,2006,72,250.0
3532012,2006,81,185.0
3532012,2006,91,120.0
3532018,2006,11,90.0
3532018,2006,21,40.0
3532018,2006,22,40.0
3532018,2006,23,350.0
3532018,2006,31-33,1950.0
3532018,2006,41,355.0
3532018,2006,44-45,755.0
3532018,2006,48-49,380.0
3532018,2006,51,25.0
3532018,2006,52,255.0
3532018,2006,53,105.0
3532018,2006,54,185.0
3532018,2006,55,0.0
3532018,2006,56,240.0
3532018,2006,61,270.0
3532018,2006,62,530.0
3532018,2006,71,105.0
3532018,2006,72,445.0
3532018,2006,81,255.0
3532018,2006,91,195.0
3532027,2006,11,790.0
3532027,2006,21,35.0
3532027,2006,22,30.0
3532027,2006,23,340.0
3532027,2006,31-33,840.0
3532027,2006,41,275.0
3532027,2006,44-45,385.0
3532027,2006,48-49,295.0
3532027,2006,51,40.0
3532027,2006,52,180.0
3532027,2006,53,30.0
3532027,2006,54,245.0
3532027,2006,55,0.0
3532027,2006,56,135.0
3532027,2006,61,335.0
3532027,2006,62,410.0
3532027,2006,71,75.0
3532027,2006,72,225.0
3532027,2006,81,235.0
3532027,2006,91,80.0
3532038,2006,11,490.0
3532038,2006,21,10.0
3532038,2006,22,0.0
3532038,2006,23,235.0
3532038,2006,31-33,745.0
3532038,2006,41,185.0
3532038,2006,44-45,325.0
3532038,2006,48-49,330.0
3532038,2006,51,55.0
3532038,2006,52,155.0
3532038,2006,53,40.0
3532038,2006,54,180.0
3532038,2006,55,0.0
3532038,2006,56,110.0
3532038,2006,61,115.0
3532038,2006,62,500.0
3532038,2006,71,80.0
3532038,2006,72,200.0
3532038,2006,81,135.0
3532038,2006,91,160.0
3532042,2006,11,250.0
3532042,2006,21,45.0
3532042,2006,22,80.0
3532042,2006,23,830.0
3532042,2006,31-33,4945.0
3532042,2006,41,810.0
3532042,2006,44-45,2150.0
3532042,2006,48-49,990.0
3532042,2006,51,235.0
3532042,2006,52,570.0
3532042,2006,53,245.0
3532042,2006,54,600.0
3532042,2006,55,15.0
3532042,2006,56,770.0
3532042,2006,61,940.0
3532042,2006,62,1905.0
3532042,2006,71,335.0
3532042,2006,72,1465.0
3532042,2006,81,905.0
3532042,2006,91,655.0
3532045,2006,11,505.0
3532045,2006,21,0.0
3532045,2006,22,15.0
3532045,2006,23,310.0
3532045,2006,31-33,1095.0
3532045,2006,41,225.0
3532045,2006,44-45,330.0
3532045,2006,48-49,360.0
3532045,2006,51,25.0
3532045,2006,52,185.0
3532045,2006,53,60.0
3532045,2006,54,175.0
3532045,2006,55,10.0
3532045,2006,56,110.0
3532045,2006,61,160.0
3532045,2006,62,210.0
3532045,2006,71,25.0
3532045,2006,72,135.0
3532045,2006,81,215.0
3532045,2006,91,80.0
3534005,2006,11,535.0
3534005,2006,21,15.0
3534005,2006,22,0.0
3534005,2006,23,250.0
3534005,2006,31-33,920.0
3534005,2006,41,65.0
3534005,2006,44-45,265.0
3534005,2006,48-49,240.0
3534005,2006,51,30.0
3534005,2006,52,45.0
3534005,2006,53,30.0
3534005,2006,54,85.0
3534005,2006,55,0.0
3534005,2006,56,120.0
3534005,2006,61,85.0
3534005,2006,62,165.0
3534005,2006,71,50.0
3534005,2006,72,105.0
3534005,2006,81,205.0
3534005,2006,91,55.0
3534010,2006,11,890.0
3534010,2006,21,10.0
3534010,2006,22,25.0
3534010,2006,23,365.0
3534010,2006,31-33,910.0
3534010,2006,41,180.0
3534010,2006,44-45,355.0
3534010,2006,48-49,475.0
3534010,2006,51,75.0
3534010,2006,52,40.0
3534010,2006,53,15.0
3534010,2006,54,155.0
3534010,2006,55,0.0
3534010,2006,56,120.0
3534010,2006,61,145.0
3534010,2006,62,335.0
3534010,2006,71,30.0
3534010,2006,72,135.0
3534010,2006,81,285.0
3534010,2006,91,90.0
3534011,2006,11,155.0
3534011,2006,21,10.0
3534011,2006,22,50.0
3534011,2006,23,180.0
3534011,2006,31-33,785.0
3534011,2006,41,115.0
3534011,2006,44-45,340.0
3534011,2006,48-49,210.0
3534011,2006,51,40.0
3534011,2006,52,85.0
3534011,2006,53,15.0
3534011,2006,54,115.0
3534011,2006,55,0.0
3534011,2006,56,145.0
3534011,2006,61,190.0
3534011,2006,62,345.0
3534011,2006,71,55.0
3534011,2006,72,245.0
3534011,2006,81,195.0
3534011,2006,91,115.0
3534020,2006,11,495.0
3534020,2006,21,15.0
3534020,2006,22,35.0
3534020,2006,23,445.0
3534020,2006,31-33,1265.0
3534020,2006,41,335.0
3534020,2006,44-45,810.0
3534020,2006,48-49,475.0
3534020,2006,51,80.0
3534020,2006,52,160.0
3534020,2006,53,80.0
3534020,2006,54,300.0
3534020,2006,55,0.0
3534020,2006,56,365.0
3534020,2006,61,460.0
3534020,2006,62,990.0
3534020,2006,71,160.0
3534020,2006,72,365.0
3534020,2006,81,330.0
3534020,2006,91,280.0
3534021,2006,11,110.0
3534021,2006,21,20.0
3534021,2006,22,30.0
3534021,2006,23,755.0
3534021,2006,31-33,5305.0
3534021,2006,41,650.0
3534021,2006,44-45,1935.0
3534021,2006,48-49,1100.0
3534021,2006,51,265.0
3534021,2006,52,335.0
3534021,2006,53,200.0
3534021,2006,54,655.0
3534021,2006,55,0.0
3534021,2006,56,975.0
3534021,2006,61,830.0
3534021,2006,62,2360.0
3534021,2006,71,290.0
3534021,2006,72,1425.0
3534021,2006,81,910.0
3534021,2006,91,560.0
3534024,2006,11,405.0
3534024,2006,21,0.0
3534024,2006,22,10.0
3534024,2006,23,195.0
3534024,2006,31-33,555.0
3534024,2006,41,135.0
3534024,2006,44-45,265.0
3534024,2006,48-49,155.0
3534024,2006,51,15.0
3534024,2006,52,45.0
3534024,2006,53,35.0
3534024,2006,54,135.0
3534024,2006,55,0.0
3534024,2006,56,85.0
3534024,2006,61,190.0
3534024,2006,62,310.0
3534024,2006,71,20.0
3534024,2006,72,115.0
3534024,2006,81,130.0
3534024,2006,91,95.0
3534030,2006,11,260.0
3534030,2006,21,0.0
3534030,2006,22,0.0
3534030,2006,23,130.0
3534030,2006,31-33,470.0
3534030,2006,41,95.0
3534030,2006,44-45,215.0
3534030,2006,48-49,115.0
3534030,2006,51,45.0
3534030,2006,52,75.0
3534030,2006,53,10.0
3534030,2006,54,80.0
3534030,2006,55,0.0
3534030,2006,56,85.0
3534030,2006,61,55.0
3534030,2006,62,210.0
3534030,2006,71,45.0
3534030,2006,72,100.0
3534030,2006,81,75.0
3534030,2006,91,40.0
3534042,2006,11,335.0
3534042,2006,21,0.0
3534042,2006,22,0.0
3534042,2006,23,185.0
3534042,2006,31-33,650.0
3534042,2006,41,80.0
3534042,2006,44-45,245.0
3534042,2006,48-49,180.0
3534042,2006,51,25.0
3534042,2006,52,70.0
3534042,2006,53,25.0
3534042,2006,54,75.0
3534042,2006,55,0.0
3534042,2006,56,115.0
3534042,2006,61,100.0
3534042,2006,62,160.0
3534042,2006,71,35.0
3534042,2006,72,145.0
3534042,2006,81,170.0
3534042,2006,91,85.0
3536020,2006,11,4010.0
3536020,2006,21,130.0
3536020,2006,22,925.0
3536020,2006,23,2755.0
3536020,2006,31-33,11765.0
3536020,2006,41,2240.0
3536020,2006,44-45,6610.0
3536020,2006,48-49,2965.0
3536020,2006,51,620.0
3536020,2006,52,1310.0
3536020,2006,53,695.0
3536020,2006,54,1370.0
3536020,2006,55,30.0
3536020,2006,56,3295.0
3536020,2006,61,2870.0
3536020,2006,62,5310.0
3536020,2006,71,1035.0
3536020,2006,72,3535.0
3536020,2006,81,3060.0
3536020,2006,91,1985.0
3536029,2006,11,10.0
3536029,2006,21,0.0
3536029,2006,22,10.0
3536029,2006,23,15.0
3536029,2006,31-33,15.0
3536029,2006,41,0.0
3536029,2006,44-45,15.0
3536029,2006,48-49,0.0
3536029,2006,51,0.0
3536029,2006,52,0.0
3536029,2006,53,0.0
3536029,2006,54,0.0
3536029,2006,55,0.0
3536029,2006,56,10.0
3536029,2006,61,10.0
3536029,2006,62,35.0
3536029,2006,71,10.0
3536029,2006,72,10.0
3536029,2006,81,0.0
3536029,2006,91,50.0
3537001,2006,11,20.0
3537001,2006,21,0.0
3537001,2006,22,0.0
3537001,2006,23,10.0
3537001,2006,31-33,40.0
3537001,2006,41,0.0
3537001,2006,44-45,15.0
3537001,2006,48-49,10.0
3537001,2006,51,0.0
3537001,2006,52,0.0
3537001,2006,53,10.0
3537001,2006,54,0.0
3537001,2006,55,0.0
3537001,2006,56,15.0
3537001,2006,61,0.0
3537001,2006,62,0.0
3537001,2006,71,0.0
3537001,2006,72,25.0
3537001,2006,81,0.0
3537001,2006,91,10.0
3537003,2006,11,3440.0
3537003,2006,21,20.0
3537003,2006,22,25.0
3537003,2006,23,725.0
3537003,2006,31-33,3010.0
3537003,2006,41,595.0
3537003,2006,44-45,1270.0
3537003,2006,48-49,815.0
3537003,2006,51,105.0
3537003,2006,52,280.0
3537003,2006,53,130.0
3537003,2006,54,245.0
3537003,2006,55,0.0
3537003,2006,56,420.0
3537003,2006,61,535.0
3537003,2006,62,940.0
3537003,2006,71,160.0
3537003,2006,72,900.0
3537003,2006,81,565.0
3537003,2006,91,275.0
3537013,2006,11,1580.0
3537013,2006,21,30.0
3537013,2006,22,60.0
3537013,2006,23,650.0
3537013,2006,31-33,2200.0
3537013,2006,41,340.0
3537013,2006,44-45,985.0
3537013,2006,48-49,520.0
3537013,2006,51,125.0
3537013,2006,52,275.0
3537013,2006,53,135.0
3537013,2006,54,390.0
3537013,2006,55,0.0
3537013,2006,56,365.0
3537013,2006,61,690.0
3537013,2006,62,1095.0
3537013,2006,71,240.0
3537013,2006,72,730.0
3537013,2006,81,495.0
3537013,2006,91,310.0
3537016,2006,11,495.0
3537016,2006,21,20.0
3537016,2006,22,75.0
3537016,2006,23,635.0
3537016,2006,31-33,2710.0
3537016,2006,41,385.0
3537016,2006,44-45,1135.0
3537016,2006,48-49,810.0
3537016,2006,51,130.0
3537016,2006,52,245.0
3537016,2006,53,105.0
3537016,2006,54,365.0
3537016,2006,55,0.0
3537016,2006,56,295.0
3537016,2006,61,405.0
3537016,2006,62,1090.0
3537016,2006,71,245.0
3537016,2006,72,620.0
3537016,2006,81,560.0
3537016,2006,91,270.0
3537028,2006,11,245.0
3537028,2006,21,55.0
3537028,2006,22,65.0
3537028,2006,23,650.0
3537028,2006,31-33,2815.0
3537028,2006,41,265.0
3537028,2006,44-45,1155.0
3537028,2006,48-49,425.0
3537028,2006,51,115.0
3537028,2006,52,305.0
3537028,2006,53,140.0
3537028,2006,54,445.0
3537028,2006,55,0.0
3537028,2006,56,290.0
3537028,2006,61,760.0
3537028,2006,62,1265.0
3537028,2006,71,515.0
3537028,2006,72,690.0
3537028,2006,81,510.0
3537028,2006,91,400.0
3537034,2006,11,60.0
3537034,2006,21,80.0
3537034,2006,22,105.0
3537034,2006,23,770.0
3537034,2006,31-33,3440.0
3537034,2006,41,460.0
3537034,2006,44-45,1560.0
3537034,2006,48-49,480.0
3537034,2006,51,200.0
3537034,2006,52,530.0
3537034,2006,53,195.0
3537034,2006,54,865.0
3537034,2006,55,0.0
3537034,2006,56,480.0
3537034,2006,61,1170.0
3537034,2006,62,1570.0
3537034,2006,71,610.0
3537034,2006,72,1075.0
3537034,2006,81,585.0
3537034,2006,91,680.0
3537039,2006,11,735.0
3537039,2006,21,115.0
3537039,2006,22,340.0
3537039,2006,23,4455.0
3537039,2006,31-33,25060.0
3537039,2006,41,2940.0
3537039,2006,44-45,12480.0
3537039,2006,48-49,4395.0
3537039,2006,51,1530.0
3537039,2006,52,2445.0
3537039,2006,53,1405.0
3537039,2006,54,5025.0
3537039,2006,55,110.0
3537039,2006,56,3915.0
3537039,2006,61,7320.0
3537039,2006,62,10325.0
3537039,2006,71,4565.0
3537039,2006,72,9510.0
3537039,2006,81,4765.0
3537039,2006,91,3475.0
3537048,2006,11,120.0
3537048,2006,21,20.0
3537048,2006,22,45.0
3537048,2006,23,610.0
3537048,2006,31-33,3165.0
3537048,2006,41,335.0
3537048,2006,44-45,1555.0
3537048,2006,48-49,475.0
3537048,2006,51,225.0
3537048,2006,52,550.0
3537048,2006,53,335.0
3537048,2006,54,475.0
3537048,2006,55,0.0
3537048,2006,56,275.0
3537048,2006,61,1140.0
3537048,2006,62,1585.0
3537048,2006,71,415.0
3537048,2006,72,985.0
3537048,2006,81,615.0
3537048,2006,91,590.0
3537064,2006,11,405.0
3537064,2006,21,35.0
3537064,2006,22,170.0
3537064,2006,23,1300.0
3537064,2006,31-33,5035.0
3537064,2006,41,565.0
3537064,2006,44-45,1800.0
3537064,2006,48-49,860.0
3537064,2006,51,200.0
3537064,2006,52,690.0
3537064,2006,53,235.0
3537064,2006,54,885.0
3537064,2006,55,25.0
3537064,2006,56,425.0
3537064,2006,61,1060.0
3537064,2006,62,1665.0
3537064,2006,71,440.0
3537064,2006,72,875.0
3537064,2006,81,730.0
3537064,2006,91,715.0
3538003,2006,11,545.0
3538003,2006,21,50.0
3538003,2006,22,205.0
3538003,2006,23,710.0
3538003,2006,31-33,1540.0
3538003,2006,41,245.0
3538003,2006,44-45,815.0
3538003,2006,48-49,450.0
3538003,2006,51,135.0
3538003,2006,52,105.0
3538003,2006,53,130.0
3538003,2006,54,305.0
3538003,2006,55,0.0
3538003,2006,56,520.0
3538003,2006,61,380.0
3538003,2006,62,670.0
3538003,2006,71,245.0
3538003,2006,72,425.0
3538003,2006,81,490.0
3538003,2006,91,320.0
3538004,2006,11,50.0
3538004,2006,21,0.0
3538004,2006,22,10.0
3538004,2006,23,80.0
3538004,2006,31-33,65.0
3538004,2006,41,0.0
3538004,2006,44-45,45.0
3538004,2006,48-49,25.0
3538004,2006,51,10.0
3538004,2006,52,10.0
3538004,2006,53,10.0
3538004,2006,54,20.0
3538004,2006,55,0.0
3538004,2006,56,50.0
3538004,2006,61,45.0
3538004,2006,62,115.0
3538004,2006,71,40.0
3538004,2006,72,60.0
3538004,2006,81,25.0
3538004,2006,91,120.0
3538007,2006,11,360.0
3538007,2006,21,10.0
3538007,2006,22,10.0
3538007,2006,23,70.0
3538007,2006,31-33,190.0
3538007,2006,41,50.0
3538007,2006,44-45,70.0
3538007,2006,48-49,85.0
3538007,2006,51,15.0
3538007,2006,52,20.0
3538007,2006,53,0.0
3538007,2006,54,45.0
3538007,2006,55,0.0
3538007,2006,56,35.0
3538007,2006,61,45.0
3538007,2006,62,110.0
3538007,2006,71,25.0
3538007,2006,72,45.0
3538007,2006,81,45.0
3538007,2006,91,25.0
3538015,2006,11,345.0
3538015,2006,21,0.0
3538015,2006,22,0.0
3538015,2006,23,100.0
3538015,2006,31-33,215.0
3538015,2006,41,105.0
3538015,2006,44-45,125.0
3538015,2006,48-49,125.0
3538015,2006,51,10.0
3538015,2006,52,60.0
3538015,2006,53,15.0
3538015,2006,54,50.0
3538015,2006,55,0.0
3538015,2006,56,30.0
3538015,2006,61,35.0
3538015,2006,62,135.0
3538015,2006,71,15.0
3538015,2006,72,70.0
3538015,2006,81,65.0
3538015,2006,91,35.0
3538016,2006,11,365.0
3538016,2006,21,25.0
3538016,2006,22,40.0
3538016,2006,23,225.0
3538016,2006,31-33,235.0
3538016,2006,41,45.0
3538016,2006,44-45,140.0
3538016,2006,48-49,60.0
3538016,2006,51,15.0
3538016,2006,52,35.0
3538016,2006,53,25.0
3538016,2006,54,45.0
3538016,2006,55,0.0
3538016,2006,56,95.0
3538016,2006,61,55.0
3538016,2006,62,195.0
3538016,2006,71,35.0
3538016,2006,72,35.0
3538016,2006,81,60.0
3538016,2006,91,20.0
3538018,2006,11,10.0
3538018,2006,21,20.0
3538018,2006,22,0.0
3538018,2006,23,20.0
3538018,2006,31-33,85.0
3538018,2006,41,0.0
3538018,2006,44-45,50.0
3538018,2006,48-49,30.0
3538018,2006,51,0.0
3538018,2006,52,20.0
3538018,2006,53,10.0
3538018,2006,54,0.0
3538018,2006,55,0.0
3538018,2006,56,10.0
3538018,2006,61,10.0
3538018,2006,62,60.0
3538018,2006,71,10.0
3538018,2006,72,25.0
3538018,2006,81,10.0
3538018,2006,91,15.0
3538019,2006,11,45.0
3538019,2006,21,30.0
3538019,2006,22,15.0
3538019,2006,23,195.0
3538019,2006,31-33,480.0
3538019,2006,41,70.0
3538019,2006,44-45,275.0
3538019,2006,48-49,100.0
3538019,2006,51,50.0
3538019,2006,52,40.0
3538019,2006,53,80.0
3538019,2006,54,85.0
3538019,2006,55,0.0
3538019,2006,56,170.0
3538019,2006,61,140.0
3538019,2006,62,455.0
3538019,2006,71,35.0
3538019,2006,72,105.0
3538019,2006,81,185.0
3538019,2006,91,75.0
3538030,2006,11,240.0
3538030,2006,21,255.0
3538030,2006,22,485.0
3538030,2006,23,2610.0
3538030,2006,31-33,5065.0
3538030,2006,41,855.0
3538030,2006,44-45,4525.0
3538030,2006,48-49,1555.0
3538030,2006,51,615.0
3538030,2006,52,1045.0
3538030,2006,53,655.0
3538030,2006,54,1790.0
3538030,2006,55,60.0
3538030,2006,56,2310.0
3538030,2006,61,2265.0
3538030,2006,62,3785.0
3538030,2006,71,1005.0
3538030,2006,72,3405.0
3538030,2006,81,2070.0
3538030,2006,91,1285.0
3538031,2006,11,0.0
3538031,2006,21,20.0
3538031,2006,22,15.0
3538031,2006,23,60.0
3538031,2006,31-33,170.0
3538031,2006,41,45.0
3538031,2006,44-45,130.0
3538031,2006,48-49,50.0
3538031,2006,51,0.0
3538031,2006,52,0.0
3538031,2006,53,20.0
3538031,2006,54,50.0
3538031,2006,55,0.0
3538031,2006,56,20.0
3538031,2006,61,35.0
3538031,2006,62,120.0
3538031,2006,71,60.0
3538031,2006,72,55.0
3538031,2006,81,45.0
3538031,2006,91,30.0
3538035,2006,11,385.0
3538035,2006,21,30.0
3538035,2006,22,100.0
3538035,2006,23,325.0
3538035,2006,31-33,600.0
3538035,2006,41,145.0
3538035,2006,44-45,415.0
3538035,2006,48-49,215.0
3538035,2006,51,15.0
3538035,2006,52,90.0
3538035,2006,53,75.0
3538035,2006,54,125.0
3538035,2006,55,0.0
3538035,2006,56,190.0
3538035,2006,61,210.0
3538035,2006,62,460.0
3538035,2006,71,105.0
3538035,2006,72,205.0
3538035,2006,81,250.0
3538035,2006,91,215.0
3538040,2006,11,515.0
3538040,2006,21,35.0
3538040,2006,22,40.0
3538040,2006,23,460.0
3538040,2006,31-33,680.0
3538040,2006,41,240.0
3538040,2006,44-45,700.0
3538040,2006,48-49,290.0
3538040,2006,51,105.0
3538040,2006,52,170.0
3538040,2006,53,125.0
3538040,2006,54,235.0
3538040,2006,55,10.0
3538040,2006,56,185.0
3538040,2006,61,280.0
3538040,2006,62,595.0
3538040,2006,71,190.0
3538040,2006,72,490.0
3538040,2006,81,265.0
3538040,2006,91,180.0
3538043,2006,11,350.0
3538043,2006,21,0.0
3538043,2006,22,10.0
3538043,2006,23,220.0
3538043,2006,31-33,345.0
3538043,2006,41,85.0
3538043,2006,44-45,200.0
3538043,2006,48-49,130.0
3538043,2006,51,35.0
3538043,2006,52,70.0
3538043,2006,53,20.0
3538043,2006,54,55.0
3538043,2006,55,0.0
3538043,2006,56,100.0
3538043,2006,61,80.0
3538043,2006,62,200.0
3538043,2006,71,30.0
3538043,2006,72,90.0
3538043,2006,81,110.0
3538043,2006,91,45.0
3538056,2006,11,25.0
3538056,2006,21,10.0
3538056,2006,22,0.0
3538056,2006,23,45.0
3538056,2006,31-33,40.0
3538056,2006,41,10.0
3538056,2006,44-45,30.0
3538056,2006,48-49,10.0
3538056,2006,51,10.0
3538056,2006,52,0.0
3538056,2006,53,0.0
3538056,2006,54,10.0
3538056,2006,55,0.0
3538056,2006,56,30.0
3538056,2006,61,25.0
3538056,2006,62,65.0
3538056,2006,71,30.0
3538056,2006,72,45.0
3538056,2006,81,15.0
3538056,2006,91,45.0
3539002,2006,11,10.0
3539002,2006,21,0.0
3539002,2006,22,0.0
3539002,2006,23,15.0
3539002,2006,31-33,60.0
3539002,2006,41,0.0
3539002,2006,44-45,45.0
3539002,2006,48-49,30.0
3539002,2006,51,0.0
3539002,2006,52,10.0
3539002,2006,53,0.0
3539002,2006,54,0.0
3539002,2006,55,0.0
3539002,2006,56,0.0
3539002,2006,61,15.0
3539002,2006,62,0.0
3539002,2006,71,10.0
3539002,2006,72,0.0
3539002,2006,81,0.0
3539002,2006,91,0.0
3539005,2006,11,325.0
3539005,2006,21,10.0
3539005,2006,22,20.0
3539005,2006,23,285.0
3539005,2006,31-33,690.0
3539005,2006,41,195.0
3539005,2006,44-45,295.0
3539005,2006,48-49,185.0
3539005,2006,51,10.0
3539005,2006,52,75.0
3539005,2006,53,15.0
3539005,2006,54,80.0
3539005,2006,55,0.0
3539005,2006,56,85.0
3539005,2006,61,145.0
3539005,2006,62,405.0
3539005,2006,71,45.0
3539005,2006,72,120.0
3539005,2006,81,160.0
3539005,2006,91,75.0
3539015,2006,11,775.0
3539015,2006,21,30.0
3539015,2006,22,75.0
3539015,2006,23,845.0
3539015,2006,31-33,2220.0
3539015,2006,41,505.0
3539015,2006,44-45,1205.0
3539015,2006,48-49,495.0
3539015,2006,51,90.0
3539015,2006,52,505.0
3539015,2006,53,185.0
3539015,2006,54,360.0
3539015,2006,55,10.0
3539015,2006,56,380.0
3539015,2006,61,520.0
3539015,2006,62,1130.0
3539015,2006,71,180.0
3539015,2006,72,560.0
3539015,2006,81,575.0
3539015,2006,91,325.0
3539017,2006,11,10.0
3539017,2006,21,0.0
3539017,2006,22,0.0
3539017,2006,23,30.0
3539017,2006,31-33,15.0
3539017,2006,41,10.0
3539017,2006,44-45,40.0
3539017,2006,48-49,20.0
3539017,2006,51,0.0
3539017,2006,52,0.0
3539017,2006,53,0.0
3539017,2006,54,0.0
3539017,2006,55,0.0
3539017,2006,56,20.0
3539017,2006,61,30.0
3539017,2006,62,55.0
3539017,2006,71,0.0
3539017,2006,72,15.0
3539017,2006,81,20.0
3539017,2006,91,40.0
3539018,2006,11,0.0
3539018,2006,21,0.0
3539018,2006,22,0.0
3539018,2006,23,10.0
3539018,2006,31-33,10.0
3539018,2006,41,0.0
3539018,2006,44-45,10.0
3539018,2006,48-49,0.0
3539018,2006,51,0.0
3539018,2006,52,0.0
3539018,2006,53,0.0
3539018,2006,54,10.0
3539018,2006,55,0.0
3539018,2006,56,10.0
3539018,2006,61,0.0
3539018,2006,62,10.0
3539018,2006,71,0.0
3539018,2006,72,0.0
3539018,2006,81,0.0
3539018,2006,91,10.0
3539027,2006,11,655.0
3539027,2006,21,10.0
3539027,2006,22,45.0
3539027,2006,23,605.0
3539027,2006,31-33,1290.0
3539027,2006,41,540.0
3539027,2006,44-45,700.0
3539027,2006,48-49,375.0
3539027,2006,51,95.0
3539027,2006,52,330.0
3539027,2006,53,140.0
3539027,2006,54,360.0
3539027,2006,55,0.0
3539027,2006,56,285.0
3539027,2006,61,365.0
3539027,2006,62,775.0
3539027,2006,71,140.0
3539027,2006,72,395.0
3539027,2006,81,460.0
3539027,2006,91,180.0
3539033,2006,11,775.0
3539033,2006,21,10.0
3539033,2006,22,90.0
3539033,2006,23,810.0
3539033,2006,31-33,1035.0
3539033,2006,41,435.0
3539033,2006,44-45,785.0
3539033,2006,48-49,325.0
3539033,2006,51,160.0
3539033,2006,52,505.0
3539033,2006,53,130.0
3539033,2006,54,580.0
3539033,2006,55,15.0
3539033,2006,56,365.0
3539033,2006,61,700.0
3539033,2006,62,1060.0
3539033,2006,71,185.0
3539033,2006,72,365.0
3539033,2006,81,325.0
3539033,2006,91,320.0
3539036,2006,11,940.0
3539036,2006,21,205.0
3539036,2006,22,840.0
3539036,2006,23,10045.0
3539036,2006,31-33,25015.0
3539036,2006,41,7565.0
3539036,2006,44-45,22025.0
3539036,2006,48-49,7745.0
3539036,2006,51,3970.0
3539036,2006,52,10870.0
3539036,2006,53,3685.0
3539036,2006,54,11505.0
3539036,2006,55,165.0
3539036,2006,56,10035.0
3539036,2006,61,16565.0
3539036,2006,62,24060.0
3539036,2006,71,3410.0
3539036,2006,72,13625.0
3539036,2006,81,9190.0
3539036,2006,91,6400.0
3539041,2006,11,720.0
3539041,2006,21,10.0
3539041,2006,22,45.0
3539041,2006,23,410.0
3539041,2006,31-33,395.0
3539041,2006,41,190.0
3539041,2006,44-45,345.0
3539041,2006,48-49,180.0
3539041,2006,51,35.0
3539041,2006,52,115.0
3539041,2006,53,10.0
3539041,2006,54,105.0
3539041,2006,55,0.0
3539041,2006,56,130.0
3539041,2006,61,150.0
3539041,2006,62,455.0
3539041,2006,71,35.0
3539041,2006,72,205.0
3539041,2006,81,175.0
3539041,2006,91,120.0
3539047,2006,11,390.0
3539047,2006,21,0.0
3539047,2006,22,0.0
3539047,2006,23,140.0
3539047,2006,31-33,235.0
3539047,2006,41,105.0
3539047,2006,44-45,200.0
3539047,2006,48-49,100.0
3539047,2006,51,15.0
3539047,2006,52,15.0
3539047,2006,53,25.0
3539047,2006,54,45.0
3539047,2006,55,0.0
3539047,2006,56,35.0
3539047,2006,61,55.0
3539047,2006,62,235.0
3539047,2006,71,20.0
3539047,2006,72,60.0
3539047,2006,81,65.0
3539047,2006,91,35.0
3539060,2006,11,225.0
3539060,2006,21,0.0
3539060,2006,22,15.0
3539060,2006,23,305.0
3539060,2006,31-33,340.0
3539060,2006,41,100.0
3539060,2006,44-45,260.0
3539060,2006,48-49,140.0
3539060,2006,51,45.0
3539060,2006,52,75.0
3539060,2006,53,10.0
3539060,2006,54,60.0
3539060,2006,55,0.0
3539060,2006,56,80.0
3539060,2006,61,160.0
3539060,2006,62,295.0
3539060,2006,71,35.0
3539060,2006,72,130.0
3539060,2006,81,120.0
3539060,2006,91,75.0
3540005,2006,11,620.0
3540005,2006,21,25.0
3540005,2006,22,40.0
3540005,2006,23,500.0
3540005,2006,31-33,795.0
3540005,2006,41,275.0
3540005,2006,44-45,545.0
3540005,2006,48-49,245.0
3540005,2006,51,85.0
3540005,2006,52,150.0
3540005,2006,53,55.0
3540005,2006,54,120.0
3540005,2006,55,0.0
3540005,2006,56,215.0
3540005,2006,61,245.0
3540005,2006,62,440.0
3540005,2006,71,60.0
3540005,2006,72,345.0
3540005,2006,81,295.0
3540005,2006,91,110.0
3540010,2006,11,470.0
3540010,2006,21,15.0
3540010,2006,22,20.0
3540010,2006,23,330.0
3540010,2006,31-33,555.0
3540010,2006,41,235.0
3540010,2006,44-45,395.0
3540010,2006,48-49,180.0
3540010,2006,51,35.0
3540010,2006,52,105.0
3540010,2006,53,50.0
3540010,2006,54,140.0
3540010,2006,55,10.0
3540010,2006,56,95.0
3540010,2006,61,175.0
3540010,2006,62,430.0
3540010,2006,71,90.0
3540010,2006,72,285.0
3540010,2006,81,130.0
3540010,2006,91,125.0
3540025,2006,11,675.0
3540025,2006,21,80.0
3540025,2006,22,60.0
3540025,2006,23,335.0
3540025,2006,31-33,470.0
3540025,2006,41,215.0
3540025,2006,44-45,405.0
3540025,2006,48-49,135.0
3540025,2006,51,65.0
3540025,2006,52,125.0
3540025,2006,53,35.0
3540025,2006,54,155.0
3540025,2006,55,0.0
3540025,2006,56,65.0
3540025,2006,61,255.0
3540025,2006,62,425.0
3540025,2006,71,110.0
3540025,2006,72,315.0
3540025,2006,81,175.0
3540025,2006,91,115.0
3540028,2006,11,40.0
3540028,2006,21,185.0
3540028,2006,22,20.0
3540028,2006,23,180.0
3540028,2006,31-33,380.0
3540028,2006,41,160.0
3540028,2006,44-45,560.0
3540028,2006,48-49,155.0
3540028,2006,51,65.0
3540028,2006,52,50.0
3540028,2006,53,50.0
3540028,2006,54,165.0
3540028,2006,55,0.0
3540028,2006,56,85.0
3540028,2006,61,250.0
3540028,2006,62,475.0
3540028,2006,71,55.0
3540028,2006,72,410.0
3540028,2006,81,225.0
3540028,2006,91,195.0
3540040,2006,11,995.0
3540040,2006,21,25.0
3540040,2006,22,20.0
3540040,2006,23,360.0
3540040,2006,31-33,1050.0
3540040,2006,41,235.0
3540040,2006,44-45,465.0
3540040,2006,48-49,215.0
3540040,2006,51,20.0
3540040,2006,52,145.0
3540040,2006,53,35.0
3540040,2006,54,135.0
3540040,2006,55,10.0
3540040,2006,56,105.0
3540040,2006,61,255.0
3540040,2006,62,510.0
3540040,2006,71,75.0
3540040,2006,72,260.0
3540040,2006,81,200.0
3540040,2006,91,50.0
3540046,2006,11,435.0
3540046,2006,21,0.0
3540046,2006,22,0.0
3540046,2006,23,135.0
3540046,2006,31-33,370.0
3540046,2006,41,135.0
3540046,2006,44-45,160.0
3540046,2006,48-49,130.0
3540046,2006,51,25.0
3540046,2006,52,40.0
3540046,2006,53,20.0
3540046,2006,54,40.0
3540046,2006,55,0.0
3540046,2006,56,60.0
3540046,2006,61,60.0
3540046,2006,62,210.0
3540046,2006,71,0.0
3540046,2006,72,90.0
3540046,2006,81,95.0
3540046,2006,91,35.0
3540050,2006,11,455.0
3540050,2006,21,10.0
3540050,2006,22,30.0
3540050,2006,23,125.0
3540050,2006,31-33,395.0
3540050,2006,41,90.0
3540050,2006,44-45,165.0
3540050,2006,48-49,70.0
3540050,2006,51,0.0
3540050,2006,52,30.0
3540050,2006,53,25.0
3540050,2006,54,20.0
3540050,2006,55,0.0
3540050,2006,56,45.0
3540050,2006,61,115.0
3540050,2006,62,140.0
3540050,2006,71,0.0
3540050,2006,72,45.0
3540050,2006,81,75.0
3540050,2006,91,70.0
3540055,2006,11,245.0
3540055,2006,21,15.0
3540055,2006,22,20.0
3540055,2006,23,195.0
3540055,2006,31-33,660.0
3540055,2006,41,80.0
3540055,2006,44-45,340.0
3540055,2006,48-49,115.0
3540055,2006,51,25.0
3540055,2006,52,85.0
3540055,2006,53,25.0
3540055,2006,54,60.0
3540055,2006,55,0.0
3540055,2006,56,95.0
3540055,2006,61,130.0
3540055,2006,62,320.0
3540055,2006,71,45.0
3540055,2006,72,185.0
3540055,2006,81,140.0
3540055,2006,91,55.0
3540063,2006,11,625.0
3540063,2006,21,160.0
3540063,2006,22,40.0
3540063,2006,23,260.0
3540063,2006,31-33,255.0
3540063,2006,41,100.0
3540063,2006,44-45,280.0
3540063,2006,48-49,100.0
3540063,2006,51,10.0
3540063,2006,52,45.0
3540063,2006,53,30.0
3540063,2006,54,80.0
3540063,2006,55,0.0
3540063,2006,56,90.0
3540063,2006,61,125.0
3540063,2006,62,225.0
3540063,2006,71,40.0
3540063,2006,72,135.0
3540063,2006,81,135.0
3540063,2006,91,90.0
3541004,2006,11,615.0
3541004,2006,21,15.0
3541004,2006,22,90.0
3541004,2006,23,355.0
3541004,2006,31-33,650.0
3541004,2006,41,170.0
3541004,2006,44-45,360.0
3541004,2006,48-49,130.0
3541004,2006,51,40.0
3541004,2006,52,100.0
3541004,2006,53,20.0
3541004,2006,54,55.0
3541004,2006,55,0.0
3541004,2006,56,80.0
3541004,2006,61,190.0
3541004,2006,62,265.0
3541004,2006,71,40.0
3541004,2006,72,230.0
3541004,2006,81,125.0
3541004,2006,91,45.0
3541015,2006,11,540.0
3541015,2006,21,0.0
3541015,2006,22,420.0
3541015,2006,23,235.0
3541015,2006,31-33,310.0
3541015,2006,41,60.0
3541015,2006,44-45,375.0
3541015,2006,48-49,150.0
3541015,2006,51,30.0
3541015,2006,52,45.0
3541015,2006,53,20.0
3541015,2006,54,105.0
3541015,2006,55,0.0
3541015,2006,56,65.0
3541015,2006,61,205.0
3541015,2006,62,275.0
3541015,2006,71,90.0
3541015,2006,72,240.0
3541015,2006,81,115.0
3541015,2006,91,85.0
3541024,2006,11,450.0
3541024,2006,21,10.0
3541024,2006,22,1500.0
3541024,2006,23,225.0
3541024,2006,31-33,260.0
3541024,2006,41,130.0
3541024,2006,44-45,725.0
3541024,2006,48-49,160.0
3541024,2006,51,130.0
3541024,2006,52,75.0
3541024,2006,53,60.0
3541024,2006,54,275.0
3541024,2006,55,10.0
3541024,2006,56,125.0
3541024,2006,61,250.0
3541024,2006,62,445.0
3541024,2006,71,90.0
3541024,2006,72,520.0
3541024,2006,81,285.0
3541024,2006,91,195.0
3541032,2006,11,580.0
3541032,2006,21,0.0
3541032,2006,22,305.0
3541032,2006,23,445.0
3541032,2006,31-33,740.0
3541032,2006,41,260.0
3541032,2006,44-45,620.0
3541032,2006,48-49,185.0
3541032,2006,51,45.0
3541032,2006,52,95.0
3541032,2006,53,65.0
3541032,2006,54,200.0
3541032,2006,55,0.0
3541032,2006,56,105.0
3541032,2006,61,330.0
3541032,2006,62,520.0
3541032,2006,71,95.0
3541032,2006,72,245.0
3541032,2006,81,290.0
3541032,2006,91,170.0
3541043,2006,11,510.0
3541043,2006,21,10.0
3541043,2006,22,270.0
3541043,2006,23,360.0
3541043,2006,31-33,360.0
3541043,2006,41,85.0
3541043,2006,44-45,385.0
3541043,2006,48-49,150.0
3541043,2006,51,15.0
3541043,2006,52,65.0
3541043,2006,53,15.0
3541043,2006,54,105.0
3541043,2006,55,0.0
3541043,2006,56,70.0
3541043,2006,61,215.0
3541043,2006,62,320.0
3541043,2006,71,95.0
3541043,2006,72,175.0
3541043,2006,81,170.0
3541043,2006,91,110.0
3541045,2006,11,130.0
3541045,2006,21,0.0
3541045,2006,22,1605.0
3541045,2006,23,395.0
3541045,2006,31-33,150.0
3541045,2006,41,85.0
3541045,2006,44-45,795.0
3541045,2006,48-49,225.0
3541045,2006,51,80.0
3541045,2006,52,65.0
3541045,2006,53,110.0
3541045,2006,54,310.0
3541045,2006,55,0.0
3541045,2006,56,95.0
3541045,2006,61,400.0
3541045,2006,62,590.0
3541045,2006,71,130.0
3541045,2006,72,530.0
3541045,2006,81,285.0
3541045,2006,91,160.0
3541055,2006,11,145.0
3541055,2006,21,135.0
3541055,2006,22,100.0
3541055,2006,23,325.0
3541055,2006,31-33,455.0
3541055,2006,41,80.0
3541055,2006,44-45,630.0
3541055,2006,48-49,100.0
3541055,2006,51,50.0
3541055,2006,52,100.0
3541055,2006,53,75.0
3541055,2006,54,170.0
3541055,2006,55,0.0
3541055,2006,56,150.0
3541055,2006,61,230.0
3541055,2006,62,425.0
3541055,2006,71,95.0
3541055,2006,72,390.0
3541055,2006,81,240.0
3541055,2006,91,165.0
3541057,2006,11,10.0
3541057,2006,21,15.0
3541057,2006,22,20.0
3541057,2006,23,35.0
3541057,2006,31-33,10.0
3541057,2006,41,0.0
3541057,2006,44-45,15.0
3541057,2006,48-49,10.0
3541057,2006,51,0.0
3541057,2006,52,0.0
3541057,2006,53,0.0
3541057,2006,54,10.0
3541057,2006,55,0.0
3541057,2006,56,30.0
3541057,2006,61,25.0
3541057,2006,62,60.0
3541057,2006,71,20.0
3541057,2006,72,15.0
3541057,2006,81,0.0
3541057,2006,91,80.0
3541060,2006,11,20.0
3541060,2006,21,0.0
3541060,2006,22,10.0
3541060,2006,23,30.0
3541060,2006,31-33,10.0
3541060,2006,41,0.0
3541060,2006,44-45,10.0
3541060,2006,48-49,10.0
3541060,2006,51,0.0
3541060,2006,52,0.0
3541060,2006,53,0.0
3541060,2006,54,0.0
3541060,2006,55,0.0
3541060,2006,56,0.0
3541060,2006,61,15.0
3541060,2006,62,45.0
3541060,2006,71,15.0
3541060,2006,72,20.0
3541060,2006,81,0.0
3541060,2006,91,70.0
3541069,2006,11,90.0
3541069,2006,21,80.0
3541069,2006,22,15.0
3541069,2006,23,135.0
3541069,2006,31-33,160.0
3541069,2006,41,45.0
3541069,2006,44-45,220.0
3541069,2006,48-49,70.0
3541069,2006,51,10.0
3541069,2006,52,10.0
3541069,2006,53,30.0
3541069,2006,54,80.0
3541069,2006,55,0.0
3541069,2006,56,45.0
3541069,2006,61,120.0
3541069,2006,62,145.0
3541069,2006,71,105.0
3541069,2006,72,240.0
3541069,2006,81,75.0
3541069,2006,91,20.0
3542004,2006,11,830.0
3542004,2006,21,10.0
3542004,2006,22,95.0
3542004,2006,23,590.0
3542004,2006,31-33,1430.0
3542004,2006,41,225.0
3542004,2006,44-45,670.0
3542004,2006,48-49,260.0
3542004,2006,51,80.0
3542004,2006,52,110.0
3542004,2006,53,30.0
3542004,2006,54,260.0
3542004,2006,55,0.0
3542004,2006,56,205.0
3542004,2006,61,245.0
3542004,2006,62,645.0
3542004,2006,71,110.0
3542004,2006,72,340.0
3542004,2006,81,340.0
3542004,2006,91,155.0
3542005,2006,11,425.0
3542005,2006,21,0.0
3542005,2006,22,10.0
3542005,2006,23,395.0
3542005,2006,31-33,1010.0
3542005,2006,41,155.0
3542005,2006,44-45,270.0
3542005,2006,48-49,180.0
3542005,2006,51,25.0
3542005,2006,52,60.0
3542005,2006,53,35.0
3542005,2006,54,130.0
3542005,2006,55,10.0
3542005,2006,56,115.0
3542005,2006,61,135.0
3542005,2006,62,260.0
3542005,2006,71,75.0
3542005,2006,72,170.0
3542005,2006,81,200.0
3542005,2006,91,115.0
3542015,2006,11,565.0
3542015,2006,21,35.0
3542015,2006,22,30.0
3542015,2006,23,490.0
3542015,2006,31-33,760.0
3542015,2006,41,205.0
3542015,2006,44-45,435.0
3542015,2006,48-49,190.0
3542015,2006,51,60.0
3542015,2006,52,75.0
3542015,2006,53,70.0
3542015,2006,54,270.0
3542015,2006,55,0.0
3542015,2006,56,205.0
3542015,2006,61,245.0
3542015,2006,62,475.0
3542015,2006,71,160.0
3542015,2006,72,275.0
3542015,2006,81,240.0
3542015,2006,91,140.0
3542029,2006,11,130.0
3542029,2006,21,0.0
3542029,2006,22,85.0
3542029,2006,23,200.0
3542029,2006,31-33,715.0
3542029,2006,41,105.0
3542029,2006,44-45,495.0
3542029,2006,48-49,95.0
3542029,2006,51,105.0
3542029,2006,52,100.0
3542029,2006,53,40.0
3542029,2006,54,150.0
3542029,2006,55,0.0
3542029,2006,56,65.0
3542029,2006,61,215.0
3542029,2006,62,410.0
3542029,2006,71,90.0
3542029,2006,72,230.0
3542029,2006,81,175.0
3542029,2006,91,100.0
3542037,2006,11,290.0
3542037,2006,21,10.0
3542037,2006,22,40.0
3542037,2006,23,385.0
3542037,2006,31-33,530.0
3542037,2006,41,110.0
3542037,2006,44-45,460.0
3542037,2006,48-49,130.0
3542037,2006,51,25.0
3542037,2006,52,85.0
3542037,2006,53,25.0
3542037,2006,54,155.0
3542037,2006,55,0.0
3542037,2006,56,115.0
3542037,2006,61,120.0
3542037,2006,62,415.0
3542037,2006,71,55.0
3542037,2006,72,195.0
3542037,2006,81,210.0
3542037,2006,91,130.0
3542045,2006,11,175.0
3542045,2006,21,20.0
3542045,2006,22,10.0
3542045,2006,23,455.0
3542045,2006,31-33,265.0
3542045,2006,41,95.0
3542045,2006,44-45,285.0
3542045,2006,48-49,85.0
3542045,2006,51,75.0
3542045,2006,52,135.0
3542045,2006,53,175.0
3542045,2006,54,355.0
3542045,2006,55,10.0
3542045,2006,56,170.0
3542045,2006,61,260.0
3542045,2006,62,325.0
3542045,2006,71,150.0
3542045,2006,72,320.0
3542045,2006,81,115.0
3542045,2006,91,100.0
3542047,2006,11,355.0
3542047,2006,21,10.0
3542047,2006,22,45.0
3542047,2006,23,580.0
3542047,2006,31-33,735.0
3542047,2006,41,85.0
3542047,2006,44-45,700.0
3542047,2006,48-49,140.0
3542047,2006,51,65.0
3542047,2006,52,150.0
3542047,2006,53,145.0
3542047,2006,54,195.0
3542047,2006,55,0.0
3542047,2006,56,255.0
3542047,2006,61,340.0
3542047,2006,62,740.0
3542047,2006,71,230.0
3542047,2006,72,460.0
3542047,2006,81,260.0
3542047,2006,91,330.0
3542053,2006,11,250.0
3542053,2006,21,10.0
3542053,2006,22,100.0
3542053,2006,23,465.0
3542053,2006,31-33,830.0
3542053,2006,41,125.0
3542053,2006,44-45,945.0
3542053,2006,48-49,310.0
3542053,2006,51,105.0
3542053,2006,52,185.0
3542053,2006,53,80.0
3542053,2006,54,190.0
3542053,2006,55,0.0
3542053,2006,56,280.0
3542053,2006,61,315.0
3542053,2006,62,875.0
3542053,2006,71,120.0
3542053,2006,72,295.0
3542053,2006,81,360.0
3542053,2006,91,215.0
3542059,2006,11,45.0
3542059,2006,21,30.0
3542059,2006,22,145.0
3542059,2006,23,620.0
3542059,2006,31-33,1430.0
3542059,2006,41,245.0
3542059,2006,44-45,1560.0
3542059,2006,48-49,330.0
3542059,2006,51,285.0
3542059,2006,52,255.0
3542059,2006,53,175.0
3542059,2006,54,465.0
3542059,2006,55,15.0
3542059,2006,56,680.0
3542059,2006,61,695.0
3542059,2006,62,1540.0
3542059,2006,71,215.0
3542059,2006,72,940.0
3542059,2006,81,460.0
3542059,2006,91,435.0
3543003,2006,11,340.0
3543003,2006,21,0.0
3543003,2006,22,45.0
3543003,2006,23,560.0
3543003,2006,31-33,1070.0
3543003,2006,41,320.0
3543003,2006,44-45,645.0
3543003,2006,48-49,370.0
3543003,2006,51,115.0
3543003,2006,52,130.0
3543003,2006,53,110.0
3543003,2006,54,250.0
3543003,2006,55,0.0
3543003,2006,56,360.0
3543003,2006,61,385.0
3543003,2006,62,525.0
3543003,2006,71,80.0
3543003,2006,72,300.0
3543003,2006,81,305.0
3543003,2006,91,330.0
3543005,2006,11,460.0
3543005,2006,21,15.0
3543005,2006,22,65.0
3543005,2006,23,845.0
3543005,2006,31-33,1260.0
3543005,2006,41,280.0
3543005,2006,44-45,800.0
3543005,2006,48-49,335.0
3543005,2006,51,100.0
3543005,2006,52,130.0
3543005,2006,53,175.0
3543005,2006,54,310.0
3543005,2006,55,0.0
3543005,2006,56,435.0
3543005,2006,61,400.0
3543005,2006,62,620.0
3543005,2006,71,165.0
3543005,2006,72,545.0
3543005,2006,81,385.0
3543005,2006,91,400.0
3543007,2006,11,310.0
3543007,2006,21,20.0
3543007,2006,22,85.0
3543007,2006,23,1295.0
3543007,2006,31-33,3175.0
3543007,2006,41,1060.0
3543007,2006,44-45,1415.0
3543007,2006,48-49,975.0
3543007,2006,51,280.0
3543007,2006,52,305.0
3543007,2006,53,255.0
3543007,2006,54,690.0
3543007,2006,55,10.0
3543007,2006,56,705.0
3543007,2006,61,925.0
3543007,2006,62,1180.0
3543007,2006,71,215.0
3543007,2006,72,1045.0
3543007,2006,81,575.0
3543007,2006,91,555.0
3543009,2006,11,385.0
3543009,2006,21,15.0
3543009,2006,22,110.0
3543009,2006,23,885.0
3543009,2006,31-33,1110.0
3543009,2006,41,480.0
3543009,2006,44-45,1310.0
3543009,2006,48-49,370.0
3543009,2006,51,210.0
3543009,2006,52,295.0
3543009,2006,53,250.0
3543009,2006,54,580.0
3543009,2006,55,30.0
3543009,2006,56,410.0
3543009,2006,61,910.0
3543009,2006,62,950.0
3543009,2006,71,245.0
3543009,2006,72,570.0
3543009,2006,81,405.0
3543009,2006,91,515.0
3543014,2006,11,515.0
3543014,2006,21,10.0
3543014,2006,22,75.0
3543014,2006,23,1495.0
3543014,2006,31-33,2460.0
3543014,2006,41,885.0
3543014,2006,44-45,1585.0
3543014,2006,48-49,705.0
3543014,2006,51,225.0
3543014,2006,52,455.0
3543014,2006,53,210.0
3543014,2006,54,705.0
3543014,2006,55,20.0
3543014,2006,56,640.0
3543014,2006,61,950.0
3543014,2006,62,1080.0
3543014,2006,71,225.0
3543014,2006,72,610.0
3543014,2006,81,660.0
3543014,2006,91,530.0
3543015,2006,11,200.0
3543015,2006,21,55.0
3543015,2006,22,40.0
3543015,2006,23,740.0
3543015,2006,31-33,645.0
3543015,2006,41,185.0
3543015,2006,44-45,795.0
3543015,2006,48-49,295.0
3543015,2006,51,90.0
3543015,2006,52,75.0
3543015,2006,53,105.0
3543015,2006,54,340.0
3543015,2006,55,0.0
3543015,2006,56,285.0
3543015,2006,61,275.0
3543015,2006,62,755.0
3543015,2006,71,415.0
3543015,2006,72,455.0
3543015,2006,81,345.0
3543015,2006,91,375.0
3543017,2006,11,295.0
3543017,2006,21,45.0
3543017,2006,22,170.0
3543017,2006,23,1735.0
3543017,2006,31-33,2820.0
3543017,2006,41,1100.0
3543017,2006,44-45,1945.0
3543017,2006,48-49,935.0
3543017,2006,51,330.0
3543017,2006,52,470.0
3543017,2006,53,310.0
3543017,2006,54,740.0
3543017,2006,55,10.0
3543017,2006,56,845.0
3543017,2006,61,815.0
3543017,2006,62,1130.0
3543017,2006,71,515.0
3543017,2006,72,1080.0
3543017,2006,81,750.0
3543017,2006,91,835.0
3543019,2006,11,125.0
3543019,2006,21,40.0
3543019,2006,22,60.0
3543019,2006,23,530.0
3543019,2006,31-33,535.0
3543019,2006,41,155.0
3543019,2006,44-45,530.0
3543019,2006,48-49,215.0
3543019,2006,51,35.0
3543019,2006,52,65.0
3543019,2006,53,85.0
3543019,2006,54,150.0
3543019,2006,55,0.0
3543019,2006,56,180.0
3543019,2006,61,320.0
3543019,2006,62,385.0
3543019,2006,71,445.0
3543019,2006,72,435.0
3543019,2006,81,235.0
3543019,2006,91,250.0
3543021,2006,11,275.0
3543021,2006,21,0.0
3543021,2006,22,40.0
3543021,2006,23,745.0
3543021,2006,31-33,1305.0
3543021,2006,41,380.0
3543021,2006,44-45,965.0
3543021,2006,48-49,555.0
3543021,2006,51,100.0
3543021,2006,52,120.0
3543021,2006,53,160.0
3543021,2006,54,280.0
3543021,2006,55,0.0
3543021,2006,56,525.0
3543021,2006,61,540.0
3543021,2006,62,605.0
3543021,2006,71,160.0
3543021,2006,72,590.0
3543021,2006,81,385.0
3543021,2006,91,2170.0
3543023,2006,11,275.0
3543023,2006,21,15.0
3543023,2006,22,80.0
3543023,2006,23,1170.0
3543023,2006,31-33,1335.0
3543023,2006,41,445.0
3543023,2006,44-45,1160.0
3543023,2006,48-49,400.0
3543023,2006,51,195.0
3543023,2006,52,250.0
3543023,2006,53,200.0
3543023,2006,54,750.0
3543023,2006,55,10.0
3543023,2006,56,580.0
3543023,2006,61,1040.0
3543023,2006,62,1055.0
3543023,2006,71,435.0
3543023,2006,72,675.0
3543023,2006,81,670.0
3543023,2006,91,730.0
3543031,2006,11,65.0
3543031,2006,21,0.0
3543031,2006,22,35.0
3543031,2006,23,695.0
3543031,2006,31-33,1155.0
3543031,2006,41,280.0
3543031,2006,44-45,1110.0
3543031,2006,48-49,195.0
3543031,2006,51,150.0
3543031,2006,52,205.0
3543031,2006,53,245.0
3543031,2006,54,540.0
3543031,2006,55,20.0
3543031,2006,56,450.0
3543031,2006,61,565.0
3543031,2006,62,795.0
3543031,2006,71,270.0
3543031,2006,72,1205.0
3543031,2006,81,425.0
3543031,2006,91,235.0
3543042,2006,11,260.0
3543042,2006,21,80.0
3543042,2006,22,570.0
3543042,2006,23,5320.0
3543042,2006,31-33,10315.0
3543042,2006,41,3705.0
3543042,2006,44-45,9655.0
3543042,2006,48-49,3810.0
3543042,2006,51,1595.0
3543042,2006,52,2145.0
3543042,2006,53,1465.0
3543042,2006,54,3210.0
3543042,2006,55,70.0
3543042,2006,56,3345.0
3543042,2006,61,4735.0
3543042,2006,62,6550.0
3543042,2006,71,1520.0
3543042,2006,72,5135.0
3543042,2006,81,3235.0
3543042,2006,91,4425.0
3543050,2006,11,0.0
3543050,2006,21,0.0
3543050,2006,22,10.0
3543050,2006,23,30.0
3543050,2006,31-33,15.0
3543050,2006,41,0.0
3543050,2006,44-45,35.0
3543050,2006,48-49,10.0
3543050,2006,51,0.0
3543050,2006,52,0.0
3543050,2006,53,0.0
3543050,2006,54,10.0
3543050,2006,55,0.0
3543050,2006,56,30.0
3543050,2006,61,15.0
3543050,2006,62,70.0
3543050,2006,71,45.0
3543050,2006,72,25.0
3543050,2006,81,0.0
3543050,2006,91,120.0
3543052,2006,11,45.0
3543052,2006,21,40.0
3543052,2006,22,60.0
3543052,2006,23,990.0
3543052,2006,31-33,1285.0
3543052,2006,41,470.0
3543052,2006,44-45,2165.0
3543052,2006,48-49,390.0
3543052,2006,51,195.0
3543052,2006,52,325.0
3543052,2006,53,285.0
3543052,2006,54,550.0
3543052,2006,55,10.0
3543052,2006,56,800.0
3543052,2006,61,860.0
3543052,2006,62,1800.0
3543052,2006,71,1615.0
3543052,2006,72,1785.0
3543052,2006,81,695.0
3543052,2006,91,900.0
3543064,2006,11,25.0
3543064,2006,21,15.0
3543064,2006,22,50.0
3543064,2006,23,605.0
3543064,2006,31-33,710.0
3543064,2006,41,305.0
3543064,2006,44-45,900.0
3543064,2006,48-49,395.0
3543064,2006,51,150.0
3543064,2006,52,195.0
3543064,2006,53,250.0
3543064,2006,54,230.0
3543064,2006,55,0.0
3543064,2006,56,280.0
3543064,2006,61,325.0
3543064,2006,62,630.0
3543064,2006,71,255.0
3543064,2006,72,595.0
3543064,2006,81,250.0
3543064,2006,91,445.0
3543068,2006,11,175.0
3543068,2006,21,40.0
3543068,2006,22,50.0
3543068,2006,23,545.0
3543068,2006,31-33,920.0
3543068,2006,41,285.0
3543068,2006,44-45,510.0
3543068,2006,48-49,180.0
3543068,2006,51,60.0
3543068,2006,52,95.0
3543068,2006,53,70.0
3543068,2006,54,250.0
3543068,2006,55,0.0
3543068,2006,56,235.0
3543068,2006,61,445.0
3543068,2006,62,585.0
3543068,2006,71,140.0
3543068,2006,72,265.0
3543068,2006,81,215.0
3543068,2006,91,310.0
3543069,2006,11,0.0
3543069,2006,21,0.0
3543069,2006,22,10.0
3543069,2006,23,40.0
3543069,2006,31-33,0.0
3543069,2006,41,0.0
3543069,2006,44-45,10.0
3543069,2006,48-49,25.0
3543069,2006,51,10.0
3543069,2006,52,0.0
3543069,2006,53,10.0
3543069,2006,54,0.0
3543069,2006,55,0.0
3543069,2006,56,15.0
3543069,2006,61,20.0
3543069,2006,62,45.0
3543069,2006,71,0.0
3543069,2006,72,10.0
3543069,2006,81,15.0
3543069,2006,91,30.0
3543071,2006,11,60.0
3543071,2006,21,10.0
3543071,2006,22,50.0
3543071,2006,23,510.0
3543071,2006,31-33,1270.0
3543071,2006,41,120.0
3543071,2006,44-45,670.0
3543071,2006,48-49,265.0
3543071,2006,51,55.0
3543071,2006,52,70.0
3543071,2006,53,45.0
3543071,2006,54,175.0
3543071,2006,55,0.0
3543071,2006,56,165.0
3543071,2006,61,185.0
3543071,2006,62,610.0
3543071,2006,71,115.0
3543071,2006,72,255.0
3543071,2006,81,260.0
3543071,2006,91,175.0
3543072,2006,11,10.0
3543072,2006,21,0.0
3543072,2006,22,15.0
3543072,2006,23,335.0
3543072,2006,31-33,925.0
3543072,2006,41,70.0
3543072,2006,44-45,520.0
3543072,2006,48-49,140.0
3543072,2006,51,60.0
3543072,2006,52,140.0
3543072,2006,53,70.0
3543072,2006,54,135.0
3543072,2006,55,0.0
3543072,2006,56,80.0
3543072,2006,61,225.0
3543072,2006,62,715.0
3543072,2006,71,115.0
3543072,2006,72,295.0
3543072,2006,81,185.0
3543072,2006,91,240.0
3543074,2006,11,15.0
3543074,2006,21,55.0
3543074,2006,22,105.0
3543074,2006,23,405.0
3543074,2006,31-33,1885.0
3543074,2006,41,125.0
3543074,2006,44-45,1255.0
3543074,2006,48-49,265.0
3543074,2006,51,95.0
3543074,2006,52,200.0
3543074,2006,53,125.0
3543074,2006,54,265.0
3543074,2006,55,10.0
3543074,2006,56,255.0
3543074,2006,61,480.0
3543074,2006,62,1015.0
3543074,2006,71,260.0
3543074,2006,72,580.0
3543074,2006,81,350.0
3543074,2006,91,280.0
3544002,2006,11,15.0
3544002,2006,21,45.0
3544002,2006,22,45.0
3544002,2006,23,785.0
3544002,2006,31-33,535.0
3544002,2006,41,135.0
3544002,2006,44-45,980.0
3544002,2006,48-49,285.0
3544002,2006,51,90.0
3544002,2006,52,90.0
3544002,2006,53,105.0
3544002,2006,54,225.0
3544002,2006,55,0.0
3544002,2006,56,160.0
3544002,2006,61,195.0
3544002,2006,62,455.0
3544002,2006,71,180.0
3544002,2006,72,580.0
3544002,2006,81,225.0
3544002,2006,91,230.0
3544018,2006,11,35.0
3544018,2006,21,15.0
3544018,2006,22,90.0
3544018,2006,23,1130.0
3544018,2006,31-33,775.0
3544018,2006,41,155.0
3544018,2006,44-45,1195.0
3544018,2006,48-49,340.0
3544018,2006,51,95.0
3544018,2006,52,165.0
3544018,2006,53,220.0
3544018,2006,54,460.0
3544018,2006,55,10.0
3544018,2006,56,435.0
3544018,2006,61,585.0
3544018,2006,62,775.0
3544018,2006,71,330.0
3544018,2006,72,740.0
3544018,2006,81,350.0
3544018,2006,91,555.0
3544027,2006,11,15.0
3544027,2006,21,15.0
3544027,2006,22,15.0
3544027,2006,23,340.0
3544027,2006,31-33,130.0
3544027,2006,41,55.0
3544027,2006,44-45,255.0
3544027,2006,48-49,105.0
3544027,2006,51,20.0
3544027,2006,52,25.0
3544027,2006,53,50.0
3544027,2006,54,110.0
3544027,2006,55,0.0
3544027,2006,56,95.0
3544027,2006,61,95.0
3544027,2006,62,140.0
3544027,2006,71,75.0
3544027,2006,72,190.0
3544027,2006,81,50.0
3544027,2006,91,130.0
3544042,2006,11,120.0
3544042,2006,21,25.0
3544042,2006,22,95.0
3544042,2006,23,1160.0
3544042,2006,31-33,1205.0
3544042,2006,41,220.0
3544042,2006,44-45,1590.0
3544042,2006,48-49,365.0
3544042,2006,51,145.0
3544042,2006,52,195.0
3544042,2006,53,290.0
3544042,2006,54,335.0
3544042,2006,55,10.0
3544042,2006,56,430.0
3544042,2006,61,460.0
3544042,2006,62,1005.0
3544042,2006,71,190.0
3544042,2006,72,1230.0
3544042,2006,81,425.0
3544042,2006,91,300.0
3544053,2006,11,75.0
3544053,2006,21,0.0
3544053,2006,22,15.0
3544053,2006,23,635.0
3544053,2006,31-33,225.0
3544053,2006,41,65.0
3544053,2006,44-45,520.0
3544053,2006,48-49,175.0
3544053,2006,51,70.0
3544053,2006,52,70.0
3544053,2006,53,115.0
3544053,2006,54,155.0
3544053,2006,55,10.0
3544053,2006,56,220.0
3544053,2006,61,170.0
3544053,2006,62,290.0
3544053,2006,71,245.0
3544053,2006,72,260.0
3544053,2006,81,140.0
3544053,2006,91,130.0
3544065,2006,11,10.0
3544065,2006,21,0.0
3544065,2006,22,0.0
3544065,2006,23,145.0
3544065,2006,31-33,120.0
3544065,2006,41,35.0
3544065,2006,44-45,140.0
3544065,2006,48-49,50.0
3544065,2006,51,0.0
3544065,2006,52,10.0
3544065,2006,53,35.0
3544065,2006,54,30.0
3544065,2006,55,0.0
3544065,2006,56,30.0
3544065,2006,61,10.0
3544065,2006,62,60.0
3544065,2006,71,95.0
3544065,2006,72,115.0
3544065,2006,81,65.0
3544065,2006,91,10.0
3544073,2006,11,0.0
3544073,2006,21,0.0
3544073,2006,22,0.0
3544073,2006,23,25.0
3544073,2006,31-33,10.0
3544073,2006,41,0.0
3544073,2006,44-45,0.0
3544073,2006,48-49,10.0
3544073,2006,51,0.0
3544073,2006,52,0.0
3544073,2006,53,0.0
3544073,2006,54,10.0
3544073,2006,55,0.0
3544073,2006,56,0.0
3544073,2006,61,0.0
3544073,2006,62,0.0
3544073,2006,71,15.0
3544073,2006,72,10.0
3544073,2006,81,0.0
3544073,2006,91,10.0
3546005,2006,11,60.0
3546005,2006,21,10.0
3546005,2006,22,10.0
3546005,2006,23,175.0
3546005,2006,31-33,125.0
3546005,2006,41,35.0
3546005,2006,44-45,130.0
3546005,2006,48-49,90.0
3546005,2006,51,25.0
3546005,2006,52,15.0
3546005,2006,53,30.0
3546005,2006,54,50.0
3546005,2006,55,0.0
3546005,2006,56,60.0
3546005,2006,61,65.0
3546005,2006,62,80.0
3546005,2006,71,20.0
3546005,2006,72,165.0
3546005,2006,81,85.0
3546005,2006,91,55.0
3546015,2006,11,45.0
3546015,2006,21,10.0
3546015,2006,22,65.0
3546015,2006,23,525.0
3546015,2006,31-33,105.0
3546015,2006,41,80.0
3546015,2006,44-45,375.0
3546015,2006,48-49,145.0
3546015,2006,51,55.0
3546015,2006,52,65.0
3546015,2006,53,85.0
3546015,2006,54,120.0
3546015,2006,55,10.0
3546015,2006,56,105.0
3546015,2006,61,85.0
3546015,2006,62,250.0
3546015,2006,71,90.0
3546015,2006,72,190.0
3546015,2006,81,115.0
3546015,2006,91,80.0
3546018,2006,11,10.0
3546018,2006,21,0.0
3546018,2006,22,15.0
3546018,2006,23,110.0
3546018,2006,31-33,65.0
3546018,2006,41,30.0
3546018,2006,44-45,150.0
3546018,2006,48-49,20.0
3546018,2006,51,10.0
3546018,2006,52,0.0
3546018,2006,53,75.0
3546018,2006,54,50.0
3546018,2006,55,0.0
3546018,2006,56,100.0
3546018,2006,61,25.0
3546018,2006,62,75.0
3546018,2006,71,35.0
3546018,2006,72,100.0
3546018,2006,81,40.0
3546018,2006,91,40.0
3546024,2006,11,40.0
3546024,2006,21,15.0
3546024,2006,22,25.0
3546024,2006,23,495.0
3546024,2006,31-33,130.0
3546024,2006,41,55.0
3546024,2006,44-45,440.0
3546024,2006,48-49,55.0
3546024,2006,51,65.0
3546024,2006,52,45.0
3546024,2006,53,115.0
3546024,2006,54,85.0
3546024,2006,55,0.0
3546024,2006,56,75.0
3546024,2006,61,225.0
3546024,2006,62,260.0
3546024,2006,71,50.0
3546024,2006,72,225.0
3546024,2006,81,155.0
3546024,2006,91,60.0
3547002,2006,11,10.0
3547002,2006,21,0.0
3547002,2006,22,45.0
3547002,2006,23,235.0
3547002,2006,31-33,690.0
3547002,2006,41,125.0
3547002,2006,44-45,380.0
3547002,2006,48-49,110.0
3547002,2006,51,75.0
3547002,2006,52,105.0
3547002,2006,53,55.0
3547002,2006,54,145.0
3547002,2006,55,0.0
3547002,2006,56,150.0
3547002,2006,61,175.0
3547002,2006,62,445.0
3547002,2006,71,70.0
3547002,2006,72,280.0
3547002,2006,81,135.0
3547002,2006,91,290.0
3547003,2006,11,100.0
3547003,2006,21,10.0
3547003,2006,22,130.0
3547003,2006,23,345.0
3547003,2006,31-33,785.0
3547003,2006,41,140.0
3547003,2006,44-45,525.0
3547003,2006,48-49,130.0
3547003,2006,51,65.0
3547003,2006,52,75.0
3547003,2006,53,75.0
3547003,2006,54,240.0
3547003,2006,55,0.0
3547003,2006,56,120.0
3547003,2006,61,200.0
3547003,2006,62,415.0
3547003,2006,71,75.0
3547003,2006,72,300.0
3547003,2006,81,150.0
3547003,2006,91,205.0
3547008,2006,11,70.0
3547008,2006,21,0.0
3547008,2006,22,15.0
3547008,2006,23,195.0
3547008,2006,31-33,160.0
3547008,2006,41,50.0
3547008,2006,44-45,130.0
3547008,2006,48-49,10.0
3547008,2006,51,0.0
3547008,2006,52,15.0
3547008,2006,53,10.0
3547008,2006,54,65.0
3547008,2006,55,0.0
3547008,2006,56,60.0
3547008,2006,61,85.0
3547008,2006,62,180.0
3547008,2006,71,40.0
3547008,2006,72,115.0
3547008,2006,81,20.0
3547008,2006,91,85.0
3547020,2006,11,130.0
3547020,2006,21,0.0
3547020,2006,22,10.0
3547020,2006,23,110.0
3547020,2006,31-33,145.0
3547020,2006,41,0.0
3547020,2006,44-45,75.0
3547020,2006,48-49,25.0
3547020,2006,51,10.0
3547020,2006,52,0.0
3547020,2006,53,10.0
3547020,2006,54,20.0
3547020,2006,55,0.0
3547020,2006,56,35.0
3547020,2006,61,30.0
3547020,2006,62,75.0
3547020,2006,71,15.0
3547020,2006,72,30.0
3547020,2006,81,35.0
3547020,2006,91,20.0
3547030,2006,11,145.0
3547030,2006,21,0.0
3547030,2006,22,10.0
3547030,2006,23,195.0
3547030,2006,31-33,230.0
3547030,2006,41,45.0
3547030,2006,44-45,285.0
3547030,2006,48-49,35.0
3547030,2006,51,90.0
3547030,2006,52,20.0
3547030,2006,53,30.0
3547030,2006,54,45.0
3547030,2006,55,0.0
3547030,2006,56,60.0
3547030,2006,61,145.0
3547030,2006,62,250.0
3547030,2006,71,45.0
3547030,2006,72,165.0
3547030,2006,81,110.0
3547030,2006,91,50.0
3547033,2006,11,125.0
3547033,2006,21,0.0
3547033,2006,22,0.0
3547033,2006,23,110.0
3547033,2006,31-33,175.0
3547033,2006,41,55.0
3547033,2006,44-45,175.0
3547033,2006,48-49,65.0
3547033,2006,51,0.0
3547033,2006,52,20.0
3547033,2006,53,10.0
3547033,2006,54,45.0
3547033,2006,55,0.0
3547033,2006,56,45.0
3547033,2006,61,95.0
3547033,2006,62,110.0
3547033,2006,71,25.0
3547033,2006,72,70.0
3547033,2006,81,75.0
3547033,2006,91,65.0
3547035,2006,11,135.0
3547035,2006,21,15.0
3547035,2006,22,30.0
3547035,2006,23,140.0
3547035,2006,31-33,245.0
3547035,2006,41,95.0
3547035,2006,44-45,195.0
3547035,2006,48-49,120.0
3547035,2006,51,20.0
3547035,2006,52,35.0
3547035,2006,53,10.0
3547035,2006,54,45.0
3547035,2006,55,0.0
3547035,2006,56,45.0
3547035,2006,61,110.0
3547035,2006,62,170.0
3547035,2006,71,25.0
3547035,2006,72,130.0
3547035,2006,81,120.0
3547035,2006,91,130.0
3547037,2006,11,10.0
3547037,2006,21,0.0
3547037,2006,22,10.0
3547037,2006,23,10.0
3547037,2006,31-33,20.0
3547037,2006,41,0.0
3547037,2006,44-45,15.0
3547037,2006,48-49,10.0
3547037,2006,51,10.0
3547037,2006,52,0.0
3547037,2006,53,0.0
3547037,2006,54,0.0
3547037,2006,55,0.0
3547037,2006,56,10.0
3547037,2006,61,0.0
3547037,2006,62,35.0
3547037,2006,71,0.0
3547037,2006,72,0.0
3547037,2006,81,10.0
3547037,2006,91,25.0
3547043,2006,11,270.0
3547043,2006,21,0.0
3547043,2006,22,35.0
3547043,2006,23,125.0
3547043,2006,31-33,205.0
3547043,2006,41,25.0
3547043,2006,44-45,135.0
3547043,2006,48-49,45.0
3547043,2006,51,10.0
3547043,2006,52,35.0
3547043,2006,53,10.0
3547043,2006,54,30.0
3547043,2006,55,0.0
3547043,2006,56,35.0
3547043,2006,61,75.0
3547043,2006,62,155.0
3547043,2006,71,0.0
3547043,2006,72,70.0
3547043,2006,81,70.0
3547043,2006,91,70.0
3547046,2006,11,65.0
3547046,2006,21,10.0
3547046,2006,22,25.0
3547046,2006,23,160.0
3547046,2006,31-33,310.0
3547046,2006,41,50.0
3547046,2006,44-45,170.0
3547046,2006,48-49,70.0
3547046,2006,51,25.0
3547046,2006,52,15.0
3547046,2006,53,15.0
3547046,2006,54,45.0
3547046,2006,55,0.0
3547046,2006,56,70.0
3547046,2006,61,70.0
3547046,2006,62,150.0
3547046,2006,71,40.0
3547046,2006,72,115.0
3547046,2006,81,60.0
3547046,2006,91,60.0
3547048,2006,11,20.0
3547048,2006,21,25.0
3547048,2006,22,65.0
3547048,2006,23,320.0
3547048,2006,31-33,820.0
3547048,2006,41,135.0
3547048,2006,44-45,605.0
3547048,2006,48-49,65.0
3547048,2006,51,85.0
3547048,2006,52,45.0
3547048,2006,53,40.0
3547048,2006,54,120.0
3547048,2006,55,0.0
3547048,2006,56,200.0
3547048,2006,61,155.0
3547048,2006,62,340.0
3547048,2006,71,30.0
3547048,2006,72,235.0
3547048,2006,81,185.0
3547048,2006,91,145.0
3547056,2006,11,385.0
3547056,2006,21,10.0
3547056,2006,22,70.0
3547056,2006,23,225.0
3547056,2006,31-33,465.0
3547056,2006,41,130.0
3547056,2006,44-45,385.0
3547056,2006,48-49,90.0
3547056,2006,51,35.0
3547056,2006,52,90.0
3547056,2006,53,45.0
3547056,2006,54,185.0
3547056,2006,55,0.0
3547056,2006,56,90.0
3547056,2006,61,270.0
3547056,2006,62,430.0
3547056,2006,71,65.0
3547056,2006,72,160.0
3547056,2006,81,185.0
3547056,2006,91,235.0
3547064,2006,11,80.0
3547064,2006,21,30.0
3547064,2006,22,70.0
3547064,2006,23,420.0
3547064,2006,31-33,535.0
3547064,2006,41,110.0
3547064,2006,44-45,1000.0
3547064,2006,48-49,225.0
3547064,2006,51,110.0
3547064,2006,52,95.0
3547064,2006,53,110.0
3547064,2006,54,370.0
3547064,2006,55,0.0
3547064,2006,56,225.0
3547064,2006,61,455.0
3547064,2006,62,880.0
3547064,2006,71,65.0
3547064,2006,72,460.0
3547064,2006,81,195.0
3547064,2006,91,605.0
3547070,2006,11,60.0
3547070,2006,21,0.0
3547070,2006,22,15.0
3547070,2006,23,205.0
3547070,2006,31-33,135.0
3547070,2006,41,45.0
3547070,2006,44-45,170.0
3547070,2006,48-49,85.0
3547070,2006,51,15.0
3547070,2006,52,35.0
3547070,2006,53,0.0
3547070,2006,54,65.0
3547070,2006,55,0.0
3547070,2006,56,10.0
3547070,2006,61,90.0
3547070,2006,62,195.0
3547070,2006,71,30.0
3547070,2006,72,125.0
3547070,2006,81,130.0
3547070,2006,91,70.0
3547075,2006,11,175.0
3547075,2006,21,20.0
3547075,2006,22,75.0
3547075,2006,23,360.0
3547075,2006,31-33,485.0
3547075,2006,41,130.0
3547075,2006,44-45,600.0
3547075,2006,48-49,175.0
3547075,2006,51,70.0
3547075,2006,52,80.0
3547075,2006,53,55.0
3547075,2006,54,350.0
3547075,2006,55,0.0
3547075,2006,56,145.0
3547075,2006,61,355.0
3547075,2006,62,680.0
3547075,2006,71,60.0
3547075,2006,72,205.0
3547075,2006,81,275.0
3547075,2006,91,595.0
3547076,2006,11,25.0
3547076,2006,21,0.0
3547076,2006,22,50.0
3547076,2006,23,230.0
3547076,2006,31-33,160.0
3547076,2006,41,60.0
3547076,2006,44-45,595.0
3547076,2006,48-49,155.0
3547076,2006,51,85.0
3547076,2006,52,85.0
3547076,2006,53,120.0
3547076,2006,54,435.0
3547076,2006,55,0.0
3547076,2006,56,280.0
3547076,2006,61,430.0
3547076,2006,62,700.0
3547076,2006,71,80.0
3547076,2006,72,415.0
3547076,2006,81,245.0
3547076,2006,91,3865.0
3547090,2006,11,35.0
3547090,2006,21,0.0
3547090,2006,22,45.0
3547090,2006,23,35.0
3547090,2006,31-33,40.0
3547090,2006,41,10.0
3547090,2006,44-45,100.0
3547090,2006,48-49,40.0
3547090,2006,51,0.0
3547090,2006,52,20.0
3547090,2006,53,30.0
3547090,2006,54,295.0
3547090,2006,55,0.0
3547090,2006,56,70.0
3547090,2006,61,70.0
3547090,2006,62,175.0
3547090,2006,71,30.0
3547090,2006,72,90.0
3547090,2006,81,80.0
3547090,2006,91,255.0
3547096,2006,11,10.0
3547096,2006,21,0.0
3547096,2006,22,30.0
3547096,2006,23,35.0
3547096,2006,31-33,60.0
3547096,2006,41,10.0
3547096,2006,44-45,220.0
3547096,2006,48-49,35.0
3547096,2006,51,30.0
3547096,2006,52,20.0
3547096,2006,53,15.0
3547096,2006,54,765.0
3547096,2006,55,0.0
3547096,2006,56,45.0
3547096,2006,61,175.0
3547096,2006,62,110.0
3547096,2006,71,60.0
3547096,2006,72,75.0
3547096,2006,81,65.0
3547096,2006,91,160.0
3547098,2006,11,10.0
3547098,2006,21,10.0
3547098,2006,22,0.0
3547098,2006,23,25.0
3547098,2006,31-33,25.0
3547098,2006,41,0.0
3547098,2006,44-45,0.0
3547098,2006,48-49,10.0
3547098,2006,51,0.0
3547098,2006,52,10.0
3547098,2006,53,0.0
3547098,2006,54,0.0
3547098,2006,55,0.0
3547098,2006,56,0.0
3547098,2006,61,0.0
3547098,2006,62,0.0
3547098,2006,71,0.0
3547098,2006,72,40.0
3547098,2006,81,0.0
3547098,2006,91,10.0
3548001,2006,11,100.0
3548001,2006,21,0.0
3548001,2006,22,0.0
3548001,2006,23,50.0
3548001,2006,31-33,80.0
3548001,2006,41,0.0
3548001,2006,44-45,15.0
3548001,2006,48-49,55.0
3548001,2006,51,0.0
3548001,2006,52,0.0
3548001,2006,53,0.0
3548001,2006,54,15.0
3548001,2006,55,10.0
3548001,2006,56,20.0
3548001,2006,61,30.0
3548001,2006,62,0.0
3548001,2006,71,15.0
3548001,2006,72,125.0
3548001,2006,81,10.0
3548001,2006,91,60.0
3548013,2006,11,40.0
3548013,2006,21,15.0
3548013,2006,22,0.0
3548013,2006,23,80.0
3548013,2006,31-33,100.0
3548013,2006,41,10.0
3548013,2006,44-45,35.0
3548013,2006,48-49,10.0
3548013,2006,51,0.0
3548013,2006,52,25.0
3548013,2006,53,0.0
3548013,2006,54,0.0
3548013,2006,55,0.0
3548013,2006,56,10.0
3548013,2006,61,45.0
3548013,2006,62,25.0
3548013,2006,71,10.0
3548013,2006,72,30.0
3548013,2006,81,25.0
3548013,2006,91,20.0
3548019,2006,11,0.0
3548019,2006,21,0.0
3548019,2006,22,0.0
3548019,2006,23,0.0
3548019,2006,31-33,35.0
3548019,2006,41,0.0
3548019,2006,44-45,0.0
3548019,2006,48-49,0.0
3548019,2006,51,0.0
3548019,2006,52,0.0
3548019,2006,53,0.0
3548019,2006,54,0.0
3548019,2006,55,0.0
3548019,2006,56,15.0
3548019,2006,61,0.0
3548019,2006,62,15.0
3548019,2006,71,0.0
3548019,2006,72,0.0
3548019,2006,81,10.0
3548019,2006,91,20.0
3548021,2006,11,90.0
3548021,2006,21,10.0
3548021,2006,22,10.0
3548021,2006,23,35.0
3548021,2006,31-33,120.0
3548021,2006,41,20.0
3548021,2006,44-45,80.0
3548021,2006,48-49,45.0
3548021,2006,51,0.0
3548021,2006,52,10.0
3548021,2006,53,10.0
3548021,2006,54,20.0
3548021,2006,55,0.0
3548021,2006,56,25.0
3548021,2006,61,55.0
3548021,2006,62,110.0
3548021,2006,71,15.0
3548021,2006,72,100.0
3548021,2006,81,15.0
3548021,2006,91,15.0
3548022,2006,11,35.0
3548022,2006,21,0.0
3548022,2006,22,0.0
3548022,2006,23,20.0
3548022,2006,31-33,50.0
3548022,2006,41,20.0
3548022,2006,44-45,20.0
3548022,2006,48-49,10.0
3548022,2006,51,0.0
3548022,2006,52,0.0
3548022,2006,53,10.0
3548022,2006,54,0.0
3548022,2006,55,0.0
3548022,2006,56,0.0
3548022,2006,61,10.0
3548022,2006,62,30.0
3548022,2006,71,0.0
3548022,2006,72,10.0
3548022,2006,81,10.0
3548022,2006,91,10.0
3548027,2006,11,80.0
3548027,2006,21,35.0
3548027,2006,22,0.0
3548027,2006,23,55.0
3548027,2006,31-33,120.0
3548027,2006,41,45.0
3548027,2006,44-45,70.0
3548027,2006,48-49,65.0
3548027,2006,51,15.0
3548027,2006,52,55.0
3548027,2006,53,25.0
3548027,2006,54,35.0
3548027,2006,55,0.0
3548027,2006,56,45.0
3548027,2006,61,50.0
3548027,2006,62,165.0
3548027,2006,71,15.0
3548027,2006,72,30.0
3548027,2006,81,30.0
3548027,2006,91,105.0
3548031,2006,11,70.0
3548031,2006,21,10.0
3548031,2006,22,0.0
3548031,2006,23,65.0
3548031,2006,31-33,75.0
3548031,2006,41,20.0
3548031,2006,44-45,60.0
3548031,2006,48-49,10.0
3548031,2006,51,0.0
3548031,2006,52,0.0
3548031,2006,53,10.0
3548031,2006,54,35.0
3548031,2006,55,0.0
3548031,2006,56,40.0
3548031,2006,61,25.0
3548031,2006,62,80.0
3548031,2006,71,10.0
3548031,2006,72,35.0
3548031,2006,81,35.0
3548031,2006,91,75.0
3548034,2006,11,15.0
3548034,2006,21,35.0
3548034,2006,22,25.0
3548034,2006,23,205.0
3548034,2006,31-33,175.0
3548034,2006,41,125.0
3548034,2006,44-45,295.0
3548034,2006,48-49,165.0
3548034,2006,51,10.0
3548034,2006,52,40.0
3548034,2006,53,35.0
3548034,2006,54,90.0
3548034,2006,55,0.0
3548034,2006,56,55.0
3548034,2006,61,195.0
3548034,2006,62,270.0
3548034,2006,71,20.0
3548034,2006,72,75.0
3548034,2006,81,195.0
3548034,2006,91,150.0
3548044,2006,11,60.0
3548044,2006,21,305.0
3548044,2006,22,230.0
3548044,2006,23,1350.0
3548044,2006,31-33,1530.0
3548044,2006,41,735.0
3548044,2006,44-45,3940.0
3548044,2006,48-49,1835.0
3548044,2006,51,550.0
3548044,2006,52,700.0
3548044,2006,53,525.0
3548044,2006,54,1215.0
3548044,2006,55,10.0
3548044,2006,56,1710.0
3548044,2006,61,2235.0
3548044,2006,62,3580.0
3548044,2006,71,385.0
3548044,2006,72,2290.0
3548044,2006,81,1315.0
3548044,2006,91,2160.0
3548055,2006,11,205.0
3548055,2006,21,85.0
3548055,2006,22,105.0
3548055,2006,23,535.0
3548055,2006,31-33,390.0
3548055,2006,41,265.0
3548055,2006,44-45,690.0
3548055,2006,48-49,375.0
3548055,2006,51,30.0
3548055,2006,52,130.0
3548055,2006,53,50.0
3548055,2006,54,175.0
3548055,2006,55,0.0
3548055,2006,56,170.0
3548055,2006,61,555.0
3548055,2006,62,840.0
3548055,2006,71,95.0
3548055,2006,72,420.0
3548055,2006,81,275.0
3548055,2006,91,510.0
3548069,2006,11,0.0
3548069,2006,21,0.0
3548069,2006,22,10.0
3548069,2006,23,75.0
3548069,2006,31-33,25.0
3548069,2006,41,0.0
3548069,2006,44-45,80.0
3548069,2006,48-49,45.0
3548069,2006,51,0.0
3548069,2006,52,0.0
3548069,2006,53,20.0
3548069,2006,54,0.0
3548069,2006,55,0.0
3548069,2006,56,25.0
3548069,2006,61,10.0
3548069,2006,62,20.0
3548069,2006,71,10.0
3548069,2006,72,50.0
3548069,2006,81,35.0
3548069,2006,91,35.0
3548073,2006,11,15.0
3548073,2006,21,10.0
3548073,2006,22,0.0
3548073,2006,23,45.0
3548073,2006,31-33,25.0
3548073,2006,41,20.0
3548073,2006,44-45,55.0
3548073,2006,48-49,30.0
3548073,2006,51,10.0
3548073,2006,52,10.0
3548073,2006,53,0.0
3548073,2006,54,10.0
3548073,2006,55,0.0
3548073,2006,56,25.0
3548073,2006,61,50.0
3548073,2006,62,75.0
3548073,2006,71,15.0
3548073,2006,72,45.0
3548073,2006,81,35.0
3548073,2006,91,115.0
3548094,2006,11,15.0
3548094,2006,21,15.0
3548094,2006,22,0.0
3548094,2006,23,85.0
3548094,2006,31-33,210.0
3548094,2006,41,15.0
3548094,2006,44-45,70.0
3548094,2006,48-49,35.0
3548094,2006,51,0.0
3548094,2006,52,15.0
3548094,2006,53,20.0
3548094,2006,54,35.0
3548094,2006,55,0.0
3548094,2006,56,25.0
3548094,2006,61,90.0
3548094,2006,62,100.0
3548094,2006,71,0.0
3548094,2006,72,55.0
3548094,2006,81,30.0
3548094,2006,91,50.0
3549003,2006,11,20.0
3549003,2006,21,0.0
3549003,2006,22,30.0
3549003,2006,23,290.0
3549003,2006,31-33,190.0
3549003,2006,41,45.0
3549003,2006,44-45,310.0
3549003,2006,48-49,80.0
3549003,2006,51,35.0
3549003,2006,52,30.0
3549003,2006,53,75.0
3549003,2006,54,60.0
3549003,2006,55,0.0
3549003,2006,56,120.0
3549003,2006,61,125.0
3549003,2006,62,240.0
3549003,2006,71,140.0
3549003,2006,72,195.0
3549003,2006,81,65.0
3549003,2006,91,120.0
3549005,2006,11,0.0
3549005,2006,21,0.0
3549005,2006,22,0.0
3549005,2006,23,60.0
3549005,2006,31-33,15.0
3549005,2006,41,0.0
3549005,2006,44-45,40.0
3549005,2006,48-49,15.0
3549005,2006,51,10.0
3549005,2006,52,0.0
3549005,2006,53,10.0
3549005,2006,54,10.0
3549005,2006,55,0.0
3549005,2006,56,0.0
3549005,2006,61,0.0
3549005,2006,62,10.0
3549005,2006,71,60.0
3549005,2006,72,50.0
3549005,2006,81,20.0
3549005,2006,91,15.0
3549012,2006,11,15.0
3549012,2006,21,10.0
3549012,2006,22,10.0
3549012,2006,23,95.0
3549012,2006,31-33,65.0
3549012,2006,41,10.0
3549012,2006,44-45,60.0
3549012,2006,48-49,20.0
3549012,2006,51,10.0
3549012,2006,52,10.0
3549012,2006,53,0.0
3549012,2006,54,10.0
3549012,2006,55,0.0
3549012,2006,56,25.0
3549012,2006,61,10.0
3549012,2006,62,10.0
3549012,2006,71,10.0
3549012,2006,72,45.0
3549012,2006,81,20.0
3549012,2006,91,20.0
3549014,2006,11,0.0
3549014,2006,21,15.0
3549014,2006,22,0.0
3549014,2006,23,135.0
3549014,2006,31-33,195.0
3549014,2006,41,25.0
3549014,2006,44-45,140.0
3549014,2006,48-49,15.0
3549014,2006,51,15.0
3549014,2006,52,10.0
3549014,2006,53,20.0
3549014,2006,54,20.0
3549014,2006,55,0.0
3549014,2006,56,55.0
3549014,2006,61,45.0
3549014,2006,62,85.0
3549014,2006,71,20.0
3549014,2006,72,160.0
3549014,2006,81,20.0
3549014,2006,91,40.0
3549018,2006,11,0.0
3549018,2006,21,10.0
3549018,2006,22,0.0
3549018,2006,23,55.0
3549018,2006,31-33,75.0
3549018,2006,41,0.0
3549018,2006,44-45,60.0
3549018,2006,48-49,10.0
3549018,2006,51,10.0
3549018,2006,52,10.0
3549018,2006,53,10.0
3549018,2006,54,10.0
3549018,2006,55,0.0
3549018,2006,56,0.0
3549018,2006,61,10.0
3549018,2006,62,20.0
3549018,2006,71,0.0
3549018,2006,72,55.0
3549018,2006,81,10.0
3549018,2006,91,15.0
3549019,2006,11,10.0
3549019,2006,21,0.0
3549019,2006,22,10.0
3549019,2006,23,80.0
3549019,2006,31-33,40.0
3549019,2006,41,30.0
3549019,2006,44-45,65.0
3549019,2006,48-49,55.0
3549019,2006,51,10.0
3549019,2006,52,10.0
3549019,2006,53,25.0
3549019,2006,54,0.0
3549019,2006,55,0.0
3549019,2006,56,40.0
3549019,2006,61,70.0
3549019,2006,62,40.0
3549019,2006,71,0.0
3549019,2006,72,35.0
3549019,2006,81,20.0
3549019,2006,91,15.0
3549022,2006,11,15.0
3549022,2006,21,0.0
3549022,2006,22,0.0
3549022,2006,23,50.0
3549022,2006,31-33,85.0
3549022,2006,41,0.0
3549022,2006,44-45,45.0
3549022,2006,48-49,10.0
3549022,2006,51,10.0
3549022,2006,52,0.0
3549022,2006,53,15.0
3549022,2006,54,20.0
3549022,2006,55,0.0
3549022,2006,56,10.0
3549022,2006,61,20.0
3549022,2006,62,40.0
3549022,2006,71,10.0
3549022,2006,72,30.0
3549022,2006,81,0.0
3549022,2006,91,10.0
3549024,2006,11,0.0
3549024,2006,21,0.0
3549024,2006,22,0.0
3549024,2006,23,50.0
3549024,2006,31-33,75.0
3549024,2006,41,20.0
3549024,2006,44-45,30.0
3549024,2006,48-49,15.0
3549024,2006,51,10.0
3549024,2006,52,0.0
3549024,2006,53,20.0
3549024,2006,54,15.0
3549024,2006,55,0.0
3549024,2006,56,10.0
3549024,2006,61,25.0
3549024,2006,62,15.0
3549024,2006,71,10.0
3549024,2006,72,20.0
3549024,2006,81,20.0
3549024,2006,91,0.0
3549028,2006,11,10.0
3549028,2006,21,0.0
3549028,2006,22,0.0
3549028,2006,23,25.0
3549028,2006,31-33,30.0
3549028,2006,41,20.0
3549028,2006,44-45,75.0
3549028,2006,48-49,20.0
3549028,2006,51,10.0
3549028,2006,52,0.0
3549028,2006,53,0.0
3549028,2006,54,0.0
3549028,2006,55,0.0
3549028,2006,56,35.0
3549028,2006,61,30.0
3549028,2006,62,50.0
3549028,2006,71,20.0
3549028,2006,72,40.0
3549028,2006,81,15.0
3549028,2006,91,70.0
3549031,2006,11,0.0
3549031,2006,21,0.0
3549031,2006,22,10.0
3549031,2006,23,205.0
3549031,2006,31-33,85.0
3549031,2006,41,55.0
3549031,2006,44-45,190.0
3549031,2006,48-49,100.0
3549031,2006,51,25.0
3549031,2006,52,30.0
3549031,2006,53,45.0
3549031,2006,54,60.0
3549031,2006,55,0.0
3549031,2006,56,55.0
3549031,2006,61,130.0
3549031,2006,62,175.0
3549031,2006,71,60.0
3549031,2006,72,100.0
3549031,2006,81,95.0
3549031,2006,91,95.0
3549032,2006,11,20.0
3549032,2006,21,0.0
3549032,2006,22,10.0
3549032,2006,23,290.0
3549032,2006,31-33,225.0
3549032,2006,41,50.0
3549032,2006,44-45,470.0
3549032,2006,48-49,95.0
3549032,2006,51,65.0
3549032,2006,52,45.0
3549032,2006,53,60.0
3549032,2006,54,135.0
3549032,2006,55,0.0
3549032,2006,56,95.0
3549032,2006,61,140.0
3549032,2006,62,485.0
3549032,2006,71,100.0
3549032,2006,72,310.0
3549032,2006,81,110.0
3549032,2006,91,85.0
3549036,2006,11,10.0
3549036,2006,21,0.0
3549036,2006,22,15.0
3549036,2006,23,55.0
3549036,2006,31-33,30.0
3549036,2006,41,0.0
3549036,2006,44-45,75.0
3549036,2006,48-49,10.0
3549036,2006,51,10.0
3549036,2006,52,15.0
3549036,2006,53,10.0
3549036,2006,54,15.0
3549036,2006,55,0.0
3549036,2006,56,85.0
3549036,2006,61,55.0
3549036,2006,62,65.0
3549036,2006,71,30.0
3549036,2006,72,35.0
3549036,2006,81,10.0
3549036,2006,91,55.0
3549039,2006,11,10.0
3549039,2006,21,0.0
3549039,2006,22,0.0
3549039,2006,23,65.0
3549039,2006,31-33,25.0
3549039,2006,41,10.0
3549039,2006,44-45,30.0
3549039,2006,48-49,30.0
3549039,2006,51,0.0
3549039,2006,52,0.0
3549039,2006,53,0.0
3549039,2006,54,10.0
3549039,2006,55,0.0
3549039,2006,56,0.0
3549039,2006,61,25.0
3549039,2006,62,50.0
3549039,2006,71,20.0
3549039,2006,72,70.0
3549039,2006,81,60.0
3549039,2006,91,40.0
3549043,2006,11,10.0
3549043,2006,21,0.0
3549043,2006,22,0.0
3549043,2006,23,80.0
3549043,2006,31-33,65.0
3549043,2006,41,30.0
3549043,2006,44-45,95.0
3549043,2006,48-49,55.0
3549043,2006,51,0.0
3549043,2006,52,25.0
3549043,2006,53,10.0
3549043,2006,54,40.0
3549043,2006,55,0.0
3549043,2006,56,15.0
3549043,2006,61,20.0
3549043,2006,62,85.0
3549043,2006,71,35.0
3549043,2006,72,60.0
3549043,2006,81,55.0
3549043,2006,91,25.0
3549046,2006,11,30.0
3549046,2006,21,0.0
3549046,2006,22,0.0
3549046,2006,23,75.0
3549046,2006,31-33,90.0
3549046,2006,41,25.0
3549046,2006,44-45,80.0
3549046,2006,48-49,25.0
3549046,2006,51,20.0
3549046,2006,52,10.0
3549046,2006,53,10.0
3549046,2006,54,0.0
3549046,2006,55,0.0
3549046,2006,56,15.0
3549046,2006,61,65.0
3549046,2006,62,65.0
3549046,2006,71,25.0
3549046,2006,72,65.0
3549046,2006,81,20.0
3549046,2006,91,25.0
3549048,2006,11,0.0
3549048,2006,21,0.0
3549048,2006,22,0.0
3549048,2006,23,0.0
3549048,2006,31-33,20.0
3549048,2006,41,0.0
3549048,2006,44-45,125.0
3549048,2006,48-49,0.0
3549048,2006,51,0.0
3549048,2006,52,10.0
3549048,2006,53,10.0
3549048,2006,54,10.0
3549048,2006,55,0.0
3549048,2006,56,0.0
3549048,2006,61,50.0
3549048,2006,62,65.0
3549048,2006,71,0.0
3549048,2006,72,30.0
3549048,2006,81,10.0
3549048,2006,91,45.0
3549051,2006,11,10.0
3549051,2006,21,0.0
3549051,2006,22,0.0
3549051,2006,23,25.0
3549051,2006,31-33,10.0
3549051,2006,41,10.0
3549051,2006,44-45,0.0
3549051,2006,48-49,10.0
3549051,2006,51,0.0
3549051,2006,52,0.0
3549051,2006,53,0.0
3549051,2006,54,0.0
3549051,2006,55,0.0
3549051,2006,56,15.0
3549051,2006,61,10.0
3549051,2006,62,10.0
3549051,2006,71,0.0
3549051,2006,72,0.0
3549051,2006,81,10.0
3549051,2006,91,0.0
3549054,2006,11,15.0
3549054,2006,21,0.0
3549054,2006,22,10.0
3549054,2006,23,30.0
3549054,2006,31-33,30.0
3549054,2006,41,10.0
3549054,2006,44-45,50.0
3549054,2006,48-49,40.0
3549054,2006,51,20.0
3549054,2006,52,0.0
3549054,2006,53,0.0
3549054,2006,54,15.0
3549054,2006,55,0.0
3549054,2006,56,40.0
3549054,2006,61,20.0
3549054,2006,62,60.0
3549054,2006,71,15.0
3549054,2006,72,10.0
3549054,2006,81,15.0
3549054,2006,91,25.0
3549056,2006,11,0.0
3549056,2006,21,0.0
3549056,2006,22,0.0
3549056,2006,23,15.0
3549056,2006,31-33,65.0
3549056,2006,41,15.0
3549056,2006,44-45,65.0
3549056,2006,48-49,20.0
3549056,2006,51,10.0
3549056,2006,52,0.0
3549056,2006,53,0.0
3549056,2006,54,10.0
3549056,2006,55,0.0
3549056,2006,56,10.0
3549056,2006,61,25.0
3549056,2006,62,70.0
3549056,2006,71,0.0
3549056,2006,72,25.0
3549056,2006,81,40.0
3549056,2006,91,20.0
3549060,2006,11,95.0
3549060,2006,21,15.0
3549060,2006,22,20.0
3549060,2006,23,110.0
3549060,2006,31-33,125.0
3549060,2006,41,55.0
3549060,2006,44-45,190.0
3549060,2006,48-49,110.0
3549060,2006,51,30.0
3549060,2006,52,30.0
3549060,2006,53,20.0
3549060,2006,54,30.0
3549060,2006,55,0.0
3549060,2006,56,70.0
3549060,2006,61,175.0
3549060,2006,62,250.0
3549060,2006,71,20.0
3549060,2006,72,55.0
3549060,2006,81,65.0
3549060,2006,91,60.0
3549066,2006,11,15.0
3549066,2006,21,10.0
3549066,2006,22,45.0
3549066,2006,23,130.0
3549066,2006,31-33,180.0
3549066,2006,41,45.0
3549066,2006,44-45,210.0
3549066,2006,48-49,180.0
3549066,2006,51,15.0
3549066,2006,52,35.0
3549066,2006,53,55.0
3549066,2006,54,45.0
3549066,2006,55,15.0
3549066,2006,56,40.0
3549066,2006,61,160.0
3549066,2006,62,200.0
3549066,2006,71,45.0
3549066,2006,72,140.0
3549066,2006,81,40.0
3549066,2006,91,110.0
3549071,2006,11,40.0
3549071,2006,21,0.0
3549071,2006,22,10.0
3549071,2006,23,45.0
3549071,2006,31-33,70.0
3549071,2006,41,70.0
3549071,2006,44-45,90.0
3549071,2006,48-49,80.0
3549071,2006,51,0.0
3549071,2006,52,30.0
3549071,2006,53,35.0
3549071,2006,54,35.0
3549071,2006,55,0.0
3549071,2006,56,25.0
3549071,2006,61,35.0
3549071,2006,62,115.0
3549071,2006,71,0.0
3549071,2006,72,105.0
3549071,2006,81,35.0
3549071,2006,91,30.0
3549072,2006,11,10.0
3549072,2006,21,0.0
3549072,2006,22,0.0
3549072,2006,23,20.0
3549072,2006,31-33,10.0
3549072,2006,41,0.0
3549072,2006,44-45,0.0
3549072,2006,48-49,0.0
3549072,2006,51,0.0
3549072,2006,52,0.0
3549072,2006,53,0.0
3549072,2006,54,0.0
3549072,2006,55,0.0
3549072,2006,56,10.0
3549072,2006,61,10.0
3549072,2006,62,15.0
3549072,2006,71,10.0
3549072,2006,72,15.0
3549072,2006,81,0.0
3549072,2006,91,25.0
3549073,2006,11,10.0
3549073,2006,21,0.0
3549073,2006,22,10.0
3549073,2006,23,40.0
3549073,2006,31-33,0.0
3549073,2006,41,0.0
3549073,2006,44-45,30.0
3549073,2006,48-49,10.0
3549073,2006,51,0.0
3549073,2006,52,10.0
3549073,2006,53,0.0
3549073,2006,54,0.0
3549073,2006,55,0.0
3549073,2006,56,10.0
3549073,2006,61,15.0
3549073,2006,62,25.0
3549073,2006,71,0.0
3549073,2006,72,10.0
3549073,2006,81,10.0
3549073,2006,91,35.0
3549076,2006,11,0.0
3549076,2006,21,0.0
3549076,2006,22,0.0
3549076,2006,23,10.0
3549076,2006,31-33,10.0
3549076,2006,41,0.0
3549076,2006,44-45,0.0
3549076,2006,48-49,0.0
3549076,2006,51,0.0
3549076,2006,52,0.0
3549076,2006,53,0.0
3549076,2006,54,10.0
3549076,2006,55,0.0
3549076,2006,56,0.0
3549076,2006,61,0.0
3549076,2006,62,0.0
3549076,2006,71,10.0
3549076,2006,72,0.0
3549076,2006,81,0.0
3549076,2006,91,10.0
3549077,2006,11,10.0
3549077,2006,21,0.0
3549077,2006,22,0.0
3549077,2006,23,10.0
3549077,2006,31-33,0.0
3549077,2006,41,0.0
3549077,2006,44-45,0.0
3549077,2006,48-49,0.0
3549077,2006,51,0.0
3549077,2006,52,0.0
3549077,2006,53,0.0
3549077,2006,54,0.0
3549077,2006,55,0.0
3549077,2006,56,0.0
3549077,2006,61,10.0
3549077,2006,62,15.0
3549077,2006,71,10.0
3549077,2006,72,15.0
3549077,2006,81,10.0
3549077,2006,91,20.0
3549078,2006,11,0.0
3549078,2006,21,0.0
3549078,2006,22,0.0
3549078,2006,23,0.0
3549078,2006,31-33,0.0
3549078,2006,41,0.0
3549078,2006,44-45,0.0
3549078,2006,48-49,0.0
3549078,2006,51,0.0
3549078,2006,52,0.0
3549078,2006,53,0.0
3549078,2006,54,0.0
3549078,2006,55,0.0
3549078,2006,56,0.0
3549078,2006,61,0.0
3549078,2006,62,0.0
3549078,2006,71,0.0
3549078,2006,72,0.0
3549078,2006,81,0.0
3549078,2006,91,15.0
3549095,2006,11,0.0
3549095,2006,21,0.0
3549095,2006,22,0.0
3549095,2006,23,30.0
3549095,2006,31-33,20.0
3549095,2006,41,10.0
3549095,2006,44-45,25.0
3549095,2006,48-49,0.0
3549095,2006,51,0.0
3549095,2006,52,0.0
3549095,2006,53,0.0
3549095,2006,54,0.0
3549095,2006,55,0.0
3549095,2006,56,0.0
3549095,2006,61,15.0
3549095,2006,62,20.0
3549095,2006,71,10.0
3549095,2006,72,0.0
3549095,2006,81,0.0
3549095,2006,91,0.0
3549096,2006,11,50.0
3549096,2006,21,0.0
3549096,2006,22,0.0
3549096,2006,23,170.0
3549096,2006,31-33,75.0
3549096,2006,41,40.0
3549096,2006,44-45,85.0
3549096,2006,48-49,95.0
3549096,2006,51,30.0
3549096,2006,52,0.0
3549096,2006,53,15.0
3549096,2006,54,20.0
3549096,2006,55,0.0
3549096,2006,56,30.0
3549096,2006,61,40.0
3549096,2006,62,40.0
3549096,2006,71,25.0
3549096,2006,72,90.0
3549096,2006,81,75.0
3549096,2006,91,0.0
3551001,2006,11,15.0
3551001,2006,21,0.0
3551001,2006,22,0.0
3551001,2006,23,10.0
3551001,2006,31-33,10.0
3551001,2006,41,0.0
3551001,2006,44-45,10.0
3551001,2006,48-49,20.0
3551001,2006,51,0.0
3551001,2006,52,0.0
3551001,2006,53,0.0
3551001,2006,54,10.0
3551001,2006,55,0.0
3551001,2006,56,10.0
3551001,2006,61,0.0
3551001,2006,62,15.0
3551001,2006,71,0.0
3551001,2006,72,35.0
3551001,2006,81,10.0
3551001,2006,91,15.0
3551006,2006,11,25.0
3551006,2006,21,0.0
3551006,2006,22,0.0
3551006,2006,23,75.0
3551006,2006,31-33,65.0
3551006,2006,41,0.0
3551006,2006,44-45,120.0
3551006,2006,48-49,80.0
3551006,2006,51,25.0
3551006,2006,52,10.0
3551006,2006,53,10.0
3551006,2006,54,65.0
3551006,2006,55,0.0
3551006,2006,56,25.0
3551006,2006,61,45.0
3551006,2006,62,160.0
3551006,2006,71,10.0
3551006,2006,72,100.0
3551006,2006,81,40.0
3551006,2006,91,35.0
3551011,2006,11,15.0
3551011,2006,21,0.0
3551011,2006,22,0.0
3551011,2006,23,45.0
3551011,2006,31-33,20.0
3551011,2006,41,35.0
3551011,2006,44-45,80.0
3551011,2006,48-49,20.0
3551011,2006,51,10.0
3551011,2006,52,0.0
3551011,2006,53,0.0
3551011,2006,54,15.0
3551011,2006,55,0.0
3551011,2006,56,0.0
3551011,2006,61,40.0
3551011,2006,62,70.0
3551011,2006,71,0.0
3551011,2006,72,0.0
3551011,2006,81,25.0
3551011,2006,91,20.0
3551017,2006,11,65.0
3551017,2006,21,20.0
3551017,2006,22,30.0
3551017,2006,23,125.0
3551017,2006,31-33,60.0
3551017,2006,41,10.0
3551017,2006,44-45,170.0
3551017,2006,48-49,55.0
3551017,2006,51,20.0
3551017,2006,52,35.0
3551017,2006,53,0.0
3551017,2006,54,45.0
3551017,2006,55,0.0
3551017,2006,56,40.0
3551017,2006,61,70.0
3551017,2006,62,230.0
3551017,2006,71,35.0
3551017,2006,72,115.0
3551017,2006,81,40.0
3551017,2006,91,45.0
3551021,2006,11,25.0
3551021,2006,21,0.0
3551021,2006,22,0.0
3551021,2006,23,10.0
3551021,2006,31-33,0.0
3551021,2006,41,10.0
3551021,2006,44-45,40.0
3551021,2006,48-49,50.0
3551021,2006,51,0.0
3551021,2006,52,10.0
3551021,2006,53,0.0
3551021,2006,54,15.0
3551021,2006,55,0.0
3551021,2006,56,10.0
3551021,2006,61,25.0
3551021,2006,62,30.0
3551021,2006,71,0.0
3551021,2006,72,25.0
3551021,2006,81,0.0
3551021,2006,91,15.0
3551026,2006,11,20.0
3551026,2006,21,10.0
3551026,2006,22,0.0
3551026,2006,23,30.0
3551026,2006,31-33,25.0
3551026,2006,41,10.0
3551026,2006,44-45,40.0
3551026,2006,48-49,135.0
3551026,2006,51,0.0
3551026,2006,52,10.0
3551026,2006,53,0.0
3551026,2006,54,0.0
3551026,2006,55,0.0
3551026,2006,56,0.0
3551026,2006,61,25.0
3551026,2006,62,65.0
3551026,2006,71,10.0
3551026,2006,72,30.0
3551026,2006,81,10.0
3551026,2006,91,25.0
3551028,2006,11,20.0
3551028,2006,21,25.0
3551028,2006,22,0.0
3551028,2006,23,10.0
3551028,2006,31-33,10.0
3551028,2006,41,0.0
3551028,2006,44-45,10.0
3551028,2006,48-49,0.0
3551028,2006,51,0.0
3551028,2006,52,0.0
3551028,2006,53,0.0
3551028,2006,54,0.0
3551028,2006,55,0.0
3551028,2006,56,10.0
3551028,2006,61,10.0
3551028,2006,62,10.0
3551028,2006,71,0.0
3551028,2006,72,10.0
3551028,2006,81,10.0
3551028,2006,91,0.0
3551040,2006,11,10.0
3551040,2006,21,0.0
3551040,2006,22,0.0
3551040,2006,23,20.0
3551040,2006,31-33,10.0
3551040,2006,41,0.0
3551040,2006,44-45,0.0
3551040,2006,48-49,0.0
3551040,2006,51,0.0
3551040,2006,52,0.0
3551040,2006,53,0.0
3551040,2006,54,0.0
3551040,2006,55,0.0
3551040,2006,56,0.0
3551040,2006,61,0.0
3551040,2006,62,25.0
3551040,2006,71,10.0
3551040,2006,72,10.0
3551040,2006,81,10.0
3551040,2006,91,55.0
3551041,2006,11,10.0
3551041,2006,21,0.0
3551041,2006,22,0.0
3551041,2006,23,15.0
3551041,2006,31-33,0.0
3551041,2006,41,0.0
3551041,2006,44-45,15.0
3551041,2006,48-49,0.0
3551041,2006,51,10.0
3551041,2006,52,0.0
3551041,2006,53,0.0
3551041,2006,54,0.0
3551041,2006,55,0.0
3551041,2006,56,0.0
3551041,2006,61,0.0
3551041,2006,62,30.0
3551041,2006,71,0.0
3551041,2006,72,15.0
3551041,2006,81,0.0
3551041,2006,91,30.0
3551042,2006,11,0.0
3551042,2006,21,0.0
3551042,2006,22,0.0
3551042,2006,23,10.0
3551042,2006,31-33,0.0
3551042,2006,41,0.0
3551042,2006,44-45,0.0
3551042,2006,48-49,0.0
3551042,2006,51,0.0
3551042,2006,52,0.0
3551042,2006,53,0.0
3551042,2006,54,0.0
3551042,2006,55,0.0
3551042,2006,56,0.0
3551042,2006,61,0.0
3551042,2006,62,0.0
3551042,2006,71,0.0
3551042,2006,72,0.0
3551042,2006,81,0.0
3551042,2006,91,35.0
3551043,2006,11,65.0
3551043,2006,21,0.0
3551043,2006,22,0.0
3551043,2006,23,80.0
3551043,2006,31-33,30.0
3551043,2006,41,0.0
3551043,2006,44-45,65.0
3551043,2006,48-49,15.0
3551043,2006,51,15.0
3551043,2006,52,0.0
3551043,2006,53,0.0
3551043,2006,54,10.0
3551043,2006,55,0.0
3551043,2006,56,25.0
3551043,2006,61,90.0
3551043,2006,62,195.0
3551043,2006,71,45.0
3551043,2006,72,50.0
3551043,2006,81,30.0
3551043,2006,91,175.0
3551044,2006,11,0.0
3551044,2006,21,0.0
3551044,2006,22,0.0
3551044,2006,23,0.0
3551044,2006,31-33,0.0
3551044,2006,41,0.0
3551044,2006,44-45,10.0
3551044,2006,48-49,0.0
3551044,2006,51,0.0
3551044,2006,52,0.0
3551044,2006,53,0.0
3551044,2006,54,0.0
3551044,2006,55,0.0
3551044,2006,56,0.0
3551044,2006,61,0.0
3551044,2006,62,10.0
3551044,2006,71,0.0
3551044,2006,72,10.0
3551044,2006,81,0.0
3551044,2006,91,15.0
3551045,2006,11,15.0
3551045,2006,21,0.0
3551045,2006,22,0.0
3551045,2006,23,35.0
3551045,2006,31-33,10.0
3551045,2006,41,0.0
3551045,2006,44-45,40.0
3551045,2006,48-49,20.0
3551045,2006,51,0.0
3551045,2006,52,0.0
3551045,2006,53,0.0
3551045,2006,54,10.0
3551045,2006,55,0.0
3551045,2006,56,10.0
3551045,2006,61,30.0
3551045,2006,62,50.0
3551045,2006,71,20.0
3551045,2006,72,20.0
3551045,2006,81,15.0
3551045,2006,91,90.0
3551100,2006,11,0.0
3551100,2006,21,0.0
3551100,2006,22,0.0
3551100,2006,23,0.0
3551100,2006,31-33,0.0
3551100,2006,41,0.0
3551100,2006,44-45,0.0
3551100,2006,48-49,0.0
3551100,2006,51,0.0
3551100,2006,52,0.0
3551100,2006,53,0.0
3551100,2006,54,0.0
3551100,2006,55,0.0
3551100,2006,56,0.0
3551100,2006,61,0.0
3551100,2006,62,0.0
3551100,2006,71,0.0
3551100,2006,72,0.0
3551100,2006,81,0.0
3551100,2006,91,10.0
3552001,2006,11,75.0
3552001,2006,21,45.0
3552001,2006,22,0.0
3552001,2006,23,130.0
3552001,2006,31-33,185.0
3552001,2006,41,35.0
3552001,2006,44-45,185.0
3552001,2006,48-49,55.0
3552001,2006,51,0.0
3552001,2006,52,20.0
3552001,2006,53,0.0
3552001,2006,54,20.0
3552001,2006,55,0.0
3552001,2006,56,35.0
3552001,2006,61,45.0
3552001,2006,62,85.0
3552001,2006,71,10.0
3552001,2006,72,90.0
3552001,2006,81,75.0
3552001,2006,91,75.0
3552004,2006,11,40.0
3552004,2006,21,10.0
3552004,2006,22,0.0
3552004,2006,23,55.0
3552004,2006,31-33,35.0
3552004,2006,41,20.0
3552004,2006,44-45,50.0
3552004,2006,48-49,15.0
3552004,2006,51,15.0
3552004,2006,52,15.0
3552004,2006,53,0.0
3552004,2006,54,0.0
3552004,2006,55,0.0
3552004,2006,56,25.0
3552004,2006,61,30.0
3552004,2006,62,75.0
3552004,2006,71,0.0
3552004,2006,72,20.0
3552004,2006,81,25.0
3552004,2006,91,55.0
3552013,2006,11,50.0
3552013,2006,21,70.0
3552013,2006,22,30.0
3552013,2006,23,80.0
3552013,2006,31-33,100.0
3552013,2006,41,40.0
3552013,2006,44-45,75.0
3552013,2006,48-49,125.0
3552013,2006,51,0.0
3552013,2006,52,20.0
3552013,2006,53,10.0
3552013,2006,54,60.0
3552013,2006,55,0.0
3552013,2006,56,70.0
3552013,2006,61,65.0
3552013,2006,62,90.0
3552013,2006,71,0.0
3552013,2006,72,65.0
3552013,2006,81,65.0
3552013,2006,91,80.0
3552023,2006,11,95.0
3552023,2006,21,65.0
3552023,2006,22,0.0
3552023,2006,23,90.0
3552023,2006,31-33,175.0
3552023,2006,41,50.0
3552023,2006,44-45,240.0
3552023,2006,48-49,110.0
3552023,2006,51,10.0
3552023,2006,52,35.0
3552023,2006,53,10.0
3552023,2006,54,45.0
3552023,2006,55,0.0
3552023,2006,56,20.0
3552023,2006,61,40.0
3552023,2006,62,165.0
3552023,2006,71,45.0
3552023,2006,72,115.0
3552023,2006,81,30.0
3552023,2006,91,110.0
3552026,2006,11,40.0
3552026,2006,21,40.0
3552026,2006,22,0.0
3552026,2006,23,175.0
3552026,2006,31-33,495.0
3552026,2006,41,65.0
3552026,2006,44-45,415.0
3552026,2006,48-49,85.0
3552026,2006,51,15.0
3552026,2006,52,65.0
3552026,2006,53,20.0
3552026,2006,54,60.0
3552026,2006,55,10.0
3552026,2006,56,50.0
3552026,2006,61,125.0
3552026,2006,62,325.0
3552026,2006,71,40.0
3552026,2006,72,280.0
3552026,2006,81,100.0
3552026,2006,91,95.0
3552028,2006,11,0.0
3552028,2006,21,10.0
3552028,2006,22,0.0
3552028,2006,23,15.0
3552028,2006,31-33,50.0
3552028,2006,41,0.0
3552028,2006,44-45,75.0
3552028,2006,48-49,10.0
3552028,2006,51,0.0
3552028,2006,52,15.0
3552028,2006,53,0.0
3552028,2006,54,0.0
3552028,2006,55,0.0
3552028,2006,56,10.0
3552028,2006,61,20.0
3552028,2006,62,15.0
3552028,2006,71,0.0
3552028,2006,72,15.0
3552028,2006,81,10.0
3552028,2006,91,0.0
3552031,2006,11,10.0
3552031,2006,21,30.0
3552031,2006,22,0.0
3552031,2006,23,0.0
3552031,2006,31-33,35.0
3552031,2006,41,0.0
3552031,2006,44-45,65.0
3552031,2006,48-49,20.0
3552031,2006,51,0.0
3552031,2006,52,0.0
3552031,2006,53,0.0
3552031,2006,54,0.0
3552031,2006,55,0.0
3552031,2006,56,10.0
3552031,2006,61,0.0
3552031,2006,62,20.0
3552031,2006,71,0.0
3552031,2006,72,25.0
3552031,2006,81,10.0
3552031,2006,91,20.0
3552051,2006,11,0.0
3552051,2006,21,0.0
3552051,2006,22,0.0
3552051,2006,23,15.0
3552051,2006,31-33,0.0
3552051,2006,41,10.0
3552051,2006,44-45,10.0
3552051,2006,48-49,10.0
3552051,2006,51,10.0
3552051,2006,52,0.0
3552051,2006,53,0.0
3552051,2006,54,0.0
3552051,2006,55,0.0
3552051,2006,56,15.0
3552051,2006,61,0.0
3552051,2006,62,20.0
3552051,2006,71,0.0
3552051,2006,72,0.0
3552051,2006,81,10.0
3552051,2006,91,30.0
3552052,2006,11,10.0
3552052,2006,21,0.0
3552052,2006,22,0.0
3552052,2006,23,15.0
3552052,2006,31-33,0.0
3552052,2006,41,0.0
3552052,2006,44-45,0.0
3552052,2006,48-49,0.0
3552052,2006,51,0.0
3552052,2006,52,0.0
3552052,2006,53,0.0
3552052,2006,54,0.0
3552052,2006,55,0.0
3552052,2006,56,0.0
3552052,2006,61,10.0
3552052,2006,62,10.0
3552052,2006,71,0.0
3552052,2006,72,0.0
3552052,2006,81,0.0
3552052,2006,91,15.0
3552054,2006,11,0.0
3552054,2006,21,0.0
3552054,2006,22,0.0
3552054,2006,23,0.0
3552054,2006,31-33,0.0
3552054,2006,41,0.0
3552054,2006,44-45,0.0
3552054,2006,48-49,10.0
3552054,2006,51,0.0
3552054,2006,52,0.0
3552054,2006,53,0.0
3552054,2006,54,0.0
3552054,2006,55,0.0
3552054,2006,56,0.0
3552054,2006,61,0.0
3552054,2006,62,0.0
3552054,2006,71,0.0
3552054,2006,72,0.0
3552054,2006,81,0.0
3552054,2006,91,10.0
3552058,2006,11,0.0
3552058,2006,21,0.0
3552058,2006,22,0.0
3552058,2006,23,0.0
3552058,2006,31-33,0.0
3552058,2006,41,0.0
3552058,2006,44-45,0.0
3552058,2006,48-49,0.0
3552058,2006,51,0.0
3552058,2006,52,0.0
3552058,2006,53,0.0
3552058,2006,54,0.0
3552058,2006,55,0.0
3552058,2006,56,0.0
3552058,2006,61,0.0
3552058,2006,62,10.0
3552058,2006,71,0.0
3552058,2006,72,0.0
3552058,2006,81,0.0
3552058,2006,91,10.0
3552092,2006,11,80.0
3552092,2006,21,10.0
3552092,2006,22,10.0
3552092,2006,23,55.0
3552092,2006,31-33,230.0
3552092,2006,41,0.0
3552092,2006,44-45,155.0
3552092,2006,48-49,190.0
3552092,2006,51,0.0
3552092,2006,52,10.0
3552092,2006,53,0.0
3552092,2006,54,10.0
3552092,2006,55,0.0
3552092,2006,56,20.0
3552092,2006,61,130.0
3552092,2006,62,125.0
3552092,2006,71,10.0
3552092,2006,72,110.0
3552092,2006,81,10.0
3552092,2006,91,105.0
3552093,2006,11,40.0
3552093,2006,21,50.0
3552093,2006,22,10.0
3552093,2006,23,80.0
3552093,2006,31-33,110.0
3552093,2006,41,30.0
3552093,2006,44-45,145.0
3552093,2006,48-49,135.0
3552093,2006,51,15.0
3552093,2006,52,20.0
3552093,2006,53,10.0
3552093,2006,54,15.0
3552093,2006,55,0.0
3552093,2006,56,35.0
3552093,2006,61,65.0
3552093,2006,62,115.0
3552093,2006,71,10.0
3552093,2006,72,120.0
3552093,2006,81,50.0
3552093,2006,91,110.0
3553005,2006,11,290.0
3553005,2006,21,5715.0
3553005,2006,22,510.0
3553005,2006,23,5145.0
3553005,2006,31-33,4770.0
3553005,2006,41,3020.0
3553005,2006,44-45,10270.0
3553005,2006,48-49,3645.0
3553005,2006,51,1220.0
3553005,2006,52,2195.0
3553005,2006,53,1135.0
3553005,2006,54,3525.0
3553005,2006,55,20.0
3553005,2006,56,3800.0
3553005,2006,61,7045.0
3553005,2006,62,9915.0
3553005,2006,71,1550.0
3553005,2006,72,5605.0
3553005,2006,81,4225.0
3553005,2006,91,6185.0
3553040,2006,11,0.0
3553040,2006,21,0.0
3553040,2006,22,0.0
3553040,2006,23,0.0
3553040,2006,31-33,0.0
3553040,2006,41,0.0
3553040,2006,44-45,0.0
3553040,2006,48-49,0.0
3553040,2006,51,0.0
3553040,2006,52,0.0
3553040,2006,53,0.0
3553040,2006,54,0.0
3553040,2006,55,0.0
3553040,2006,56,0.0
3553040,2006,61,0.0
3553040,2006,62,0.0
3553040,2006,71,0.0
3553040,2006,72,0.0
3553040,2006,81,10.0
3553040,2006,91,0.0
3554001,2006,11,10.0
3554001,2006,21,10.0
3554001,2006,22,10.0
3554001,2006,23,25.0
3554001,2006,31-33,10.0
3554001,2006,41,0.0
3554001,2006,44-45,40.0
3554001,2006,48-49,35.0
3554001,2006,51,10.0
3554001,2006,52,0.0
3554001,2006,53,0.0
3554001,2006,54,0.0
3554001,2006,55,0.0
3554001,2006,56,10.0
3554001,2006,61,0.0
3554001,2006,62,10.0
3554001,2006,71,0.0
3554001,2006,72,15.0
3554001,2006,81,10.0
3554001,2006,91,0.0
3554006,2006,11,0.0
3554006,2006,21,0.0
3554006,2006,22,0.0
3554006,2006,23,30.0
3554006,2006,31-33,10.0
3554006,2006,41,0.0
3554006,2006,44-45,25.0
3554006,2006,48-49,10.0
3554006,2006,51,0.0
3554006,2006,52,0.0
3554006,2006,53,0.0
3554006,2006,54,0.0
3554006,2006,55,0.0
3554006,2006,56,10.0
3554006,2006,61,0.0
3554006,2006,62,25.0
3554006,2006,71,10.0
3554006,2006,72,15.0
3554006,2006,81,15.0
3554006,2006,91,20.0
3554008,2006,11,20.0
3554008,2006,21,0.0
3554008,2006,22,0.0
3554008,2006,23,55.0
3554008,2006,31-33,55.0
3554008,2006,41,0.0
3554008,2006,44-45,75.0
3554008,2006,48-49,25.0
3554008,2006,51,15.0
3554008,2006,52,0.0
3554008,2006,53,10.0
3554008,2006,54,0.0
3554008,2006,55,0.0
3554008,2006,56,10.0
3554008,2006,61,10.0
3554008,2006,62,65.0
3554008,2006,71,10.0
3554008,2006,72,40.0
3554008,2006,81,35.0
3554008,2006,91,15.0
3554014,2006,11,25.0
3554014,2006,21,0.0
3554014,2006,22,10.0
3554014,2006,23,35.0
3554014,2006,31-33,40.0
3554014,2006,41,20.0
3554014,2006,44-45,25.0
3554014,2006,48-49,20.0
3554014,2006,51,15.0
3554014,2006,52,0.0
3554014,2006,53,0.0
3554014,2006,54,15.0
3554014,2006,55,0.0
3554014,2006,56,35.0
3554014,2006,61,30.0
3554014,2006,62,45.0
3554014,2006,71,0.0
3554014,2006,72,15.0
3554014,2006,81,0.0
3554014,2006,91,0.0
3554020,2006,11,135.0
3554020,2006,21,90.0
3554020,2006,22,50.0
3554020,2006,23,345.0
3554020,2006,31-33,495.0
3554020,2006,41,205.0
3554020,2006,44-45,905.0
3554020,2006,48-49,400.0
3554020,2006,51,165.0
3554020,2006,52,115.0
3554020,2006,53,35.0
3554020,2006,54,225.0
3554020,2006,55,0.0
3554020,2006,56,195.0
3554020,2006,61,435.0
3554020,2006,62,665.0
3554020,2006,71,55.0
3554020,2006,72,385.0
3554020,2006,81,360.0
3554020,2006,91,125.0
3554021,2006,11,55.0
3554021,2006,21,0.0
3554021,2006,22,0.0
3554021,2006,23,10.0
3554021,2006,31-33,20.0
3554021,2006,41,0.0
3554021,2006,44-45,10.0
3554021,2006,48-49,25.0
3554021,2006,51,0.0
3554021,2006,52,10.0
3554021,2006,53,0.0
3554021,2006,54,0.0
3554021,2006,55,0.0
3554021,2006,56,10.0
3554021,2006,61,0.0
3554021,2006,62,30.0
3554021,2006,71,0.0
3554021,2006,72,20.0
3554021,2006,81,10.0
3554021,2006,91,0.0
3554024,2006,11,60.0
3554024,2006,21,0.0
3554024,2006,22,0.0
3554024,2006,23,20.0
3554024,2006,31-33,10.0
3554024,2006,41,0.0
3554024,2006,44-45,10.0
3554024,2006,48-49,10.0
3554024,2006,51,0.0
3554024,2006,52,10.0
3554024,2006,53,0.0
3554024,2006,54,0.0
3554024,2006,55,0.0
3554024,2006,56,0.0
3554024,2006,61,15.0
3554024,2006,62,20.0
3554024,2006,71,0.0
3554024,2006,72,0.0
3554024,2006,81,0.0
3554024,2006,91,15.0
3554026,2006,11,30.0
3554026,2006,21,0.0
3554026,2006,22,0.0
3554026,2006,23,75.0
3554026,2006,31-33,25.0
3554026,2006,41,10.0
3554026,2006,44-45,25.0
3554026,2006,48-49,20.0
3554026,2006,51,10.0
3554026,2006,52,10.0
3554026,2006,53,0.0
3554026,2006,54,10.0
3554026,2006,55,0.0
3554026,2006,56,10.0
3554026,2006,61,20.0
3554026,2006,62,15.0
3554026,2006,71,0.0
3554026,2006,72,10.0
3554026,2006,81,50.0
3554026,2006,91,0.0
3554029,2006,11,55.0
3554029,2006,21,0.0
3554029,2006,22,10.0
3554029,2006,23,10.0
3554029,2006,31-33,10.0
3554029,2006,41,0.0
3554029,2006,44-45,0.0
3554029,2006,48-49,0.0
3554029,2006,51,0.0
3554029,2006,52,0.0
3554029,2006,53,0.0
3554029,2006,54,0.0
3554029,2006,55,0.0
3554029,2006,56,0.0
3554029,2006,61,40.0
3554029,2006,62,40.0
3554029,2006,71,0.0
3554029,2006,72,10.0
3554029,2006,81,20.0
3554029,2006,91,25.0
3554032,2006,11,15.0
3554032,2006,21,0.0
3554032,2006,22,0.0
3554032,2006,23,0.0
3554032,2006,31-33,10.0
3554032,2006,41,10.0
3554032,2006,44-45,0.0
3554032,2006,48-49,0.0
3554032,2006,51,0.0
3554032,2006,52,0.0
3554032,2006,53,0.0
3554032,2006,54,0.0
3554032,2006,55,0.0
3554032,2006,56,0.0
3554032,2006,61,0.0
3554032,2006,62,0.0
3554032,2006,71,0.0
3554032,2006,72,0.0
3554032,2006,81,0.0
3554032,2006,91,0.0
3554034,2006,11,40.0
3554034,2006,21,0.0
3554034,2006,22,0.0
3554034,2006,23,15.0
3554034,2006,31-33,15.0
3554034,2006,41,0.0
3554034,2006,44-45,15.0
3554034,2006,48-49,10.0
3554034,2006,51,10.0
3554034,2006,52,0.0
3554034,2006,53,0.0
3554034,2006,54,0.0
3554034,2006,55,0.0
3554034,2006,56,0.0
3554034,2006,61,0.0
3554034,2006,62,20.0
3554034,2006,71,0.0
3554034,2006,72,0.0
3554034,2006,81,0.0
3554034,2006,91,0.0
3554036,2006,11,105.0
3554036,2006,21,10.0
3554036,2006,22,0.0
3554036,2006,23,20.0
3554036,2006,31-33,95.0
3554036,2006,41,15.0
3554036,2006,44-45,80.0
3554036,2006,48-49,45.0
3554036,2006,51,0.0
3554036,2006,52,20.0
3554036,2006,53,0.0
3554036,2006,54,0.0
3554036,2006,55,0.0
3554036,2006,56,10.0
3554036,2006,61,35.0
3554036,2006,62,40.0
3554036,2006,71,0.0
3554036,2006,72,20.0
3554036,2006,81,25.0
3554036,2006,91,15.0
3554038,2006,11,0.0
3554038,2006,21,0.0
3554038,2006,22,0.0
3554038,2006,23,0.0
3554038,2006,31-33,10.0
3554038,2006,41,10.0
3554038,2006,44-45,15.0
3554038,2006,48-49,20.0
3554038,2006,51,0.0
3554038,2006,52,0.0
3554038,2006,53,0.0
3554038,2006,54,0.0
3554038,2006,55,0.0
3554038,2006,56,0.0
3554038,2006,61,0.0
3554038,2006,62,0.0
3554038,2006,71,0.0
3554038,2006,72,15.0
3554038,2006,81,0.0
3554038,2006,91,0.0
3554042,2006,11,35.0
3554042,2006,21,0.0
3554042,2006,22,0.0
3554042,2006,23,20.0
3554042,2006,31-33,55.0
3554042,2006,41,0.0
3554042,2006,44-45,10.0
3554042,2006,48-49,10.0
3554042,2006,51,10.0
3554042,2006,52,0.0
3554042,2006,53,0.0
3554042,2006,54,0.0
3554042,2006,55,0.0
3554042,2006,56,0.0
3554042,2006,61,10.0
3554042,2006,62,0.0
3554042,2006,71,0.0
3554042,2006,72,25.0
3554042,2006,81,10.0
3554042,2006,91,10.0
3554044,2006,11,25.0
3554044,2006,21,10.0
3554044,2006,22,0.0
3554044,2006,23,20.0
3554044,2006,31-33,30.0
3554044,2006,41,0.0
3554044,2006,44-45,20.0
3554044,2006,48-49,65.0
3554044,2006,51,15.0
3554044,2006,52,10.0
3554044,2006,53,0.0
3554044,2006,54,0.0
3554044,2006,55,0.0
3554044,2006,56,10.0
3554044,2006,61,15.0
3554044,2006,62,35.0
3554044,2006,71,0.0
3554044,2006,72,10.0
3554044,2006,81,25.0
3554044,2006,91,15.0
3554049,2006,11,35.0
3554049,2006,21,10.0
3554049,2006,22,0.0
3554049,2006,23,50.0
3554049,2006,31-33,0.0
3554049,2006,41,0.0
3554049,2006,44-45,35.0
3554049,2006,48-49,15.0
3554049,2006,51,0.0
3554049,2006,52,0.0
3554049,2006,53,0.0
3554049,2006,54,10.0
3554049,2006,55,0.0
3554049,2006,56,25.0
3554049,2006,61,25.0
3554049,2006,62,20.0
3554049,2006,71,0.0
3554049,2006,72,0.0
3554049,2006,81,10.0
3554049,2006,91,10.0
3554052,2006,11,35.0
3554052,2006,21,0.0
3554052,2006,22,0.0
3554052,2006,23,25.0
3554052,2006,31-33,65.0
3554052,2006,41,0.0
3554052,2006,44-45,55.0
3554052,2006,48-49,100.0
3554052,2006,51,10.0
3554052,2006,52,0.0
3554052,2006,53,10.0
3554052,2006,54,10.0
3554052,2006,55,0.0
3554052,2006,56,20.0
3554052,2006,61,75.0
3554052,2006,62,75.0
3554052,2006,71,20.0
3554052,2006,72,45.0
3554052,2006,81,20.0
3554052,2006,91,35.0
3554054,2006,11,35.0
3554054,2006,21,15.0
3554054,2006,22,0.0
3554054,2006,23,25.0
3554054,2006,31-33,30.0
3554054,2006,41,0.0
3554054,2006,44-45,25.0
3554054,2006,48-49,20.0
3554054,2006,51,0.0
3554054,2006,52,0.0
3554054,2006,53,0.0
3554054,2006,54,0.0
3554054,2006,55,0.0
3554054,2006,56,0.0
3554054,2006,61,20.0
3554054,2006,62,0.0
3554054,2006,71,0.0
3554054,2006,72,0.0
3554054,2006,81,0.0
3554054,2006,91,10.0
3554057,2006,11,10.0
3554057,2006,21,0.0
3554057,2006,22,0.0
3554057,2006,23,10.0
3554057,2006,31-33,0.0
3554057,2006,41,0.0
3554057,2006,44-45,0.0
3554057,2006,48-49,0.0
3554057,2006,51,0.0
3554057,2006,52,0.0
3554057,2006,53,0.0
3554057,2006,54,0.0
3554057,2006,55,0.0
3554057,2006,56,0.0
3554057,2006,61,0.0
3554057,2006,62,10.0
3554057,2006,71,0.0
3554057,2006,72,0.0
3554057,2006,81,0.0
3554057,2006,91,15.0
3554058,2006,11,15.0
3554058,2006,21,35.0
3554058,2006,22,0.0
3554058,2006,23,0.0
3554058,2006,31-33,0.0
3554058,2006,41,10.0
3554058,2006,44-45,15.0
3554058,2006,48-49,10.0
3554058,2006,51,0.0
3554058,2006,52,0.0
3554058,2006,53,0.0
3554058,2006,54,15.0
3554058,2006,55,0.0
3554058,2006,56,10.0
3554058,2006,61,15.0
3554058,2006,62,20.0
3554058,2006,71,0.0
3554058,2006,72,20.0
3554058,2006,81,20.0
3554058,2006,91,0.0
3554062,2006,11,0.0
3554062,2006,21,60.0
3554062,2006,22,0.0
3554062,2006,23,10.0
3554062,2006,31-33,0.0
3554062,2006,41,10.0
3554062,2006,44-45,30.0
3554062,2006,48-49,10.0
3554062,2006,51,0.0
3554062,2006,52,10.0
3554062,2006,53,10.0
3554062,2006,54,10.0
3554062,2006,55,0.0
3554062,2006,56,10.0
3554062,2006,61,30.0
3554062,2006,62,25.0
3554062,2006,71,0.0
3554062,2006,72,10.0
3554062,2006,81,10.0
3554062,2006,91,40.0
3554066,2006,11,0.0
3554066,2006,21,10.0
3554066,2006,22,0.0
3554066,2006,23,10.0
3554066,2006,31-33,0.0
3554066,2006,41,0.0
3554066,2006,44-45,0.0
3554066,2006,48-49,0.0
3554066,2006,51,0.0
3554066,2006,52,0.0
3554066,2006,53,0.0
3554066,2006,54,0.0
3554066,2006,55,0.0
3554066,2006,56,0.0
3554066,2006,61,0.0
3554066,2006,62,10.0
3554066,2006,71,0.0
3554066,2006,72,0.0
3554066,2006,81,10.0
3554066,2006,91,0.0
3554068,2006,11,90.0
3554068,2006,21,410.0
3554068,2006,22,60.0
3554068,2006,23,130.0
3554068,2006,31-33,135.0
3554068,2006,41,60.0
3554068,2006,44-45,405.0
3554068,2006,48-49,100.0
3554068,2006,51,35.0
3554068,2006,52,50.0
3554068,2006,53,40.0
3554068,2006,54,120.0
3554068,2006,55,0.0
3554068,2006,56,80.0
3554068,2006,61,310.0
3554068,2006,62,695.0
3554068,2006,71,50.0
3554068,2006,72,305.0
3554068,2006,81,150.0
3554068,2006,91,375.0
3554094,2006,11,235.0
3554094,2006,21,75.0
3554094,2006,22,10.0
3554094,2006,23,130.0
3554094,2006,31-33,205.0
3554094,2006,41,20.0
3554094,2006,44-45,115.0
3554094,2006,48-49,95.0
3554094,2006,51,10.0
3554094,2006,52,20.0
3554094,2006,53,30.0
3554094,2006,54,35.0
3554094,2006,55,0.0
3554094,2006,56,45.0
3554094,2006,61,80.0
3554094,2006,62,175.0
3554094,2006,71,10.0
3554094,2006,72,125.0
3554094,2006,81,100.0
3554094,2006,91,90.0
3556014,2006,11,70.0
3556014,2006,21,145.0
3556014,2006,22,15.0
3556014,2006,23,70.0
3556014,2006,31-33,55.0
3556014,2006,41,0.0
3556014,2006,44-45,95.0
3556014,2006,48-49,85.0
3556014,2006,51,0.0
3556014,2006,52,25.0
3556014,2006,53,15.0
3556014,2006,54,15.0
3556014,2006,55,0.0
3556014,2006,56,60.0
3556014,2006,61,85.0
3556014,2006,62,140.0
3556014,2006,71,10.0
3556014,2006,72,20.0
3556014,2006,81,135.0
3556014,2006,91,115.0
3556027,2006,11,560.0
3556027,2006,21,2340.0
3556027,2006,22,300.0
3556027,2006,23,1560.0
3556027,2006,31-33,1145.0
3556027,2006,41,735.0
3556027,2006,44-45,3125.0
3556027,2006,48-49,1180.0
3556027,2006,51,330.0
3556027,2006,52,480.0
3556027,2006,53,270.0
3556027,2006,54,760.0
3556027,2006,55,0.0
3556027,2006,56,1305.0
3556027,2006,61,1645.0
3556027,2006,62,2610.0
3556027,2006,71,225.0
3556027,2006,72,1520.0
3556027,2006,81,1015.0
3556027,2006,91,1215.0
3556031,2006,11,55.0
3556031,2006,21,100.0
3556031,2006,22,40.0
3556031,2006,23,60.0
3556031,2006,31-33,475.0
3556031,2006,41,0.0
3556031,2006,44-45,190.0
3556031,2006,48-49,80.0
3556031,2006,51,30.0
3556031,2006,52,20.0
3556031,2006,53,20.0
3556031,2006,54,10.0
3556031,2006,55,0.0
3556031,2006,56,90.0
3556031,2006,61,205.0
3556031,2006,62,255.0
3556031,2006,71,35.0
3556031,2006,72,95.0
3556031,2006,81,100.0
3556031,2006,91,165.0
3556033,2006,11,15.0
3556033,2006,21,0.0
3556033,2006,22,0.0
3556033,2006,23,10.0
3556033,2006,31-33,0.0
3556033,2006,41,0.0
3556033,2006,44-45,0.0
3556033,2006,48-49,0.0
3556033,2006,51,0.0
3556033,2006,52,0.0
3556033,2006,53,0.0
3556033,2006,54,10.0
3556033,2006,55,0.0
3556033,2006,56,10.0
3556033,2006,61,0.0
3556033,2006,62,0.0
3556033,2006,71,0.0
3556033,2006,72,0.0
3556033,2006,81,0.0
3556033,2006,91,25.0
3556042,2006,11,150.0
3556042,2006,21,30.0
3556042,2006,22,25.0
3556042,2006,23,180.0
3556042,2006,31-33,440.0
3556042,2006,41,35.0
3556042,2006,44-45,370.0
3556042,2006,48-49,265.0
3556042,2006,51,35.0
3556042,2006,52,25.0
3556042,2006,53,20.0
3556042,2006,54,85.0
3556042,2006,55,0.0
3556042,2006,56,65.0
3556042,2006,61,180.0
3556042,2006,62,300.0
3556042,2006,71,50.0
3556042,2006,72,155.0
3556042,2006,81,90.0
3556042,2006,91,245.0
3556048,2006,11,0.0
3556048,2006,21,0.0
3556048,2006,22,15.0
3556048,2006,23,50.0
3556048,2006,31-33,195.0
3556048,2006,41,0.0
3556048,2006,44-45,40.0
3556048,2006,48-49,30.0
3556048,2006,51,15.0
3556048,2006,52,15.0
3556048,2006,53,10.0
3556048,2006,54,15.0
3556048,2006,55,0.0
3556048,2006,56,25.0
3556048,2006,61,60.0
3556048,2006,62,90.0
3556048,2006,71,0.0
3556048,2006,72,35.0
3556048,2006,81,45.0
3556048,2006,91,10.0
3556052,2006,11,25.0
3556052,2006,21,0.0
3556052,2006,22,0.0
3556052,2006,23,35.0
3556052,2006,31-33,40.0
3556052,2006,41,0.0
3556052,2006,44-45,50.0
3556052,2006,48-49,20.0
3556052,2006,51,0.0
3556052,2006,52,0.0
3556052,2006,53,0.0
3556052,2006,54,0.0
3556052,2006,55,0.0
3556052,2006,56,0.0
3556052,2006,61,30.0
3556052,2006,62,20.0
3556052,2006,71,0.0
3556052,2006,72,45.0
3556052,2006,81,10.0
3556052,2006,91,0.0
3556056,2006,11,50.0
3556056,2006,21,15.0
3556056,2006,22,15.0
3556056,2006,23,35.0
3556056,2006,31-33,135.0
3556056,2006,41,10.0
3556056,2006,44-45,65.0
3556056,2006,48-49,25.0
3556056,2006,51,10.0
3556056,2006,52,10.0
3556056,2006,53,0.0
3556056,2006,54,30.0
3556056,2006,55,0.0
3556056,2006,56,0.0
3556056,2006,61,85.0
3556056,2006,62,35.0
3556056,2006,71,15.0
3556056,2006,72,45.0
3556056,2006,81,20.0
3556056,2006,91,15.0
3556066,2006,11,130.0
3556066,2006,21,170.0
3556066,2006,22,160.0
3556066,2006,23,210.0
3556066,2006,31-33,625.0
3556066,2006,41,105.0
3556066,2006,44-45,560.0
3556066,2006,48-49,215.0
3556066,2006,51,15.0
3556066,2006,52,115.0
3556066,2006,53,20.0
3556066,2006,54,80.0
3556066,2006,55,0.0
3556066,2006,56,75.0
3556066,2006,61,260.0
3556066,2006,62,565.0
3556066,2006,71,35.0
3556066,2006,72,320.0
3556066,2006,81,185.0
3556066,2006,91,175.0
3556070,2006,11,45.0
3556070,2006,21,0.0
3556070,2006,22,0.0
3556070,2006,23,10.0
3556070,2006,31-33,55.0
3556070,2006,41,0.0
3556070,2006,44-45,55.0
3556070,2006,48-49,45.0
3556070,2006,51,0.0
3556070,2006,52,0.0
3556070,2006,53,10.0
3556070,2006,54,0.0
3556070,2006,55,0.0
3556070,2006,56,30.0
3556070,2006,61,55.0
3556070,2006,62,55.0
3556070,2006,71,0.0
3556070,2006,72,30.0
3556070,2006,81,10.0
3556070,2006,91,30.0
3556073,2006,11,25.0
3556073,2006,21,10.0
3556073,2006,22,0.0
3556073,2006,23,0.0
3556073,2006,31-33,10.0
3556073,2006,41,0.0
3556073,2006,44-45,25.0
3556073,2006,48-49,25.0
3556073,2006,51,0.0
3556073,2006,52,0.0
3556073,2006,53,0.0
3556073,2006,54,0.0
3556073,2006,55,0.0
3556073,2006,56,0.0
3556073,2006,61,10.0
3556073,2006,62,10.0
3556073,2006,71,10.0
3556073,2006,72,0.0
3556073,2006,81,10.0
3556073,2006,91,10.0
3556076,2006,11,235.0
3556076,2006,21,0.0
3556076,2006,22,0.0
3556076,2006,23,210.0
3556076,2006,31-33,580.0
3556076,2006,41,65.0
3556076,2006,44-45,395.0
3556076,2006,48-49,200.0
3556076,2006,51,40.0
3556076,2006,52,95.0
3556076,2006,53,20.0
3556076,2006,54,45.0
3556076,2006,55,0.0
3556076,2006,56,45.0
3556076,2006,61,220.0
3556076,2006,62,275.0
3556076,2006,71,30.0
3556076,2006,72,250.0
3556076,2006,81,195.0
3556076,2006,91,110.0
3556077,2006,11,55.0
3556077,2006,21,0.0
3556077,2006,22,0.0
3556077,2006,23,10.0
3556077,2006,31-33,85.0
3556077,2006,41,0.0
3556077,2006,44-45,30.0
3556077,2006,48-49,55.0
3556077,2006,51,0.0
3556077,2006,52,10.0
3556077,2006,53,10.0
3556077,2006,54,10.0
3556077,2006,55,0.0
3556077,2006,56,10.0
3556077,2006,61,35.0
3556077,2006,62,20.0
3556077,2006,71,0.0
3556077,2006,72,15.0
3556077,2006,81,15.0
3556077,2006,91,20.0
3556092,2006,11,165.0
3556092,2006,21,10.0
3556092,2006,22,35.0
3556092,2006,23,95.0
3556092,2006,31-33,180.0
3556092,2006,41,10.0
3556092,2006,44-45,150.0
3556092,2006,48-49,100.0
3556092,2006,51,15.0
3556092,2006,52,20.0
3556092,2006,53,20.0
3556092,2006,54,10.0
3556092,2006,55,0.0
3556092,2006,56,25.0
3556092,2006,61,70.0
3556092,2006,62,120.0
3556092,2006,71,10.0
3556092,2006,72,80.0
3556092,2006,81,50.0
3556092,2006,91,65.0
3556095,2006,11,30.0
3556095,2006,21,0.0
3556095,2006,22,10.0
3556095,2006,23,10.0
3556095,2006,31-33,40.0
3556095,2006,41,0.0
3556095,2006,44-45,10.0
3556095,2006,48-49,10.0
3556095,2006,51,0.0
3556095,2006,52,0.0
3556095,2006,53,0.0
3556095,2006,54,0.0
3556095,2006,55,0.0
3556095,2006,56,10.0
3556095,2006,61,30.0
3556095,2006,62,25.0
3556095,2006,71,10.0
3556095,2006,72,0.0
3556095,2006,81,0.0
3556095,2006,91,35.0
3556102,2006,11,0.0
3556102,2006,21,0.0
3556102,2006,22,0.0
3556102,2006,23,0.0
3556102,2006,31-33,0.0
3556102,2006,41,0.0
3556102,2006,44-45,0.0
3556102,2006,48-49,10.0
3556102,2006,51,0.0
3556102,2006,52,0.0
3556102,2006,53,0.0
3556102,2006,54,0.0
3556102,2006,55,0.0
3556102,2006,56,0.0
3556102,2006,61,0.0
3556102,2006,62,15.0
3556102,2006,71,0.0
3556102,2006,72,0.0
3556102,2006,81,10.0
3556102,2006,91,10.0
3557001,2006,11,0.0
3557001,2006,21,0.0
3557001,2006,22,0.0
3557001,2006,23,10.0
3557001,2006,31-33,10.0
3557001,2006,41,0.0
3557001,2006,44-45,10.0
3557001,2006,48-49,0.0
3557001,2006,51,0.0
3557001,2006,52,0.0
3557001,2006,53,10.0
3557001,2006,54,0.0
3557001,2006,55,0.0
3557001,2006,56,0.0
3557001,2006,61,0.0
3557001,2006,62,15.0
3557001,2006,71,0.0
3557001,2006,72,0.0
3557001,2006,81,10.0
3557001,2006,91,15.0
3557004,2006,11,0.0
3557004,2006,21,0.0
3557004,2006,22,0.0
3557004,2006,23,0.0
3557004,2006,31-33,10.0
3557004,2006,41,0.0
3557004,2006,44-45,0.0
3557004,2006,48-49,0.0
3557004,2006,51,0.0
3557004,2006,52,0.0
3557004,2006,53,10.0
3557004,2006,54,0.0
3557004,2006,55,0.0
3557004,2006,56,10.0
3557004,2006,61,0.0
3557004,2006,62,0.0
3557004,2006,71,0.0
3557004,2006,72,0.0
3557004,2006,81,0.0
3557004,2006,91,10.0
3557006,2006,11,0.0
3557006,2006,21,0.0
3557006,2006,22,0.0
3557006,2006,23,0.0
3557006,2006,31-33,0.0
3557006,2006,41,0.0
3557006,2006,44-45,0.0
3557006,2006,48-49,20.0
3557006,2006,51,0.0
3557006,2006,52,0.0
3557006,2006,53,0.0
3557006,2006,54,0.0
3557006,2006,55,0.0
3557006,2006,56,0.0
3557006,2006,61,10.0
3557006,2006,62,0.0
3557006,2006,71,10.0
3557006,2006,72,0.0
3557006,2006,81,0.0
3557006,2006,91,10.0
3557008,2006,11,50.0
3557008,2006,21,0.0
3557008,2006,22,0.0
3557008,2006,23,60.0
3557008,2006,31-33,95.0
3557008,2006,41,0.0
3557008,2006,44-45,25.0
3557008,2006,48-49,20.0
3557008,2006,51,0.0
3557008,2006,52,15.0
3557008,2006,53,15.0
3557008,2006,54,10.0
3557008,2006,55,0.0
3557008,2006,56,0.0
3557008,2006,61,80.0
3557008,2006,62,40.0
3557008,2006,71,0.0
3557008,2006,72,50.0
3557008,2006,81,30.0
3557008,2006,91,20.0
3557011,2006,11,20.0
3557011,2006,21,0.0
3557011,2006,22,0.0
3557011,2006,23,45.0
3557011,2006,31-33,80.0
3557011,2006,41,15.0
3557011,2006,44-45,25.0
3557011,2006,48-49,65.0
3557011,2006,51,10.0
3557011,2006,52,0.0
3557011,2006,53,20.0
3557011,2006,54,10.0
3557011,2006,55,0.0
3557011,2006,56,40.0
3557011,2006,61,65.0
3557011,2006,62,55.0
3557011,2006,71,20.0
3557011,2006,72,25.0
3557011,2006,81,70.0
3557011,2006,91,60.0
3557014,2006,11,10.0
3557014,2006,21,0.0
3557014,2006,22,0.0
3557014,2006,23,10.0
3557014,2006,31-33,20.0
3557014,2006,41,0.0
3557014,2006,44-45,10.0
3557014,2006,48-49,15.0
3557014,2006,51,0.0
3557014,2006,52,0.0
3557014,2006,53,10.0
3557014,2006,54,15.0
3557014,2006,55,0.0
3557014,2006,56,0.0
3557014,2006,61,20.0
3557014,2006,62,20.0
3557014,2006,71,0.0
3557014,2006,72,0.0
3557014,2006,81,15.0
3557014,2006,91,15.0
3557016,2006,11,60.0
3557016,2006,21,0.0
3557016,2006,22,0.0
3557016,2006,23,15.0
3557016,2006,31-33,20.0
3557016,2006,41,0.0
3557016,2006,44-45,10.0
3557016,2006,48-49,25.0
3557016,2006,51,0.0
3557016,2006,52,10.0
3557016,2006,53,0.0
3557016,2006,54,10.0
3557016,2006,55,0.0
3557016,2006,56,20.0
3557016,2006,61,25.0
3557016,2006,62,25.0
3557016,2006,71,10.0
3557016,2006,72,0.0
3557016,2006,81,10.0
3557016,2006,91,10.0
3557019,2006,11,35.0
3557019,2006,21,0.0
3557019,2006,22,0.0
3557019,2006,23,30.0
3557019,2006,31-33,30.0
3557019,2006,41,0.0
3557019,2006,44-45,30.0
3557019,2006,48-49,10.0
3557019,2006,51,0.0
3557019,2006,52,0.0
3557019,2006,53,0.0
3557019,2006,54,0.0
3557019,2006,55,0.0
3557019,2006,56,10.0
3557019,2006,61,10.0
3557019,2006,62,20.0
3557019,2006,71,0.0
3557019,2006,72,55.0
3557019,2006,81,20.0
3557019,2006,91,15.0
3557021,2006,11,0.0
3557021,2006,21,10.0
3557021,2006,22,0.0
3557021,2006,23,25.0
3557021,2006,31-33,35.0
3557021,2006,41,10.0
3557021,2006,44-45,60.0
3557021,2006,48-49,10.0
3557021,2006,51,0.0
3557021,2006,52,20.0
3557021,2006,53,0.0
3557021,2006,54,10.0
3557021,2006,55,0.0
3557021,2006,56,0.0
3557021,2006,61,15.0
3557021,2006,62,25.0
3557021,2006,71,35.0
3557021,2006,72,0.0
3557021,2006,81,10.0
3557021,2006,91,15.0
3557026,2006,11,0.0
3557026,2006,21,0.0
3557026,2006,22,0.0
3557026,2006,23,10.0
3557026,2006,31-33,0.0
3557026,2006,41,0.0
3557026,2006,44-45,10.0
3557026,2006,48-49,0.0
3557026,2006,51,0.0
3557026,2006,52,0.0
3557026,2006,53,0.0
3557026,2006,54,0.0
3557026,2006,55,0.0
3557026,2006,56,0.0
3557026,2006,61,0.0
3557026,2006,62,10.0
3557026,2006,71,0.0
3557026,2006,72,0.0
3557026,2006,81,0.0
3557026,2006,91,15.0
3557028,2006,11,25.0
3557028,2006,21,0.0
3557028,2006,22,10.0
3557028,2006,23,35.0
3557028,2006,31-33,85.0
3557028,2006,41,0.0
3557028,2006,44-45,25.0
3557028,2006,48-49,35.0
3557028,2006,51,0.0
3557028,2006,52,20.0
3557028,2006,53,0.0
3557028,2006,54,30.0
3557028,2006,55,0.0
3557028,2006,56,20.0
3557028,2006,61,30.0
3557028,2006,62,95.0
3557028,2006,71,0.0
3557028,2006,72,50.0
3557028,2006,81,30.0
3557028,2006,91,60.0
3557035,2006,11,75.0
3557035,2006,21,0.0
3557035,2006,22,10.0
3557035,2006,23,70.0
3557035,2006,31-33,105.0
3557035,2006,41,0.0
3557035,2006,44-45,95.0
3557035,2006,48-49,80.0
3557035,2006,51,0.0
3557035,2006,52,20.0
3557035,2006,53,20.0
3557035,2006,54,35.0
3557035,2006,55,0.0
3557035,2006,56,45.0
3557035,2006,61,60.0
3557035,2006,62,60.0
3557035,2006,71,15.0
3557035,2006,72,40.0
3557035,2006,81,30.0
3557035,2006,91,30.0
3557038,2006,11,65.0
3557038,2006,21,25.0
3557038,2006,22,10.0
3557038,2006,23,130.0
3557038,2006,31-33,235.0
3557038,2006,41,40.0
3557038,2006,44-45,205.0
3557038,2006,48-49,120.0
3557038,2006,51,30.0
3557038,2006,52,15.0
3557038,2006,53,30.0
3557038,2006,54,10.0
3557038,2006,55,0.0
3557038,2006,56,55.0
3557038,2006,61,180.0
3557038,2006,62,250.0
3557038,2006,71,30.0
3557038,2006,72,200.0
3557038,2006,81,110.0
3557038,2006,91,125.0
3557039,2006,11,20.0
3557039,2006,21,10.0
3557039,2006,22,0.0
3557039,2006,23,20.0
3557039,2006,31-33,20.0
3557039,2006,41,0.0
3557039,2006,44-45,25.0
3557039,2006,48-49,10.0
3557039,2006,51,10.0
3557039,2006,52,20.0
3557039,2006,53,0.0
3557039,2006,54,0.0
3557039,2006,55,0.0
3557039,2006,56,0.0
3557039,2006,61,10.0
3557039,2006,62,15.0
3557039,2006,71,0.0
3557039,2006,72,20.0
3557039,2006,81,0.0
3557039,2006,91,20.0
3557040,2006,11,25.0
3557040,2006,21,15.0
3557040,2006,22,10.0
3557040,2006,23,15.0
3557040,2006,31-33,25.0
3557040,2006,41,0.0
3557040,2006,44-45,35.0
3557040,2006,48-49,15.0
3557040,2006,51,0.0
3557040,2006,52,20.0
3557040,2006,53,0.0
3557040,2006,54,20.0
3557040,2006,55,0.0
3557040,2006,56,0.0
3557040,2006,61,20.0
3557040,2006,62,20.0
3557040,2006,71,0.0
3557040,2006,72,25.0
3557040,2006,81,20.0
3557040,2006,91,10.0
3557041,2006,11,100.0
3557041,2006,21,170.0
3557041,2006,22,20.0
3557041,2006,23,250.0
3557041,2006,31-33,135.0
3557041,2006,41,85.0
3557041,2006,44-45,600.0
3557041,2006,48-49,185.0
3557041,2006,51,80.0
3557041,2006,52,50.0
3557041,2006,53,90.0
3557041,2006,54,115.0
3557041,2006,55,0.0
3557041,2006,56,135.0
3557041,2006,61,280.0
3557041,2006,62,650.0
3557041,2006,71,95.0
3557041,2006,72,280.0
3557041,2006,81,240.0
3557041,2006,91,195.0
3557051,2006,11,60.0
3557051,2006,21,0.0
3557051,2006,22,0.0
3557051,2006,23,110.0
3557051,2006,31-33,140.0
3557051,2006,41,10.0
3557051,2006,44-45,85.0
3557051,2006,48-49,35.0
3557051,2006,51,10.0
3557051,2006,52,20.0
3557051,2006,53,10.0
3557051,2006,54,10.0
3557051,2006,55,0.0
3557051,2006,56,25.0
3557051,2006,61,40.0
3557051,2006,62,80.0
3557051,2006,71,25.0
3557051,2006,72,40.0
3557051,2006,81,30.0
3557051,2006,91,90.0
3557061,2006,11,225.0
3557061,2006,21,85.0
3557061,2006,22,245.0
3557061,2006,23,1625.0
3557061,2006,31-33,4560.0
3557061,2006,41,615.0
3557061,2006,44-45,4810.0
3557061,2006,48-49,1515.0
3557061,2006,51,585.0
3557061,2006,52,740.0
3557061,2006,53,495.0
3557061,2006,54,1345.0
3557061,2006,55,30.0
3557061,2006,56,3015.0
3557061,2006,61,2875.0
3557061,2006,62,4665.0
3557061,2006,71,1260.0
3557061,2006,72,2955.0
3557061,2006,81,2215.0
3557061,2006,91,2540.0
3557066,2006,11,25.0
3557066,2006,21,10.0
3557066,2006,22,0.0
3557066,2006,23,45.0
3557066,2006,31-33,65.0
3557066,2006,41,20.0
3557066,2006,44-45,50.0
3557066,2006,48-49,35.0
3557066,2006,51,10.0
3557066,2006,52,10.0
3557066,2006,53,25.0
3557066,2006,54,30.0
3557066,2006,55,0.0
3557066,2006,56,20.0
3557066,2006,61,70.0
3557066,2006,62,50.0
3557066,2006,71,15.0
3557066,2006,72,80.0
3557066,2006,81,15.0
3557066,2006,91,30.0
3557071,2006,11,45.0
3557071,2006,21,0.0
3557071,2006,22,10.0
3557071,2006,23,20.0
3557071,2006,31-33,10.0
3557071,2006,41,0.0
3557071,2006,44-45,20.0
3557071,2006,48-49,10.0
3557071,2006,51,10.0
3557071,2006,52,0.0
3557071,2006,53,0.0
3557071,2006,54,10.0
3557071,2006,55,0.0
3557071,2006,56,15.0
3557071,2006,61,30.0
3557071,2006,62,80.0
3557071,2006,71,10.0
3557071,2006,72,0.0
3557071,2006,81,0.0
3557071,2006,91,65.0
3557072,2006,11,10.0
3557072,2006,21,10.0
3557072,2006,22,0.0
3557072,2006,23,10.0
3557072,2006,31-33,0.0
3557072,2006,41,0.0
3557072,2006,44-45,15.0
3557072,2006,48-49,0.0
3557072,2006,51,0.0
3557072,2006,52,0.0
3557072,2006,53,0.0
3557072,2006,54,0.0
3557072,2006,55,0.0
3557072,2006,56,0.0
3557072,2006,61,10.0
3557072,2006,62,25.0
3557072,2006,71,0.0
3557072,2006,72,0.0
3557072,2006,81,0.0
3557072,2006,91,45.0
3557073,2006,11,10.0
3557073,2006,21,0.0
3557073,2006,22,0.0
3557073,2006,23,15.0
3557073,2006,31-33,15.0
3557073,2006,41,0.0
3557073,2006,44-45,15.0
3557073,2006,48-49,10.0
3557073,2006,51,0.0
3557073,2006,52,0.0
3557073,2006,53,0.0
3557073,2006,54,0.0
3557073,2006,55,0.0
3557073,2006,56,10.0
3557073,2006,61,0.0
3557073,2006,62,40.0
3557073,2006,71,0.0
3557073,2006,72,10.0
3557073,2006,81,0.0
3557073,2006,91,65.0
3557074,2006,11,25.0
3557074,2006,21,0.0
3557074,2006,22,0.0
3557074,2006,23,70.0
3557074,2006,31-33,30.0
3557074,2006,41,0.0
3557074,2006,44-45,25.0
3557074,2006,48-49,20.0
3557074,2006,51,0.0
3557074,2006,52,0.0
3557074,2006,53,0.0
3557074,2006,54,10.0
3557074,2006,55,0.0
3557074,2006,56,25.0
3557074,2006,61,10.0
3557074,2006,62,55.0
3557074,2006,71,35.0
3557074,2006,72,20.0
3557074,2006,81,15.0
3557074,2006,91,95.0
3557075,2006,11,10.0
3557075,2006,21,0.0
3557075,2006,22,0.0
3557075,2006,23,25.0
3557075,2006,31-33,20.0
3557075,2006,41,0.0
3557075,2006,44-45,15.0
3557075,2006,48-49,10.0
3557075,2006,51,0.0
3557075,2006,52,0.0
3557075,2006,53,10.0
3557075,2006,54,10.0
3557075,2006,55,0.0
3557075,2006,56,25.0
3557075,2006,61,20.0
3557075,2006,62,25.0
3557075,2006,71,35.0
3557075,2006,72,15.0
3557075,2006,81,10.0
3557075,2006,91,40.0
3557076,2006,11,70.0
3557076,2006,21,55.0
3557076,2006,22,15.0
3557076,2006,23,90.0
3557076,2006,31-33,230.0
3557076,2006,41,20.0
3557076,2006,44-45,185.0
3557076,2006,48-49,40.0
3557076,2006,51,15.0
3557076,2006,52,40.0
3557076,2006,53,35.0
3557076,2006,54,25.0
3557076,2006,55,0.0
3557076,2006,56,30.0
3557076,2006,61,145.0
3557076,2006,62,195.0
3557076,2006,71,20.0
3557076,2006,72,145.0
3557076,2006,81,115.0
3557076,2006,91,190.0
3557077,2006,11,10.0
3557077,2006,21,0.0
3557077,2006,22,0.0
3557077,2006,23,0.0
3557077,2006,31-33,0.0
3557077,2006,41,0.0
3557077,2006,44-45,0.0
3557077,2006,48-49,10.0
3557077,2006,51,0.0
3557077,2006,52,0.0
3557077,2006,53,0.0
3557077,2006,54,0.0
3557077,2006,55,0.0
3557077,2006,56,0.0
3557077,2006,61,0.0
3557077,2006,62,0.0
3557077,2006,71,0.0
3557077,2006,72,10.0
3557077,2006,81,0.0
3557077,2006,91,0.0
3557078,2006,11,0.0
3557078,2006,21,0.0
3557078,2006,22,0.0
3557078,2006,23,0.0
3557078,2006,31-33,0.0
3557078,2006,41,0.0
3557078,2006,44-45,0.0
3557078,2006,48-49,0.0
3557078,2006,51,0.0
3557078,2006,52,0.0
3557078,2006,53,0.0
3557078,2006,54,0.0
3557078,2006,55,0.0
3557078,2006,56,0.0
3557078,2006,61,0.0
3557078,2006,62,0.0
3557078,2006,71,0.0
3557078,2006,72,0.0
3557078,2006,81,0.0
3557078,2006,91,10.0
3557079,2006,11,85.0
3557079,2006,21,0.0
3557079,2006,22,0.0
3557079,2006,23,10.0
3557079,2006,31-33,190.0
3557079,2006,41,0.0
3557079,2006,44-45,25.0
3557079,2006,48-49,35.0
3557079,2006,51,0.0
3557079,2006,52,0.0
3557079,2006,53,0.0
3557079,2006,54,0.0
3557079,2006,55,0.0
3557079,2006,56,10.0
3557079,2006,61,10.0
3557079,2006,62,15.0
3557079,2006,71,30.0
3557079,2006,72,25.0
3557079,2006,81,10.0
3557079,2006,91,15.0
3557091,2006,11,45.0
3557091,2006,21,15.0
3557091,2006,22,0.0
3557091,2006,23,35.0
3557091,2006,31-33,205.0
3557091,2006,41,0.0
3557091,2006,44-45,90.0
3557091,2006,48-49,15.0
3557091,2006,51,0.0
3557091,2006,52,10.0
3557091,2006,53,0.0
3557091,2006,54,0.0
3557091,2006,55,0.0
3557091,2006,56,20.0
3557091,2006,61,50.0
3557091,2006,62,10.0
3557091,2006,71,0.0
3557091,2006,72,40.0
3557091,2006,81,25.0
3557091,2006,91,10.0
3557095,2006,11,215.0
3557095,2006,21,25.0
3557095,2006,22,30.0
3557095,2006,23,245.0
3557095,2006,31-33,240.0
3557095,2006,41,60.0
3557095,2006,44-45,280.0
3557095,2006,48-49,205.0
3557095,2006,51,30.0
3557095,2006,52,55.0
3557095,2006,53,50.0
3557095,2006,54,50.0
3557095,2006,55,0.0
3557095,2006,56,120.0
3557095,2006,61,125.0
3557095,2006,62,230.0
3557095,2006,71,55.0
3557095,2006,72,360.0
3557095,2006,81,150.0
3557095,2006,91,125.0
3557096,2006,11,15.0
3557096,2006,21,0.0
3557096,2006,22,0.0
3557096,2006,23,20.0
3557096,2006,31-33,110.0
3557096,2006,41,0.0
3557096,2006,44-45,65.0
3557096,2006,48-49,150.0
3557096,2006,51,10.0
3557096,2006,52,10.0
3557096,2006,53,0.0
3557096,2006,54,0.0
3557096,2006,55,0.0
3557096,2006,56,15.0
3557096,2006,61,75.0
3557096,2006,62,100.0
3557096,2006,71,0.0
3557096,2006,72,60.0
3557096,2006,81,20.0
3557096,2006,91,35.0
3558001,2006,11,85.0
3558001,2006,21,15.0
3558001,2006,22,20.0
3558001,2006,23,40.0
3558001,2006,31-33,125.0
3558001,2006,41,30.0
3558001,2006,44-45,60.0
3558001,2006,48-49,90.0
3558001,2006,51,0.0
3558001,2006,52,25.0
3558001,2006,53,15.0
3558001,2006,54,60.0
3558001,2006,55,0.0
3558001,2006,56,55.0
3558001,2006,61,50.0
3558001,2006,62,135.0
3558001,2006,71,10.0
3558001,2006,72,100.0
3558001,2006,81,45.0
3558001,2006,91,110.0
3558003,2006,11,15.0
3558003,2006,21,0.0
3558003,2006,22,0.0
3558003,2006,23,20.0
3558003,2006,31-33,20.0
3558003,2006,41,0.0
3558003,2006,44-45,50.0
3558003,2006,48-49,20.0
3558003,2006,51,0.0
3558003,2006,52,0.0
3558003,2006,53,10.0
3558003,2006,54,10.0
3558003,2006,55,0.0
3558003,2006,56,10.0
3558003,2006,61,10.0
3558003,2006,62,70.0
3558003,2006,71,20.0
3558003,2006,72,25.0
3558003,2006,81,25.0
3558003,2006,91,40.0
3558004,2006,11,1035.0
3558004,2006,21,370.0
3558004,2006,22,620.0
3558004,2006,23,2990.0
3558004,2006,31-33,4305.0
3558004,2006,41,1580.0
3558004,2006,44-45,7090.0
3558004,2006,48-49,3300.0
3558004,2006,51,1115.0
3558004,2006,52,1465.0
3558004,2006,53,845.0
3558004,2006,54,2440.0
3558004,2006,55,0.0
3558004,2006,56,2520.0
3558004,2006,61,4940.0
3558004,2006,62,8460.0
3558004,2006,71,1315.0
3558004,2006,72,4615.0
3558004,2006,81,2625.0
3558004,2006,91,4005.0
3558011,2006,11,360.0
3558011,2006,21,20.0
3558011,2006,22,45.0
3558011,2006,23,235.0
3558011,2006,31-33,285.0
3558011,2006,41,170.0
3558011,2006,44-45,320.0
3558011,2006,48-49,220.0
3558011,2006,51,50.0
3558011,2006,52,40.0
3558011,2006,53,55.0
3558011,2006,54,120.0
3558011,2006,55,0.0
3558011,2006,56,155.0
3558011,2006,61,180.0
3558011,2006,62,375.0
3558011,2006,71,85.0
3558011,2006,72,215.0
3558011,2006,81,195.0
3558011,2006,91,215.0
3558012,2006,11,25.0
3558012,2006,21,0.0
3558012,2006,22,10.0
3558012,2006,23,10.0
3558012,2006,31-33,25.0
3558012,2006,41,0.0
3558012,2006,44-45,55.0
3558012,2006,48-49,30.0
3558012,2006,51,0.0
3558012,2006,52,0.0
3558012,2006,53,0.0
3558012,2006,54,10.0
3558012,2006,55,0.0
3558012,2006,56,20.0
3558012,2006,61,30.0
3558012,2006,62,25.0
3558012,2006,71,0.0
3558012,2006,72,20.0
3558012,2006,81,20.0
3558012,2006,91,25.0
3558016,2006,11,30.0
3558016,2006,21,10.0
3558016,2006,22,0.0
3558016,2006,23,45.0
3558016,2006,31-33,45.0
3558016,2006,41,10.0
3558016,2006,44-45,35.0
3558016,2006,48-49,35.0
3558016,2006,51,10.0
3558016,2006,52,0.0
3558016,2006,53,0.0
3558016,2006,54,25.0
3558016,2006,55,0.0
3558016,2006,56,15.0
3558016,2006,61,10.0
3558016,2006,62,65.0
3558016,2006,71,15.0
3558016,2006,72,20.0
3558016,2006,81,10.0
3558016,2006,91,15.0
3558019,2006,11,30.0
3558019,2006,21,15.0
3558019,2006,22,10.0
3558019,2006,23,25.0
3558019,2006,31-33,60.0
3558019,2006,41,10.0
3558019,2006,44-45,15.0
3558019,2006,48-49,30.0
3558019,2006,51,0.0
3558019,2006,52,10.0
3558019,2006,53,0.0
3558019,2006,54,10.0
3558019,2006,55,0.0
3558019,2006,56,10.0
3558019,2006,61,35.0
3558019,2006,62,50.0
3558019,2006,71,10.0
3558019,2006,72,10.0
3558019,2006,81,10.0
3558019,2006,91,15.0
3558028,2006,11,40.0
3558028,2006,21,15.0
3558028,2006,22,40.0
3558028,2006,23,120.0
3558028,2006,31-33,130.0
3558028,2006,41,35.0
3558028,2006,44-45,200.0
3558028,2006,48-49,120.0
3558028,2006,51,25.0
3558028,2006,52,45.0
3558028,2006,53,25.0
3558028,2006,54,80.0
3558028,2006,55,0.0
3558028,2006,56,25.0
3558028,2006,61,95.0
3558028,2006,62,220.0
3558028,2006,71,25.0
3558028,2006,72,95.0
3558028,2006,81,60.0
3558028,2006,91,55.0
3558034,2006,11,60.0
3558034,2006,21,0.0
3558034,2006,22,0.0
3558034,2006,23,0.0
3558034,2006,31-33,55.0
3558034,2006,41,0.0
3558034,2006,44-45,10.0
3558034,2006,48-49,15.0
3558034,2006,51,10.0
3558034,2006,52,0.0
3558034,2006,53,0.0
3558034,2006,54,0.0
3558034,2006,55,0.0
3558034,2006,56,0.0
3558034,2006,61,10.0
3558034,2006,62,35.0
3558034,2006,71,10.0
3558034,2006,72,10.0
3558034,2006,81,15.0
3558034,2006,91,25.0
3558041,2006,11,20.0
3558041,2006,21,15.0
3558041,2006,22,0.0
3558041,2006,23,0.0
3558041,2006,31-33,170.0
3558041,2006,41,0.0
3558041,2006,44-45,35.0
3558041,2006,48-49,10.0
3558041,2006,51,0.0
3558041,2006,52,0.0
3558041,2006,53,0.0
3558041,2006,54,0.0
3558041,2006,55,0.0
3558041,2006,56,0.0
3558041,2006,61,80.0
3558041,2006,62,40.0
3558041,2006,71,10.0
3558041,2006,72,35.0
3558041,2006,81,10.0
3558041,2006,91,20.0
3558044,2006,11,25.0
3558044,2006,21,10.0
3558044,2006,22,20.0
3558044,2006,23,15.0
3558044,2006,31-33,200.0
3558044,2006,41,0.0
3558044,2006,44-45,90.0
3558044,2006,48-49,35.0
3558044,2006,51,20.0
3558044,2006,52,10.0
3558044,2006,53,10.0
3558044,2006,54,10.0
3558044,2006,55,0.0
3558044,2006,56,10.0
3558044,2006,61,80.0
3558044,2006,62,60.0
3558044,2006,71,0.0
3558044,2006,72,80.0
3558044,2006,81,40.0
3558044,2006,91,70.0
3558051,2006,11,0.0
3558051,2006,21,0.0
3558051,2006,22,0.0
3558051,2006,23,0.0
3558051,2006,31-33,65.0
3558051,2006,41,10.0
3558051,2006,44-45,45.0
3558051,2006,48-49,80.0
3558051,2006,51,10.0
3558051,2006,52,10.0
3558051,2006,53,0.0
3558051,2006,54,0.0
3558051,2006,55,0.0
3558051,2006,56,0.0
3558051,2006,61,40.0
3558051,2006,62,45.0
3558051,2006,71,0.0
3558051,2006,72,45.0
3558051,2006,81,10.0
3558051,2006,91,20.0
3558054,2006,11,25.0
3558054,2006,21,30.0
3558054,2006,22,0.0
3558054,2006,23,25.0
3558054,2006,31-33,255.0
3558054,2006,41,10.0
3558054,2006,44-45,65.0
3558054,2006,48-49,35.0
3558054,2006,51,0.0
3558054,2006,52,10.0
3558054,2006,53,0.0
3558054,2006,54,10.0
3558054,2006,55,0.0
3558054,2006,56,0.0
3558054,2006,61,120.0
3558054,2006,62,50.0
3558054,2006,71,15.0
3558054,2006,72,50.0
3558054,2006,81,35.0
3558054,2006,91,45.0
3558059,2006,11,15.0
3558059,2006,21,540.0
3558059,2006,22,0.0
3558059,2006,23,100.0
3558059,2006,31-33,250.0
3558059,2006,41,50.0
3558059,2006,44-45,265.0
3558059,2006,48-49,85.0
3558059,2006,51,20.0
3558059,2006,52,50.0
3558059,2006,53,10.0
3558059,2006,54,25.0
3558059,2006,55,0.0
3558059,2006,56,95.0
3558059,2006,61,305.0
3558059,2006,62,160.0
3558059,2006,71,45.0
3558059,2006,72,160.0
3558059,2006,81,60.0
3558059,2006,91,95.0
3558060,2006,11,0.0
3558060,2006,21,10.0
3558060,2006,22,0.0
3558060,2006,23,0.0
3558060,2006,31-33,10.0
3558060,2006,41,0.0
3558060,2006,44-45,0.0
3558060,2006,48-49,0.0
3558060,2006,51,0.0
3558060,2006,52,0.0
3558060,2006,53,0.0
3558060,2006,54,0.0
3558060,2006,55,0.0
3558060,2006,56,0.0
3558060,2006,61,0.0
3558060,2006,62,0.0
3558060,2006,71,0.0
3558060,2006,72,0.0
3558060,2006,81,0.0
3558060,2006,91,25.0
3558061,2006,11,0.0
3558061,2006,21,10.0
3558061,2006,22,0.0
3558061,2006,23,0.0
3558061,2006,31-33,0.0
3558061,2006,41,0.0
3558061,2006,44-45,0.0
3558061,2006,48-49,0.0
3558061,2006,51,0.0
3558061,2006,52,0.0
3558061,2006,53,0.0
3558061,2006,54,0.0
3558061,2006,55,0.0
3558061,2006,56,0.0
3558061,2006,61,0.0
3558061,2006,62,0.0
3558061,2006,71,0.0
3558061,2006,72,0.0
3558061,2006,81,0.0
3558061,2006,91,30.0
3558062,2006,11,10.0
3558062,2006,21,20.0
3558062,2006,22,10.0
3558062,2006,23,25.0
3558062,2006,31-33,10.0
3558062,2006,41,10.0
3558062,2006,44-45,10.0
3558062,2006,48-49,10.0
3558062,2006,51,0.0
3558062,2006,52,0.0
3558062,2006,53,0.0
3558062,2006,54,0.0
3558062,2006,55,0.0
3558062,2006,56,10.0
3558062,2006,61,20.0
3558062,2006,62,30.0
3558062,2006,71,10.0
3558062,2006,72,0.0
3558062,2006,81,10.0
3558062,2006,91,30.0
3558063,2006,11,0.0
3558063,2006,21,0.0
3558063,2006,22,0.0
3558063,2006,23,10.0
3558063,2006,31-33,0.0
3558063,2006,41,0.0
3558063,2006,44-45,0.0
3558063,2006,48-49,0.0
3558063,2006,51,0.0
3558063,2006,52,0.0
3558063,2006,53,0.0
3558063,2006,54,0.0
3558063,2006,55,0.0
3558063,2006,56,10.0
3558063,2006,61,0.0
3558063,2006,62,0.0
3558063,2006,71,0.0
3558063,2006,72,0.0
3558063,2006,81,0.0
3558063,2006,91,0.0
3558064,2006,11,15.0
3558064,2006,21,0.0
3558064,2006,22,0.0
3558064,2006,23,10.0
3558064,2006,31-33,15.0
3558064,2006,41,0.0
3558064,2006,44-45,20.0
3558064,2006,48-49,10.0
3558064,2006,51,0.0
3558064,2006,52,0.0
3558064,2006,53,0.0
3558064,2006,54,0.0
3558064,2006,55,0.0
3558064,2006,56,10.0
3558064,2006,61,0.0
3558064,2006,62,10.0
3558064,2006,71,0.0
3558064,2006,72,0.0
3558064,2006,81,10.0
3558064,2006,91,20.0
3558066,2006,11,105.0
3558066,2006,21,310.0
3558066,2006,22,0.0
3558066,2006,23,60.0
3558066,2006,31-33,45.0
3558066,2006,41,10.0
3558066,2006,44-45,120.0
3558066,2006,48-49,85.0
3558066,2006,51,15.0
3558066,2006,52,15.0
3558066,2006,53,25.0
3558066,2006,54,20.0
3558066,2006,55,0.0
3558066,2006,56,10.0
3558066,2006,61,130.0
3558066,2006,62,100.0
3558066,2006,71,0.0
3558066,2006,72,105.0
3558066,2006,81,35.0
3558066,2006,91,40.0
3558067,2006,11,10.0
3558067,2006,21,0.0
3558067,2006,22,0.0
3558067,2006,23,10.0
3558067,2006,31-33,25.0
3558067,2006,41,0.0
3558067,2006,44-45,0.0
3558067,2006,48-49,0.0
3558067,2006,51,0.0
3558067,2006,52,0.0
3558067,2006,53,0.0
3558067,2006,54,0.0
3558067,2006,55,0.0
3558067,2006,56,0.0
3558067,2006,61,0.0
3558067,2006,62,10.0
3558067,2006,71,10.0
3558067,2006,72,0.0
3558067,2006,81,0.0
3558067,2006,91,20.0
3558068,2006,11,0.0
3558068,2006,21,0.0
3558068,2006,22,0.0
3558068,2006,23,0.0
3558068,2006,31-33,25.0
3558068,2006,41,0.0
3558068,2006,44-45,10.0
3558068,2006,48-49,0.0
3558068,2006,51,0.0
3558068,2006,52,0.0
3558068,2006,53,0.0
3558068,2006,54,0.0
3558068,2006,55,0.0
3558068,2006,56,0.0
3558068,2006,61,20.0
3558068,2006,62,25.0
3558068,2006,71,0.0
3558068,2006,72,0.0
3558068,2006,81,0.0
3558068,2006,91,25.0
3558069,2006,11,10.0
3558069,2006,21,0.0
3558069,2006,22,0.0
3558069,2006,23,10.0
3558069,2006,31-33,10.0
3558069,2006,41,0.0
3558069,2006,44-45,0.0
3558069,2006,48-49,0.0
3558069,2006,51,0.0
3558069,2006,52,0.0
3558069,2006,53,0.0
3558069,2006,54,0.0
3558069,2006,55,0.0
3558069,2006,56,0.0
3558069,2006,61,10.0
3558069,2006,62,10.0
3558069,2006,71,0.0
3558069,2006,72,0.0
3558069,2006,81,0.0
3558069,2006,91,30.0
3558075,2006,11,205.0
3558075,2006,21,30.0
3558075,2006,22,25.0
3558075,2006,23,45.0
3558075,2006,31-33,705.0
3558075,2006,41,40.0
3558075,2006,44-45,255.0
3558075,2006,48-49,185.0
3558075,2006,51,30.0
3558075,2006,52,65.0
3558075,2006,53,15.0
3558075,2006,54,25.0
3558075,2006,55,0.0
3558075,2006,56,30.0
3558075,2006,61,260.0
3558075,2006,62,275.0
3558075,2006,71,15.0
3558075,2006,72,220.0
3558075,2006,81,85.0
3558075,2006,91,175.0
3558076,2006,11,20.0
3558076,2006,21,0.0
3558076,2006,22,0.0
3558076,2006,23,15.0
3558076,2006,31-33,15.0
3558076,2006,41,0.0
3558076,2006,44-45,0.0
3558076,2006,48-49,0.0
3558076,2006,51,0.0
3558076,2006,52,0.0
3558076,2006,53,0.0
3558076,2006,54,0.0
3558076,2006,55,0.0
3558076,2006,56,0.0
3558076,2006,61,10.0
3558076,2006,62,15.0
3558076,2006,71,0.0
3558076,2006,72,10.0
3558076,2006,81,0.0
3558076,2006,91,35.0
3558085,2006,11,0.0
3558085,2006,21,0.0
3558085,2006,22,0.0
3558085,2006,23,10.0
3558085,2006,31-33,0.0
3558085,2006,41,0.0
3558085,2006,44-45,0.0
3558085,2006,48-49,0.0
3558085,2006,51,0.0
3558085,2006,52,0.0
3558085,2006,53,0.0
3558085,2006,54,0.0
3558085,2006,55,0.0
3558085,2006,56,10.0
3558085,2006,61,0.0
3558085,2006,62,10.0
3558085,2006,71,0.0
3558085,2006,72,0.0
3558085,2006,81,0.0
3558085,2006,91,10.0
3558090,2006,11,360.0
3558090,2006,21,60.0
3558090,2006,22,30.0
3558090,2006,23,215.0
3558090,2006,31-33,365.0
3558090,2006,41,85.0
3558090,2006,44-45,415.0
3558090,2006,48-49,240.0
3558090,2006,51,10.0
3558090,2006,52,55.0
3558090,2006,53,60.0
3558090,2006,54,125.0
3558090,2006,55,0.0
3558090,2006,56,115.0
3558090,2006,61,265.0
3558090,2006,62,350.0
3558090,2006,71,85.0
3558090,2006,72,275.0
3558090,2006,81,140.0
3558090,2006,91,270.0
3558097,2006,11,20.0
3558097,2006,21,0.0
3558097,2006,22,0.0
3558097,2006,23,0.0
3558097,2006,31-33,0.0
3558097,2006,41,0.0
3558097,2006,44-45,10.0
3558097,2006,48-49,0.0
3558097,2006,51,0.0
3558097,2006,52,0.0
3558097,2006,53,0.0
3558097,2006,54,0.0
3558097,2006,55,0.0
3558097,2006,56,0.0
3558097,2006,61,0.0
3558097,2006,62,10.0
3558097,2006,71,0.0
3558097,2006,72,10.0
3558097,2006,81,0.0
3558097,2006,91,25.0
3559001,2006,11,105.0
3559001,2006,21,10.0
3559001,2006,22,65.0
3559001,2006,23,65.0
3559001,2006,31-33,375.0
3559001,2006,41,50.0
3559001,2006,44-45,110.0
3559001,2006,48-49,75.0
3559001,2006,51,20.0
3559001,2006,52,40.0
3559001,2006,53,20.0
3559001,2006,54,15.0
3559001,2006,55,0.0
3559001,2006,56,15.0
3559001,2006,61,160.0
3559001,2006,62,225.0
3559001,2006,71,15.0
3559001,2006,72,135.0
3559001,2006,81,55.0
3559001,2006,91,95.0
3559011,2006,11,10.0
3559011,2006,21,0.0
3559011,2006,22,0.0
3559011,2006,23,55.0
3559011,2006,31-33,105.0
3559011,2006,41,10.0
3559011,2006,44-45,65.0
3559011,2006,48-49,25.0
3559011,2006,51,15.0
3559011,2006,52,20.0
3559011,2006,53,0.0
3559011,2006,54,15.0
3559011,2006,55,0.0
3559011,2006,56,20.0
3559011,2006,61,25.0
3559011,2006,62,70.0
3559011,2006,71,0.0
3559011,2006,72,70.0
3559011,2006,81,35.0
3559011,2006,91,40.0
3559012,2006,11,160.0
3559012,2006,21,20.0
3559012,2006,22,15.0
3559012,2006,23,235.0
3559012,2006,31-33,550.0
3559012,2006,41,65.0
3559012,2006,44-45,480.0
3559012,2006,48-49,105.0
3559012,2006,51,45.0
3559012,2006,52,165.0
3559012,2006,53,55.0
3559012,2006,54,70.0
3559012,2006,55,0.0
3559012,2006,56,80.0
3559012,2006,61,350.0
3559012,2006,62,635.0
3559012,2006,71,75.0
3559012,2006,72,435.0
3559012,2006,81,255.0
3559012,2006,91,290.0
3559016,2006,11,40.0
3559016,2006,21,0.0
3559016,2006,22,0.0
3559016,2006,23,75.0
3559016,2006,31-33,120.0
3559016,2006,41,0.0
3559016,2006,44-45,50.0
3559016,2006,48-49,65.0
3559016,2006,51,10.0
3559016,2006,52,15.0
3559016,2006,53,0.0
3559016,2006,54,20.0
3559016,2006,55,0.0
3559016,2006,56,10.0
3559016,2006,61,0.0
3559016,2006,62,70.0
3559016,2006,71,0.0
3559016,2006,72,70.0
3559016,2006,81,20.0
3559016,2006,91,40.0
3559019,2006,11,45.0
3559019,2006,21,0.0
3559019,2006,22,10.0
3559019,2006,23,90.0
3559019,2006,31-33,45.0
3559019,2006,41,20.0
3559019,2006,44-45,95.0
3559019,2006,48-49,60.0
3559019,2006,51,0.0
3559019,2006,52,0.0
3559019,2006,53,0.0
3559019,2006,54,0.0
3559019,2006,55,0.0
3559019,2006,56,15.0
3559019,2006,61,65.0
3559019,2006,62,100.0
3559019,2006,71,10.0
3559019,2006,72,15.0
3559019,2006,81,40.0
3559019,2006,91,25.0
3559024,2006,11,110.0
3559024,2006,21,0.0
3559024,2006,22,0.0
3559024,2006,23,25.0
3559024,2006,31-33,65.0
3559024,2006,41,15.0
3559024,2006,44-45,60.0
3559024,2006,48-49,25.0
3559024,2006,51,0.0
3559024,2006,52,0.0
3559024,2006,53,0.0
3559024,2006,54,0.0
3559024,2006,55,0.0
3559024,2006,56,0.0
3559024,2006,61,20.0
3559024,2006,62,35.0
3559024,2006,71,0.0
3559024,2006,72,25.0
3559024,2006,81,10.0
3559024,2006,91,20.0
3559026,2006,11,0.0
3559026,2006,21,0.0
3559026,2006,22,0.0
3559026,2006,23,10.0
3559026,2006,31-33,15.0
3559026,2006,41,0.0
3559026,2006,44-45,0.0
3559026,2006,48-49,0.0
3559026,2006,51,0.0
3559026,2006,52,0.0
3559026,2006,53,0.0
3559026,2006,54,0.0
3559026,2006,55,0.0
3559026,2006,56,10.0
3559026,2006,61,20.0
3559026,2006,62,10.0
3559026,2006,71,0.0
3559026,2006,72,0.0
3559026,2006,81,0.0
3559026,2006,91,25.0
3559031,2006,11,60.0
3559031,2006,21,0.0
3559031,2006,22,0.0
3559031,2006,23,40.0
3559031,2006,31-33,15.0
3559031,2006,41,0.0
3559031,2006,44-45,10.0
3559031,2006,48-49,25.0
3559031,2006,51,0.0
3559031,2006,52,0.0
3559031,2006,53,0.0
3559031,2006,54,0.0
3559031,2006,55,0.0
3559031,2006,56,15.0
3559031,2006,61,20.0
3559031,2006,62,40.0
3559031,2006,71,0.0
3559031,2006,72,0.0
3559031,2006,81,35.0
3559031,2006,91,20.0
3559040,2006,11,50.0
3559040,2006,21,0.0
3559040,2006,22,0.0
3559040,2006,23,35.0
3559040,2006,31-33,20.0
3559040,2006,41,25.0
3559040,2006,44-45,30.0
3559040,2006,48-49,15.0
3559040,2006,51,0.0
3559040,2006,52,0.0
3559040,2006,53,0.0
3559040,2006,54,10.0
3559040,2006,55,0.0
3559040,2006,56,0.0
3559040,2006,61,30.0
3559040,2006,62,20.0
3559040,2006,71,10.0
3559040,2006,72,20.0
3559040,2006,81,0.0
3559040,2006,91,10.0
3559042,2006,11,10.0
3559042,2006,21,0.0
3559042,2006,22,0.0
3559042,2006,23,40.0
3559042,2006,31-33,20.0
3559042,2006,41,10.0
3559042,2006,44-45,25.0
3559042,2006,48-49,25.0
3559042,2006,51,10.0
3559042,2006,52,10.0
3559042,2006,53,0.0
3559042,2006,54,0.0
3559042,2006,55,0.0
3559042,2006,56,0.0
3559042,2006,61,40.0
3559042,2006,62,40.0
3559042,2006,71,0.0
3559042,2006,72,85.0
3559042,2006,81,10.0
3559042,2006,91,55.0
3559047,2006,11,25.0
3559047,2006,21,0.0
3559047,2006,22,0.0
3559047,2006,23,10.0
3559047,2006,31-33,15.0
3559047,2006,41,0.0
3559047,2006,44-45,15.0
3559047,2006,48-49,10.0
3559047,2006,51,0.0
3559047,2006,52,0.0
3559047,2006,53,0.0
3559047,2006,54,0.0
3559047,2006,55,0.0
3559047,2006,56,0.0
3559047,2006,61,20.0
3559047,2006,62,10.0
3559047,2006,71,15.0
3559047,2006,72,40.0
3559047,2006,81,0.0
3559047,2006,91,0.0
3559051,2006,11,0.0
3559051,2006,21,0.0
3559051,2006,22,0.0
3559051,2006,23,10.0
3559051,2006,31-33,0.0
3559051,2006,41,0.0
3559051,2006,44-45,0.0
3559051,2006,48-49,0.0
3559051,2006,51,0.0
3559051,2006,52,0.0
3559051,2006,53,0.0
3559051,2006,54,0.0
3559051,2006,55,0.0
3559051,2006,56,10.0
3559051,2006,61,0.0
3559051,2006,62,0.0
3559051,2006,71,0.0
3559051,2006,72,0.0
3559051,2006,81,0.0
3559051,2006,91,30.0
3559053,2006,11,0.0
3559053,2006,21,0.0
3559053,2006,22,0.0
3559053,2006,23,0.0
3559053,2006,31-33,0.0
3559053,2006,41,0.0
3559053,2006,44-45,0.0
3559053,2006,48-49,0.0
3559053,2006,51,0.0
3559053,2006,52,0.0
3559053,2006,53,0.0
3559053,2006,54,0.0
3559053,2006,55,0.0
3559053,2006,56,0.0
3559053,2006,61,0.0
3559053,2006,62,0.0
3559053,2006,71,0.0
3559053,2006,72,10.0
3559053,2006,81,0.0
3559053,2006,91,10.0
3559060,2006,11,10.0
3559060,2006,21,0.0
3559060,2006,22,0.0
3559060,2006,23,0.0
3559060,2006,31-33,0.0
3559060,2006,41,0.0
3559060,2006,44-45,0.0
3559060,2006,48-49,0.0
3559060,2006,51,0.0
3559060,2006,52,0.0
3559060,2006,53,0.0
3559060,2006,54,0.0
3559060,2006,55,0.0
3559060,2006,56,10.0
3559060,2006,61,20.0
3559060,2006,62,10.0
3559060,2006,71,0.0
3559060,2006,72,20.0
3559060,2006,81,0.0
3559060,2006,91,45.0
3559061,2006,11,0.0
3559061,2006,21,0.0
3559061,2006,22,0.0
3559061,2006,23,0.0
3559061,2006,31-33,0.0
3559061,2006,41,0.0
3559061,2006,44-45,0.0
3559061,2006,48-49,0.0
3559061,2006,51,0.0
3559061,2006,52,0.0
3559061,2006,53,0.0
3559061,2006,54,0.0
3559061,2006,55,0.0
3559061,2006,56,0.0
3559061,2006,61,0.0
3559061,2006,62,0.0
3559061,2006,71,0.0
3559061,2006,72,0.0
3559061,2006,81,0.0
3559061,2006,91,20.0
3559063,2006,11,0.0
3559063,2006,21,0.0
3559063,2006,22,0.0
3559063,2006,23,10.0
3559063,2006,31-33,10.0
3559063,2006,41,0.0
3559063,2006,44-45,25.0
3559063,2006,48-49,15.0
3559063,2006,51,0.0
3559063,2006,52,10.0
3559063,2006,53,0.0
3559063,2006,54,10.0
3559063,2006,55,0.0
3559063,2006,56,0.0
3559063,2006,61,25.0
3559063,2006,62,80.0
3559063,2006,71,20.0
3559063,2006,72,15.0
3559063,2006,81,10.0
3559063,2006,91,75.0
3559064,2006,11,0.0
3559064,2006,21,0.0
3559064,2006,22,0.0
3559064,2006,23,0.0
3559064,2006,31-33,0.0
3559064,2006,41,0.0
3559064,2006,44-45,0.0
3559064,2006,48-49,0.0
3559064,2006,51,0.0
3559064,2006,52,0.0
3559064,2006,53,0.0
3559064,2006,54,0.0
3559064,2006,55,0.0
3559064,2006,56,0.0
3559064,2006,61,0.0
3559064,2006,62,10.0
3559064,2006,71,0.0
3559064,2006,72,0.0
3559064,2006,81,0.0
3559064,2006,91,30.0
3559066,2006,11,15.0
3559066,2006,21,0.0
3559066,2006,22,10.0
3559066,2006,23,10.0
3559066,2006,31-33,0.0
3559066,2006,41,0.0
3559066,2006,44-45,0.0
3559066,2006,48-49,0.0
3559066,2006,51,0.0
3559066,2006,52,0.0
3559066,2006,53,0.0
3559066,2006,54,0.0
3559066,2006,55,0.0
3559066,2006,56,0.0
3559066,2006,61,0.0
3559066,2006,62,10.0
3559066,2006,71,0.0
3559066,2006,72,0.0
3559066,2006,81,10.0
3559066,2006,91,40.0
3559068,2006,11,0.0
3559068,2006,21,0.0
3559068,2006,22,0.0
3559068,2006,23,0.0
3559068,2006,31-33,10.0
3559068,2006,41,0.0
3559068,2006,44-45,0.0
3559068,2006,48-49,0.0
3559068,2006,51,0.0
3559068,2006,52,0.0
3559068,2006,53,0.0
3559068,2006,54,0.0
3559068,2006,55,0.0
3559068,2006,56,0.0
3559068,2006,61,10.0
3559068,2006,62,10.0
3559068,2006,71,0.0
3559068,2006,72,0.0
3559068,2006,81,0.0
3559068,2006,91,30.0
3559090,2006,11,75.0
3559090,2006,21,20.0
3559090,2006,22,10.0
3559090,2006,23,65.0
3559090,2006,31-33,90.0
3559090,2006,41,0.0
3559090,2006,44-45,70.0
3559090,2006,48-49,35.0
3559090,2006,51,0.0
3559090,2006,52,10.0
3559090,2006,53,10.0
3559090,2006,54,15.0
3559090,2006,55,0.0
3559090,2006,56,20.0
3559090,2006,61,40.0
3559090,2006,62,65.0
3559090,2006,71,10.0
3559090,2006,72,85.0
3559090,2006,81,55.0
3559090,2006,91,40.0
3560001,2006,11,165.0
3560001,2006,21,25.0
3560001,2006,22,0.0
3560001,2006,23,30.0
3560001,2006,31-33,65.0
3560001,2006,41,15.0
3560001,2006,44-45,75.0
3560001,2006,48-49,40.0
3560001,2006,51,10.0
3560001,2006,52,25.0
3560001,2006,53,10.0
3560001,2006,54,0.0
3560001,2006,55,0.0
3560001,2006,56,30.0
3560001,2006,61,55.0
3560001,2006,62,45.0
3560001,2006,71,0.0
3560001,2006,72,120.0
3560001,2006,81,25.0
3560001,2006,91,40.0
3560004,2006,11,0.0
3560004,2006,21,0.0
3560004,2006,22,0.0
3560004,2006,23,20.0
3560004,2006,31-33,10.0
3560004,2006,41,0.0
3560004,2006,44-45,20.0
3560004,2006,48-49,0.0
3560004,2006,51,0.0
3560004,2006,52,10.0
3560004,2006,53,10.0
3560004,2006,54,0.0
3560004,2006,55,0.0
3560004,2006,56,10.0
3560004,2006,61,30.0
3560004,2006,62,65.0
3560004,2006,71,0.0
3560004,2006,72,25.0
3560004,2006,81,10.0
3560004,2006,91,20.0
3560005,2006,11,0.0
3560005,2006,21,0.0
3560005,2006,22,0.0
3560005,2006,23,0.0
3560005,2006,31-33,0.0
3560005,2006,41,0.0
3560005,2006,44-45,0.0
3560005,2006,48-49,0.0
3560005,2006,51,0.0
3560005,2006,52,0.0
3560005,2006,53,0.0
3560005,2006,54,0.0
3560005,2006,55,0.0
3560005,2006,56,10.0
3560005,2006,61,0.0
3560005,2006,62,10.0
3560005,2006,71,0.0
3560005,2006,72,0.0
3560005,2006,81,0.0
3560005,2006,91,0.0
3560008,2006,11,15.0
3560008,2006,21,10.0
3560008,2006,22,0.0
3560008,2006,23,30.0
3560008,2006,31-33,10.0
3560008,2006,41,0.0
3560008,2006,44-45,55.0
3560008,2006,48-49,10.0
3560008,2006,51,0.0
3560008,2006,52,10.0
3560008,2006,53,0.0
3560008,2006,54,10.0
3560008,2006,55,0.0
3560008,2006,56,20.0
3560008,2006,61,15.0
3560008,2006,62,25.0
3560008,2006,71,10.0
3560008,2006,72,180.0
3560008,2006,81,10.0
3560008,2006,91,25.0
3560010,2006,11,130.0
3560010,2006,21,45.0
3560010,2006,22,105.0
3560010,2006,23,565.0
3560010,2006,31-33,565.0
3560010,2006,41,110.0
3560010,2006,44-45,1250.0
3560010,2006,48-49,480.0
3560010,2006,51,110.0
3560010,2006,52,270.0
3560010,2006,53,115.0
3560010,2006,54,215.0
3560010,2006,55,0.0
3560010,2006,56,170.0
3560010,2006,61,610.0
3560010,2006,62,1310.0
3560010,2006,71,115.0
3560010,2006,72,715.0
3560010,2006,81,475.0
3560010,2006,91,790.0
3560021,2006,11,45.0
3560021,2006,21,15.0
3560021,2006,22,10.0
3560021,2006,23,30.0
3560021,2006,31-33,60.0
3560021,2006,41,10.0
3560021,2006,44-45,75.0
3560021,2006,48-49,55.0
3560021,2006,51,10.0
3560021,2006,52,10.0
3560021,2006,53,10.0
3560021,2006,54,10.0
3560021,2006,55,0.0
3560021,2006,56,0.0
3560021,2006,61,30.0
3560021,2006,62,40.0
3560021,2006,71,10.0
3560021,2006,72,90.0
3560021,2006,81,20.0
3560021,2006,91,30.0
3560024,2006,11,10.0
3560024,2006,21,0.0
3560024,2006,22,10.0
3560024,2006,23,10.0
3560024,2006,31-33,0.0
3560024,2006,41,0.0
3560024,2006,44-45,0.0
3560024,2006,48-49,0.0
3560024,2006,51,0.0
3560024,2006,52,0.0
3560024,2006,53,0.0
3560024,2006,54,0.0
3560024,2006,55,0.0
3560024,2006,56,0.0
3560024,2006,61,10.0
3560024,2006,62,15.0
3560024,2006,71,0.0
3560024,2006,72,10.0
3560024,2006,81,0.0
3560024,2006,91,25.0
3560027,2006,11,200.0
3560027,2006,21,10.0
3560027,2006,22,60.0
3560027,2006,23,145.0
3560027,2006,31-33,595.0
3560027,2006,41,105.0
3560027,2006,44-45,740.0
3560027,2006,48-49,190.0
3560027,2006,51,60.0
3560027,2006,52,80.0
3560027,2006,53,40.0
3560027,2006,54,120.0
3560027,2006,55,0.0
3560027,2006,56,50.0
3560027,2006,61,300.0
3560027,2006,62,495.0
3560027,2006,71,15.0
3560027,2006,72,435.0
3560027,2006,81,290.0
3560027,2006,91,295.0
3560032,2006,11,115.0
3560032,2006,21,15.0
3560032,2006,22,10.0
3560032,2006,23,15.0
3560032,2006,31-33,125.0
3560032,2006,41,20.0
3560032,2006,44-45,75.0
3560032,2006,48-49,40.0
3560032,2006,51,0.0
3560032,2006,52,10.0
3560032,2006,53,10.0
3560032,2006,54,0.0
3560032,2006,55,0.0
3560032,2006,56,15.0
3560032,2006,61,70.0
3560032,2006,62,45.0
3560032,2006,71,0.0
3560032,2006,72,85.0
3560032,2006,81,15.0
3560032,2006,91,35.0
3560034,2006,11,90.0
3560034,2006,21,15.0
3560034,2006,22,30.0
3560034,2006,23,45.0
3560034,2006,31-33,305.0
3560034,2006,41,65.0
3560034,2006,44-45,335.0
3560034,2006,48-49,310.0
3560034,2006,51,65.0
3560034,2006,52,65.0
3560034,2006,53,40.0
3560034,2006,54,90.0
3560034,2006,55,0.0
3560034,2006,56,60.0
3560034,2006,61,235.0
3560034,2006,62,760.0
3560034,2006,71,25.0
3560034,2006,72,235.0
3560034,2006,81,70.0
3560034,2006,91,310.0
3560042,2006,11,80.0
3560042,2006,21,835.0
3560042,2006,22,10.0
3560042,2006,23,70.0
3560042,2006,31-33,75.0
3560042,2006,41,30.0
3560042,2006,44-45,315.0
3560042,2006,48-49,125.0
3560042,2006,51,10.0
3560042,2006,52,50.0
3560042,2006,53,25.0
3560042,2006,54,95.0
3560042,2006,55,0.0
3560042,2006,56,55.0
3560042,2006,61,175.0
3560042,2006,62,250.0
3560042,2006,71,50.0
3560042,2006,72,225.0
3560042,2006,81,95.0
3560042,2006,91,155.0
3560046,2006,11,10.0
3560046,2006,21,0.0
3560046,2006,22,0.0
3560046,2006,23,0.0
3560046,2006,31-33,0.0
3560046,2006,41,0.0
3560046,2006,44-45,0.0
3560046,2006,48-49,0.0
3560046,2006,51,0.0
3560046,2006,52,0.0
3560046,2006,53,0.0
3560046,2006,54,0.0
3560046,2006,55,0.0
3560046,2006,56,0.0
3560046,2006,61,10.0
3560046,2006,62,10.0
3560046,2006,71,0.0
3560046,2006,72,0.0
3560046,2006,81,0.0
3560046,2006,91,25.0
3560049,2006,11,0.0
3560049,2006,21,0.0
3560049,2006,22,0.0
3560049,2006,23,15.0
3560049,2006,31-33,0.0
3560049,2006,41,0.0
3560049,2006,44-45,55.0
3560049,2006,48-49,85.0
3560049,2006,51,0.0
3560049,2006,52,0.0
3560049,2006,53,0.0
3560049,2006,54,0.0
3560049,2006,55,0.0
3560049,2006,56,10.0
3560049,2006,61,25.0
3560049,2006,62,30.0
3560049,2006,71,0.0
3560049,2006,72,10.0
3560049,2006,81,0.0
3560049,2006,91,40.0
3560052,2006,11,0.0
3560052,2006,21,0.0
3560052,2006,22,0.0
3560052,2006,23,10.0
3560052,2006,31-33,0.0
3560052,2006,41,0.0
3560052,2006,44-45,0.0
3560052,2006,48-49,0.0
3560052,2006,51,0.0
3560052,2006,52,0.0
3560052,2006,53,0.0
3560052,2006,54,0.0
3560052,2006,55,0.0
3560052,2006,56,0.0
3560052,2006,61,10.0
3560052,2006,62,10.0
3560052,2006,71,0.0
3560052,2006,72,0.0
3560052,2006,81,0.0
3560052,2006,91,35.0
3560053,2006,11,10.0
3560053,2006,21,0.0
3560053,2006,22,0.0
3560053,2006,23,15.0
3560053,2006,31-33,0.0
3560053,2006,41,0.0
3560053,2006,44-45,35.0
3560053,2006,48-49,0.0
3560053,2006,51,0.0
3560053,2006,52,0.0
3560053,2006,53,0.0
3560053,2006,54,0.0
3560053,2006,55,0.0
3560053,2006,56,0.0
3560053,2006,61,35.0
3560053,2006,62,40.0
3560053,2006,71,0.0
3560053,2006,72,0.0
3560053,2006,81,10.0
3560053,2006,91,50.0
3560054,2006,11,0.0
3560054,2006,21,0.0
3560054,2006,22,10.0
3560054,2006,23,10.0
3560054,2006,31-33,0.0
3560054,2006,41,0.0
3560054,2006,44-45,10.0
3560054,2006,48-49,10.0
3560054,2006,51,0.0
3560054,2006,52,0.0
3560054,2006,53,0.0
3560054,2006,54,0.0
3560054,2006,55,0.0
3560054,2006,56,0.0
3560054,2006,61,30.0
3560054,2006,62,30.0
3560054,2006,71,0.0
3560054,2006,72,0.0
3560054,2006,81,10.0
3560054,2006,91,25.0
3560055,2006,11,0.0
3560055,2006,21,0.0
3560055,2006,22,10.0
3560055,2006,23,10.0
3560055,2006,31-33,0.0
3560055,2006,41,0.0
3560055,2006,44-45,0.0
3560055,2006,48-49,0.0
3560055,2006,51,0.0
3560055,2006,52,0.0
3560055,2006,53,0.0
3560055,2006,54,0.0
3560055,2006,55,0.0
3560055,2006,56,0.0
3560055,2006,61,15.0
3560055,2006,62,15.0
3560055,2006,71,0.0
3560055,2006,72,0.0
3560055,2006,81,10.0
3560055,2006,91,15.0
3560056,2006,11,15.0
3560056,2006,21,0.0
3560056,2006,22,10.0
3560056,2006,23,60.0
3560056,2006,31-33,10.0
3560056,2006,41,0.0
3560056,2006,44-45,10.0
3560056,2006,48-49,10.0
3560056,2006,51,0.0
3560056,2006,52,0.0
3560056,2006,53,10.0
3560056,2006,54,0.0
3560056,2006,55,0.0
3560056,2006,56,30.0
3560056,2006,61,30.0
3560056,2006,62,75.0
3560056,2006,71,10.0
3560056,2006,72,40.0
3560056,2006,81,0.0
3560056,2006,91,55.0
3560057,2006,11,20.0
3560057,2006,21,0.0
3560057,2006,22,0.0
3560057,2006,23,0.0
3560057,2006,31-33,10.0
3560057,2006,41,0.0
3560057,2006,44-45,10.0
3560057,2006,48-49,0.0
3560057,2006,51,0.0
3560057,2006,52,0.0
3560057,2006,53,0.0
3560057,2006,54,0.0
3560057,2006,55,0.0
3560057,2006,56,0.0
3560057,2006,61,0.0
3560057,2006,62,0.0
3560057,2006,71,0.0
3560057,2006,72,0.0
3560057,2006,81,0.0
3560057,2006,91,20.0
3560058,2006,11,10.0
3560058,2006,21,0.0
3560058,2006,22,0.0
3560058,2006,23,15.0
3560058,2006,31-33,0.0
3560058,2006,41,0.0
3560058,2006,44-45,10.0
3560058,2006,48-49,10.0
3560058,2006,51,0.0
3560058,2006,52,0.0
3560058,2006,53,0.0
3560058,2006,54,0.0
3560058,2006,55,0.0
3560058,2006,56,10.0
3560058,2006,61,50.0
3560058,2006,62,50.0
3560058,2006,71,0.0
3560058,2006,72,15.0
3560058,2006,81,0.0
3560058,2006,91,40.0
3560059,2006,11,10.0
3560059,2006,21,15.0
3560059,2006,22,0.0
3560059,2006,23,40.0
3560059,2006,31-33,0.0
3560059,2006,41,0.0
3560059,2006,44-45,20.0
3560059,2006,48-49,20.0
3560059,2006,51,0.0
3560059,2006,52,0.0
3560059,2006,53,0.0
3560059,2006,54,0.0
3560059,2006,55,0.0
3560059,2006,56,25.0
3560059,2006,61,35.0
3560059,2006,62,40.0
3560059,2006,71,0.0
3560059,2006,72,10.0
3560059,2006,81,0.0
3560059,2006,91,70.0
3560061,2006,11,0.0
3560061,2006,21,0.0
3560061,2006,22,10.0
3560061,2006,23,20.0
3560061,2006,31-33,0.0
3560061,2006,41,0.0
3560061,2006,44-45,10.0
3560061,2006,48-49,0.0
3560061,2006,51,0.0
3560061,2006,52,0.0
3560061,2006,53,0.0
3560061,2006,54,0.0
3560061,2006,55,0.0
3560061,2006,56,20.0
3560061,2006,61,50.0
3560061,2006,62,60.0
3560061,2006,71,10.0
3560061,2006,72,10.0
3560061,2006,81,10.0
3560061,2006,91,50.0
3560063,2006,11,10.0
3560063,2006,21,0.0
3560063,2006,22,0.0
3560063,2006,23,35.0
3560063,2006,31-33,0.0
3560063,2006,41,0.0
3560063,2006,44-45,0.0
3560063,2006,48-49,0.0
3560063,2006,51,0.0
3560063,2006,52,0.0
3560063,2006,53,0.0
3560063,2006,54,10.0
3560063,2006,55,0.0
3560063,2006,56,10.0
3560063,2006,61,15.0
3560063,2006,62,30.0
3560063,2006,71,0.0
3560063,2006,72,0.0
3560063,2006,81,0.0
3560063,2006,91,35.0
3560064,2006,11,0.0
3560064,2006,21,0.0
3560064,2006,22,0.0
3560064,2006,23,0.0
3560064,2006,31-33,0.0
3560064,2006,41,0.0
3560064,2006,44-45,0.0
3560064,2006,48-49,0.0
3560064,2006,51,0.0
3560064,2006,52,0.0
3560064,2006,53,0.0
3560064,2006,54,0.0
3560064,2006,55,0.0
3560064,2006,56,0.0
3560064,2006,61,10.0
3560064,2006,62,15.0
3560064,2006,71,10.0
3560064,2006,72,0.0
3560064,2006,81,0.0
3560064,2006,91,10.0
3560065,2006,11,0.0
3560065,2006,21,0.0
3560065,2006,22,0.0
3560065,2006,23,10.0
3560065,2006,31-33,0.0
3560065,2006,41,0.0
3560065,2006,44-45,0.0
3560065,2006,48-49,0.0
3560065,2006,51,0.0
3560065,2006,52,0.0
3560065,2006,53,0.0
3560065,2006,54,0.0
3560065,2006,55,0.0
3560065,2006,56,0.0
3560065,2006,61,0.0
3560065,2006,62,0.0
3560065,2006,71,0.0
3560065,2006,72,0.0
3560065,2006,81,0.0
3560065,2006,91,0.0
3560066,2006,11,10.0
3560066,2006,21,0.0
3560066,2006,22,0.0
3560066,2006,23,10.0
3560066,2006,31-33,0.0
3560066,2006,41,0.0
3560066,2006,44-45,10.0
3560066,2006,48-49,0.0
3560066,2006,51,0.0
3560066,2006,52,0.0
3560066,2006,53,0.0
3560066,2006,54,0.0
3560066,2006,55,0.0
3560066,2006,56,0.0
3560066,2006,61,10.0
3560066,2006,62,35.0
3560066,2006,71,10.0
3560066,2006,72,0.0
3560066,2006,81,0.0
3560066,2006,91,30.0
3560067,2006,11,0.0
3560067,2006,21,0.0
3560067,2006,22,10.0
3560067,2006,23,0.0
3560067,2006,31-33,0.0
3560067,2006,41,0.0
3560067,2006,44-45,20.0
3560067,2006,48-49,0.0
3560067,2006,51,0.0
3560067,2006,52,0.0
3560067,2006,53,0.0
3560067,2006,54,0.0
3560067,2006,55,0.0
3560067,2006,56,0.0
3560067,2006,61,20.0
3560067,2006,62,15.0
3560067,2006,71,0.0
3560067,2006,72,0.0
3560067,2006,81,0.0
3560067,2006,91,45.0
3560068,2006,11,0.0
3560068,2006,21,0.0
3560068,2006,22,10.0
3560068,2006,23,15.0
3560068,2006,31-33,0.0
3560068,2006,41,0.0
3560068,2006,44-45,0.0
3560068,2006,48-49,10.0
3560068,2006,51,0.0
3560068,2006,52,0.0
3560068,2006,53,0.0
3560068,2006,54,10.0
3560068,2006,55,0.0
3560068,2006,56,0.0
3560068,2006,61,20.0
3560068,2006,62,25.0
3560068,2006,71,0.0
3560068,2006,72,0.0
3560068,2006,81,0.0
3560068,2006,91,40.0
3560070,2006,11,0.0
3560070,2006,21,0.0
3560070,2006,22,0.0
3560070,2006,23,25.0
3560070,2006,31-33,0.0
3560070,2006,41,0.0
3560070,2006,44-45,10.0
3560070,2006,48-49,10.0
3560070,2006,51,0.0
3560070,2006,52,0.0
3560070,2006,53,0.0
3560070,2006,54,0.0
3560070,2006,55,0.0
3560070,2006,56,10.0
3560070,2006,61,30.0
3560070,2006,62,45.0
3560070,2006,71,0.0
3560070,2006,72,0.0
3560070,2006,81,0.0
3560070,2006,91,45.0
3560071,2006,11,10.0
3560071,2006,21,0.0
3560071,2006,22,10.0
3560071,2006,23,35.0
3560071,2006,31-33,0.0
3560071,2006,41,0.0
3560071,2006,44-45,80.0
3560071,2006,48-49,15.0
3560071,2006,51,0.0
3560071,2006,52,0.0
3560071,2006,53,0.0
3560071,2006,54,0.0
3560071,2006,55,0.0
3560071,2006,56,20.0
3560071,2006,61,90.0
3560071,2006,62,85.0
3560071,2006,71,10.0
3560071,2006,72,0.0
3560071,2006,81,0.0
3560071,2006,91,105.0
3560075,2006,11,0.0
3560075,2006,21,0.0
3560075,2006,22,10.0
3560075,2006,23,15.0
3560075,2006,31-33,0.0
3560075,2006,41,0.0
3560075,2006,44-45,45.0
3560075,2006,48-49,20.0
3560075,2006,51,10.0
3560075,2006,52,0.0
3560075,2006,53,10.0
3560075,2006,54,10.0
3560075,2006,55,0.0
3560075,2006,56,10.0
3560075,2006,61,30.0
3560075,2006,62,65.0
3560075,2006,71,0.0
3560075,2006,72,10.0
3560075,2006,81,10.0
3560075,2006,91,65.0
3560076,2006,11,0.0
3560076,2006,21,0.0
3560076,2006,22,0.0
3560076,2006,23,15.0
3560076,2006,31-33,0.0
3560076,2006,41,0.0
3560076,2006,44-45,15.0
3560076,2006,48-49,10.0
3560076,2006,51,0.0
3560076,2006,52,0.0
3560076,2006,53,0.0
3560076,2006,54,0.0
3560076,2006,55,0.0
3560076,2006,56,0.0
3560076,2006,61,25.0
3560076,2006,62,15.0
3560076,2006,71,0.0
3560076,2006,72,0.0
3560076,2006,81,0.0
3560076,2006,91,60.0
3560079,2006,11,0.0
3560079,2006,21,0.0
3560079,2006,22,0.0
3560079,2006,23,10.0
3560079,2006,31-33,0.0
3560079,2006,41,0.0
3560079,2006,44-45,15.0
3560079,2006,48-49,0.0
3560079,2006,51,0.0
3560079,2006,52,0.0
3560079,2006,53,0.0
3560079,2006,54,10.0
3560079,2006,55,0.0
3560079,2006,56,10.0
3560079,2006,61,25.0
3560079,2006,62,15.0
3560079,2006,71,0.0
3560079,2006,72,0.0
3560079,2006,81,0.0
3560079,2006,91,50.0
3560080,2006,11,0.0
3560080,2006,21,0.0
3560080,2006,22,10.0
3560080,2006,23,10.0
3560080,2006,31-33,0.0
3560080,2006,41,0.0
3560080,2006,44-45,0.0
3560080,2006,48-49,0.0
3560080,2006,51,0.0
3560080,2006,52,0.0
3560080,2006,53,0.0
3560080,2006,54,0.0
3560080,2006,55,0.0
3560080,2006,56,0.0
3560080,2006,61,30.0
3560080,2006,62,20.0
3560080,2006,71,0.0
3560080,2006,72,10.0
3560080,2006,81,0.0
3560080,2006,91,35.0
3560082,2006,11,0.0
3560082,2006,21,0.0
3560082,2006,22,0.0
3560082,2006,23,0.0
3560082,2006,31-33,0.0
3560082,2006,41,0.0
3560082,2006,44-45,0.0
3560082,2006,48-49,0.0
3560082,2006,51,0.0
3560082,2006,52,0.0
3560082,2006,53,0.0
3560082,2006,54,0.0
3560082,2006,55,0.0
3560082,2006,56,0.0
3560082,2006,61,0.0
3560082,2006,62,10.0
3560082,2006,71,0.0
3560082,2006,72,0.0
3560082,2006,81,0.0
3560082,2006,91,20.0
3560083,2006,11,0.0
3560083,2006,21,0.0
3560083,2006,22,0.0
3560083,2006,23,10.0
3560083,2006,31-33,0.0
3560083,2006,41,0.0
3560083,2006,44-45,0.0
3560083,2006,48-49,0.0
3560083,2006,51,0.0
3560083,2006,52,0.0
3560083,2006,53,0.0
3560083,2006,54,0.0
3560083,2006,55,0.0
3560083,2006,56,0.0
3560083,2006,61,0.0
3560083,2006,62,0.0
3560083,2006,71,0.0
3560083,2006,72,0.0
3560083,2006,81,0.0
3560083,2006,91,10.0
3560084,2006,11,0.0
3560084,2006,21,0.0
3560084,2006,22,0.0
3560084,2006,23,0.0
3560084,2006,31-33,0.0
3560084,2006,41,0.0
3560084,2006,44-45,0.0
3560084,2006,48-49,0.0
3560084,2006,51,0.0
3560084,2006,52,0.0
3560084,2006,53,0.0
3560084,2006,54,0.0
3560084,2006,55,0.0
3560084,2006,56,0.0
3560084,2006,61,0.0
3560084,2006,62,10.0
3560084,2006,71,0.0
3560084,2006,72,0.0
3560084,2006,81,0.0
3560084,2006,91,20.0
3560085,2006,11,0.0
3560085,2006,21,0.0
3560085,2006,22,10.0
3560085,2006,23,20.0
3560085,2006,31-33,10.0
3560085,2006,41,0.0
3560085,2006,44-45,20.0
3560085,2006,48-49,10.0
3560085,2006,51,0.0
3560085,2006,52,0.0
3560085,2006,53,0.0
3560085,2006,54,0.0
3560085,2006,55,0.0
3560085,2006,56,10.0
3560085,2006,61,20.0
3560085,2006,62,25.0
3560085,2006,71,0.0
3560085,2006,72,0.0
3560085,2006,81,0.0
3560085,2006,91,80.0
3560086,2006,11,0.0
3560086,2006,21,0.0
3560086,2006,22,0.0
3560086,2006,23,25.0
3560086,2006,31-33,0.0
3560086,2006,41,0.0
3560086,2006,44-45,10.0
3560086,2006,48-49,0.0
3560086,2006,51,0.0
3560086,2006,52,0.0
3560086,2006,53,0.0
3560086,2006,54,0.0
3560086,2006,55,0.0
3560086,2006,56,0.0
3560086,2006,61,15.0
3560086,2006,62,10.0
3560086,2006,71,0.0
3560086,2006,72,0.0
3560086,2006,81,0.0
3560086,2006,91,40.0
3560088,2006,11,0.0
3560088,2006,21,0.0
3560088,2006,22,10.0
3560088,2006,23,10.0
3560088,2006,31-33,0.0
3560088,2006,41,0.0
3560088,2006,44-45,0.0
3560088,2006,48-49,0.0
3560088,2006,51,10.0
3560088,2006,52,0.0
3560088,2006,53,0.0
3560088,2006,54,0.0
3560088,2006,55,0.0
3560088,2006,56,0.0
3560088,2006,61,20.0
3560088,2006,62,25.0
3560088,2006,71,0.0
3560088,2006,72,0.0
3560088,2006,81,0.0
3560088,2006,91,50.0
3560089,2006,11,0.0
3560089,2006,21,0.0
3560089,2006,22,0.0
3560089,2006,23,0.0
3560089,2006,31-33,0.0
3560089,2006,41,0.0
3560089,2006,44-45,10.0
3560089,2006,48-49,0.0
3560089,2006,51,0.0
3560089,2006,52,0.0
3560089,2006,53,0.0
3560089,2006,54,0.0
3560089,2006,55,0.0
3560089,2006,56,0.0
3560089,2006,61,0.0
3560089,2006,62,15.0
3560089,2006,71,0.0
3560089,2006,72,0.0
3560089,2006,81,0.0
3560089,2006,91,25.0
3560090,2006,11,290.0
3560090,2006,21,55.0
3560090,2006,22,30.0
3560090,2006,23,235.0
3560090,2006,31-33,460.0
3560090,2006,41,85.0
3560090,2006,44-45,535.0
3560090,2006,48-49,255.0
3560090,2006,51,40.0
3560090,2006,52,85.0
3560090,2006,53,35.0
3560090,2006,54,85.0
3560090,2006,55,0.0
3560090,2006,56,70.0
3560090,2006,61,255.0
3560090,2006,62,435.0
3560090,2006,71,95.0
3560090,2006,72,370.0
3560090,2006,81,175.0
3560090,2006,91,275.0
3560091,2006,11,0.0
3560091,2006,21,0.0
3560091,2006,22,0.0
3560091,2006,23,0.0
3560091,2006,31-33,0.0
3560091,2006,41,0.0
3560091,2006,44-45,0.0
3560091,2006,48-49,0.0
3560091,2006,51,0.0
3560091,2006,52,0.0
3560091,2006,53,0.0
3560091,2006,54,0.0
3560091,2006,55,0.0
3560091,2006,56,10.0
3560091,2006,61,10.0
3560091,2006,62,10.0
3560091,2006,71,10.0
3560091,2006,72,0.0
3560091,2006,81,0.0
3560091,2006,91,30.0
3560093,2006,11,0.0
3560093,2006,21,0.0
3560093,2006,22,0.0
3560093,2006,23,0.0
3560093,2006,31-33,0.0
3560093,2006,41,0.0
3560093,2006,44-45,0.0
3560093,2006,48-49,10.0
3560093,2006,51,0.0
3560093,2006,52,0.0
3560093,2006,53,0.0
3560093,2006,54,0.0
3560093,2006,55,0.0
3560093,2006,56,0.0
3560093,2006,61,10.0
3560093,2006,62,0.0
3560093,2006,71,0.0
3560093,2006,72,0.0
3560093,2006,81,0.0
3560093,2006,91,30.0
3560095,2006,11,0.0
3560095,2006,21,0.0
3560095,2006,22,0.0
3560095,2006,23,0.0
3560095,2006,31-33,0.0
3560095,2006,41,0.0
3560095,2006,44-45,15.0
3560095,2006,48-49,10.0
3560095,2006,51,0.0
3560095,2006,52,0.0
3560095,2006,53,0.0
3560095,2006,54,10.0
3560095,2006,55,0.0
3560095,2006,56,0.0
3560095,2006,61,25.0
3560095,2006,62,25.0
3560095,2006,71,0.0
3560095,2006,72,10.0
3560095,2006,81,10.0
3560095,2006,91,85.0
3560096,2006,11,0.0
3560096,2006,21,0.0
3560096,2006,22,10.0
3560096,2006,23,35.0
3560096,2006,31-33,0.0
3560096,2006,41,0.0
3560096,2006,44-45,15.0
3560096,2006,48-49,0.0
3560096,2006,51,0.0
3560096,2006,52,0.0
3560096,2006,53,10.0
3560096,2006,54,0.0
3560096,2006,55,0.0
3560096,2006,56,10.0
3560096,2006,61,25.0
3560096,2006,62,25.0
3560096,2006,71,0.0
3560096,2006,72,10.0
3560096,2006,81,0.0
3560096,2006,91,85.0
3560097,2006,11,0.0
3560097,2006,21,0.0
3560097,2006,22,10.0
3560097,2006,23,15.0
3560097,2006,31-33,0.0
3560097,2006,41,0.0
3560097,2006,44-45,10.0
3560097,2006,48-49,10.0
3560097,2006,51,0.0
3560097,2006,52,0.0
3560097,2006,53,0.0
3560097,2006,54,0.0
3560097,2006,55,0.0
3560097,2006,56,0.0
3560097,2006,61,10.0
3560097,2006,62,25.0
3560097,2006,71,0.0
3560097,2006,72,0.0
3560097,2006,81,0.0
3560097,2006,91,40.0
3560098,2006,11,10.0
3560098,2006,21,0.0
3560098,2006,22,0.0
3560098,2006,23,15.0
3560098,2006,31-33,0.0
3560098,2006,41,0.0
3560098,2006,44-45,10.0
3560098,2006,48-49,10.0
3560098,2006,51,0.0
3560098,2006,52,0.0
3560098,2006,53,0.0
3560098,2006,54,0.0
3560098,2006,55,0.0
3560098,2006,56,0.0
3560098,2006,61,20.0
3560098,2006,62,30.0
3560098,2006,71,0.0
3560098,2006,72,0.0
3560098,2006,81,0.0
3560098,2006,91,50.0
3560104,2006,11,0.0
3560104,2006,21,0.0
3560104,2006,22,10.0
3560104,2006,23,10.0
3560104,2006,31-33,0.0
3560104,2006,41,0.0
3560104,2006,44-45,10.0
3560104,2006,48-49,0.0
3560104,2006,51,0.0
3560104,2006,52,0.0
3560104,2006,53,0.0
3560104,2006,54,0.0
3560104,2006,55,0.0
3560104,2006,56,0.0
3560104,2006,61,15.0
3560104,2006,62,15.0
3560104,2006,71,0.0
3560104,2006,72,0.0
3560104,2006,81,0.0
3560104,2006,91,50.0
CA,2001,11,567665.0
CA,2001,21,169975.0
CA,2001,22,118790.0
CA,2001,23,879245.0
CA,2001,31-33,2174290.0
CA,2001,41,686530.0
CA,2001,44-45,1754885.0
CA,2001,48-49,774220.0
CA,2001,51,417285.0
CA,2001,52,635630.0
CA,2001,53,259355.0
CA,2001,54,982300.0
CA,2001,55,15325.0
CA,2001,56,605915.0
CA,2001,61,1021020.0
CA,2001,62,1511355.0
CA,2001,71,303860.0
CA,2001,72,1046040.0
CA,2001,81,748395.0
CA,2001,91,904480.0
35,2001,11,123675.0
35,2001,21,21110.0
35,2001,22,46230.0
35,2001,23,332250.0
35,2001,31-33,984325.0
35,2001,41,278865.0
35,2001,44-45,671870.0
35,2001,48-49,280150.0
35,2001,51,171750.0
35,2001,52,292550.0
35,2001,53,108890.0
35,2001,54,429100.0
35,2001,55,7895.0
35,2001,56,257025.0
35,2001,61,371195.0
35,2001,62,531795.0
35,2001,71,121950.0
35,2001,72,380055.0
35,2001,81,273120.0
35,2001,91,308960.0
3501005,2001,11,650.0
3501005,2001,21,0.0
3501005,2001,22,55.0
3501005,2001,23,445.0
3501005,2001,31-33,1200.0
3501005,2001,41,235.0
3501005,2001,44-45,730.0
3501005,2001,48-49,545.0
3501005,2001,51,65.0
3501005,2001,52,185.0
3501005,2001,53,70.0
3501005,2001,54,245.0
3501005,2001,55,10.0
3501005,2001,56,190.0
3501005,2001,61,585.0
3501005,2001,62,550.0
3501005,2001,71,95.0
3501005,2001,72,375.0
3501005,2001,81,310.0
3501005,2001,91,225.0
3501011,2001,11,195.0
3501011,2001,21,0.0
3501011,2001,22,75.0
3501011,2001,23,610.0
3501011,2001,31-33,1250.0
3501011,2001,41,120.0
3501011,2001,44-45,615.0
3501011,2001,48-49,465.0
3501011,2001,51,70.0
3501011,2001,52,115.0
3501011,2001,53,85.0
3501011,2001,54,200.0
3501011,2001,55,0.0
3501011,2001,56,185.0
3501011,2001,61,450.0
3501011,2001,62,815.0
3501011,2001,71,45.0
3501011,2001,72,280.0
3501011,2001,81,295.0
3501011,2001,91,320.0
3501012,2001,11,100.0
3501012,2001,21,25.0
3501012,2001,22,105.0
3501012,2001,23,1020.0
3501012,2001,31-33,4845.0
3501012,2001,41,490.0
3501012,2001,44-45,2405.0
3501012,2001,48-49,1385.0
3501012,2001,51,240.0
3501012,2001,52,435.0
3501012,2001,53,225.0
3501012,2001,54,525.0
3501012,2001,55,0.0
3501012,2001,56,830.0
3501012,2001,61,1320.0
3501012,2001,62,2310.0
3501012,2001,71,260.0
3501012,2001,72,1780.0
3501012,2001,81,1035.0
3501012,2001,91,815.0
3501020,2001,11,445.0
3501020,2001,21,0.0
3501020,2001,22,30.0
3501020,2001,23,380.0
3501020,2001,31-33,1195.0
3501020,2001,41,145.0
3501020,2001,44-45,500.0
3501020,2001,48-49,390.0
3501020,2001,51,110.0
3501020,2001,52,70.0
3501020,2001,53,60.0
3501020,2001,54,195.0
3501020,2001,55,0.0
3501020,2001,56,145.0
3501020,2001,61,225.0
3501020,2001,62,345.0
3501020,2001,71,160.0
3501020,2001,72,365.0
3501020,2001,81,295.0
3501020,2001,91,240.0
3501030,2001,11,800.0
3501030,2001,21,10.0
3501030,2001,22,75.0
3501030,2001,23,375.0
3501030,2001,31-33,560.0
3501030,2001,41,355.0
3501030,2001,44-45,565.0
3501030,2001,48-49,295.0
3501030,2001,51,90.0
3501030,2001,52,165.0
3501030,2001,53,125.0
3501030,2001,54,300.0
3501030,2001,55,0.0
3501030,2001,56,270.0
3501030,2001,61,365.0
3501030,2001,62,615.0
3501030,2001,71,105.0
3501030,2001,72,160.0
3501030,2001,81,295.0
3501030,2001,91,525.0
3501042,2001,11,515.0
3501042,2001,21,10.0
3501042,2001,22,10.0
3501042,2001,23,375.0
3501042,2001,31-33,310.0
3501042,2001,41,185.0
3501042,2001,44-45,310.0
3501042,2001,48-49,300.0
3501042,2001,51,75.0
3501042,2001,52,110.0
3501042,2001,53,10.0
3501042,2001,54,110.0
3501042,2001,55,0.0
3501042,2001,56,90.0
3501042,2001,61,170.0
3501042,2001,62,395.0
3501042,2001,71,35.0
3501042,2001,72,120.0
3501042,2001,81,215.0
3501042,2001,91,215.0
3501050,2001,11,625.0
3501050,2001,21,10.0
3501050,2001,22,25.0
3501050,2001,23,220.0
3501050,2001,31-33,1055.0
3501050,2001,41,165.0
3501050,2001,44-45,490.0
3501050,2001,48-49,315.0
3501050,2001,51,70.0
3501050,2001,52,170.0
3501050,2001,53,35.0
3501050,2001,54,145.0
3501050,2001,55,0.0
3501050,2001,56,80.0
3501050,2001,61,300.0
3501050,2001,62,560.0
3501050,2001,71,60.0
3501050,2001,72,240.0
3501050,2001,81,260.0
3501050,2001,91,110.0
3502001,2001,11,270.0
3502001,2001,21,10.0
3502001,2001,22,20.0
3502001,2001,23,140.0
3502001,2001,31-33,335.0
3502001,2001,41,40.0
3502001,2001,44-45,115.0
3502001,2001,48-49,70.0
3502001,2001,51,15.0
3502001,2001,52,25.0
3502001,2001,53,15.0
3502001,2001,54,160.0
3502001,2001,55,0.0
3502001,2001,56,20.0
3502001,2001,61,80.0
3502001,2001,62,115.0
3502001,2001,71,15.0
3502001,2001,72,125.0
3502001,2001,81,90.0
3502001,2001,91,50.0
3502008,2001,11,15.0
3502008,2001,21,0.0
3502008,2001,22,20.0
3502008,2001,23,180.0
3502008,2001,31-33,1365.0
3502008,2001,41,85.0
3502008,2001,44-45,670.0
3502008,2001,48-49,150.0
3502008,2001,51,100.0
3502008,2001,52,65.0
3502008,2001,53,75.0
3502008,2001,54,125.0
3502008,2001,55,0.0
3502008,2001,56,130.0
3502008,2001,61,305.0
3502008,2001,62,470.0
3502008,2001,71,50.0
3502008,2001,72,335.0
3502008,2001,81,195.0
3502008,2001,91,145.0
3502010,2001,11,180.0
3502010,2001,21,10.0
3502010,2001,22,20.0
3502010,2001,23,190.0
3502010,2001,31-33,1015.0
3502010,2001,41,165.0
3502010,2001,44-45,525.0
3502010,2001,48-49,225.0
3502010,2001,51,85.0
3502010,2001,52,115.0
3502010,2001,53,80.0
3502010,2001,54,225.0
3502010,2001,55,0.0
3502010,2001,56,130.0
3502010,2001,61,385.0
3502010,2001,62,490.0
3502010,2001,71,65.0
3502010,2001,72,320.0
3502010,2001,81,140.0
3502010,2001,91,180.0
3502023,2001,11,380.0
3502023,2001,21,0.0
3502023,2001,22,30.0
3502023,2001,23,530.0
3502023,2001,31-33,330.0
3502023,2001,41,165.0
3502023,2001,44-45,325.0
3502023,2001,48-49,235.0
3502023,2001,51,75.0
3502023,2001,52,135.0
3502023,2001,53,60.0
3502023,2001,54,145.0
3502023,2001,55,0.0
3502023,2001,56,80.0
3502023,2001,61,365.0
3502023,2001,62,440.0
3502023,2001,71,55.0
3502023,2001,72,235.0
3502023,2001,81,235.0
3502023,2001,91,375.0
3502025,2001,11,725.0
3502025,2001,21,15.0
3502025,2001,22,25.0
3502025,2001,23,540.0
3502025,2001,31-33,545.0
3502025,2001,41,325.0
3502025,2001,44-45,545.0
3502025,2001,48-49,295.0
3502025,2001,51,85.0
3502025,2001,52,185.0
3502025,2001,53,50.0
3502025,2001,54,280.0
3502025,2001,55,0.0
3502025,2001,56,220.0
3502025,2001,61,335.0
3502025,2001,62,480.0
3502025,2001,71,115.0
3502025,2001,72,310.0
3502025,2001,81,340.0
3502025,2001,91,625.0
3502036,2001,11,295.0
3502036,2001,21,10.0
3502036,2001,22,10.0
3502036,2001,23,1400.0
3502036,2001,31-33,490.0
3502036,2001,41,370.0
3502036,2001,44-45,1150.0
3502036,2001,48-49,765.0
3502036,2001,51,200.0
3502036,2001,52,340.0
3502036,2001,53,165.0
3502036,2001,54,575.0
3502036,2001,55,0.0
3502036,2001,56,435.0
3502036,2001,61,715.0
3502036,2001,62,1150.0
3502036,2001,71,245.0
3502036,2001,72,350.0
3502036,2001,81,610.0
3502036,2001,91,1715.0
3502044,2001,11,35.0
3502044,2001,21,0.0
3502044,2001,22,0.0
3502044,2001,23,140.0
3502044,2001,31-33,115.0
3502044,2001,41,55.0
3502044,2001,44-45,230.0
3502044,2001,48-49,60.0
3502044,2001,51,15.0
3502044,2001,52,95.0
3502044,2001,53,20.0
3502044,2001,54,35.0
3502044,2001,55,0.0
3502044,2001,56,40.0
3502044,2001,61,175.0
3502044,2001,62,145.0
3502044,2001,71,25.0
3502044,2001,72,110.0
3502044,2001,81,75.0
3502044,2001,91,225.0
3502048,2001,11,280.0
3502048,2001,21,20.0
3502048,2001,22,40.0
3502048,2001,23,595.0
3502048,2001,31-33,355.0
3502048,2001,41,350.0
3502048,2001,44-45,755.0
3502048,2001,48-49,415.0
3502048,2001,51,195.0
3502048,2001,52,240.0
3502048,2001,53,65.0
3502048,2001,54,370.0
3502048,2001,55,0.0
3502048,2001,56,230.0
3502048,2001,61,615.0
3502048,2001,62,590.0
3502048,2001,71,60.0
3502048,2001,72,190.0
3502048,2001,81,370.0
3502048,2001,91,1310.0
3506008,2001,11,2445.0
3506008,2001,21,200.0
3506008,2001,22,1205.0
3506008,2001,23,16320.0
3506008,2001,31-33,35275.0
3506008,2001,41,10045.0
3506008,2001,44-45,42065.0
3506008,2001,48-49,14705.0
3506008,2001,51,17235.0
3506008,2001,52,14620.0
3506008,2001,53,7400.0
3506008,2001,54,52530.0
3506008,2001,55,230.0
3506008,2001,56,18205.0
3506008,2001,61,27765.0
3506008,2001,62,37775.0
3506008,2001,71,7500.0
3506008,2001,72,25805.0
3506008,2001,81,18465.0
3506008,2001,91,76395.0
3507004,2001,11,130.0
3507004,2001,21,0.0
3507004,2001,22,20.0
3507004,2001,23,190.0
3507004,2001,31-33,685.0
3507004,2001,41,140.0
3507004,2001,44-45,330.0
3507004,2001,48-49,310.0
3507004,2001,51,70.0
3507004,2001,52,70.0
3507004,2001,53,40.0
3507004,2001,54,65.0
3507004,2001,55,0.0
3507004,2001,56,170.0
3507004,2001,61,145.0
3507004,2001,62,260.0
3507004,2001,71,80.0
3507004,2001,72,215.0
3507004,2001,81,135.0
3507004,2001,91,220.0
3507006,2001,11,145.0
3507006,2001,21,10.0
3507006,2001,22,25.0
3507006,2001,23,285.0
3507006,2001,31-33,1110.0
3507006,2001,41,145.0
3507006,2001,44-45,445.0
3507006,2001,48-49,210.0
3507006,2001,51,45.0
3507006,2001,52,50.0
3507006,2001,53,45.0
3507006,2001,54,120.0
3507006,2001,55,10.0
3507006,2001,56,175.0
3507006,2001,61,350.0
3507006,2001,62,410.0
3507006,2001,71,60.0
3507006,2001,72,155.0
3507006,2001,81,140.0
3507006,2001,91,235.0
3507008,2001,11,10.0
3507008,2001,21,0.0
3507008,2001,22,15.0
3507008,2001,23,145.0
3507008,2001,31-33,495.0
3507008,2001,41,50.0
3507008,2001,44-45,230.0
3507008,2001,48-49,80.0
3507008,2001,51,25.0
3507008,2001,52,10.0
3507008,2001,53,20.0
3507008,2001,54,60.0
3507008,2001,55,0.0
3507008,2001,56,100.0
3507008,2001,61,85.0
3507008,2001,62,110.0
3507008,2001,71,30.0
3507008,2001,72,140.0
3507008,2001,81,100.0
3507008,2001,91,65.0
3507014,2001,11,275.0
3507014,2001,21,0.0
3507014,2001,22,30.0
3507014,2001,23,275.0
3507014,2001,31-33,1250.0
3507014,2001,41,175.0
3507014,2001,44-45,560.0
3507014,2001,48-49,260.0
3507014,2001,51,65.0
3507014,2001,52,120.0
3507014,2001,53,85.0
3507014,2001,54,215.0
3507014,2001,55,0.0
3507014,2001,56,155.0
3507014,2001,61,250.0
3507014,2001,62,620.0
3507014,2001,71,75.0
3507014,2001,72,365.0
3507014,2001,81,265.0
3507014,2001,91,200.0
3507015,2001,11,70.0
3507015,2001,21,15.0
3507015,2001,22,35.0
3507015,2001,23,515.0
3507015,2001,31-33,1990.0
3507015,2001,41,215.0
3507015,2001,44-45,1470.0
3507015,2001,48-49,350.0
3507015,2001,51,165.0
3507015,2001,52,280.0
3507015,2001,53,85.0
3507015,2001,54,375.0
3507015,2001,55,0.0
3507015,2001,56,505.0
3507015,2001,61,705.0
3507015,2001,62,1460.0
3507015,2001,71,145.0
3507015,2001,72,870.0
3507015,2001,81,380.0
3507015,2001,91,390.0
3507017,2001,11,85.0
3507017,2001,21,10.0
3507017,2001,22,10.0
3507017,2001,23,110.0
3507017,2001,31-33,345.0
3507017,2001,41,55.0
3507017,2001,44-45,130.0
3507017,2001,48-49,100.0
3507017,2001,51,15.0
3507017,2001,52,15.0
3507017,2001,53,10.0
3507017,2001,54,45.0
3507017,2001,55,0.0
3507017,2001,56,25.0
3507017,2001,61,40.0
3507017,2001,62,165.0
3507017,2001,71,0.0
3507017,2001,72,140.0
3507017,2001,81,35.0
3507017,2001,91,95.0
3507021,2001,11,245.0
3507021,2001,21,0.0
3507021,2001,22,15.0
3507021,2001,23,460.0
3507021,2001,31-33,920.0
3507021,2001,41,115.0
3507021,2001,44-45,485.0
3507021,2001,48-49,250.0
3507021,2001,51,120.0
3507021,2001,52,95.0
3507021,2001,53,60.0
3507021,2001,54,115.0
3507021,2001,55,0.0
3507021,2001,56,165.0
3507021,2001,61,300.0
3507021,2001,62,310.0
3507021,2001,71,105.0
3507021,2001,72,360.0
3507021,2001,81,195.0
3507021,2001,91,385.0
3507024,2001,11,45.0
3507024,2001,21,0.0
3507024,2001,22,15.0
3507024,2001,23,110.0
3507024,2001,31-33,550.0
3507024,2001,41,40.0
3507024,2001,44-45,330.0
3507024,2001,48-49,110.0
3507024,2001,51,35.0
3507024,2001,52,35.0
3507024,2001,53,30.0
3507024,2001,54,135.0
3507024,2001,55,0.0
3507024,2001,56,65.0
3507024,2001,61,85.0
3507024,2001,62,285.0
3507024,2001,71,35.0
3507024,2001,72,280.0
3507024,2001,81,115.0
3507024,2001,91,205.0
3507033,2001,11,0.0
3507033,2001,21,0.0
3507033,2001,22,0.0
3507033,2001,23,20.0
3507033,2001,31-33,40.0
3507033,2001,41,0.0
3507033,2001,44-45,65.0
3507033,2001,48-49,0.0
3507033,2001,51,0.0
3507033,2001,52,0.0
3507033,2001,53,0.0
3507033,2001,54,15.0
3507033,2001,55,0.0
3507033,2001,56,10.0
3507033,2001,61,25.0
3507033,2001,62,35.0
3507033,2001,71,0.0
3507033,2001,72,40.0
3507033,2001,81,40.0
3507033,2001,91,10.0
3507040,2001,11,295.0
3507040,2001,21,15.0
3507040,2001,22,20.0
3507040,2001,23,395.0
3507040,2001,31-33,520.0
3507040,2001,41,100.0
3507040,2001,44-45,470.0
3507040,2001,48-49,330.0
3507040,2001,51,75.0
3507040,2001,52,60.0
3507040,2001,53,125.0
3507040,2001,54,190.0
3507040,2001,55,10.0
3507040,2001,56,155.0
3507040,2001,61,250.0
3507040,2001,62,580.0
3507040,2001,71,120.0
3507040,2001,72,435.0
3507040,2001,81,235.0
3507040,2001,91,340.0
3507042,2001,11,90.0
3507042,2001,21,0.0
3507042,2001,22,0.0
3507042,2001,23,85.0
3507042,2001,31-33,360.0
3507042,2001,41,70.0
3507042,2001,44-45,190.0
3507042,2001,48-49,85.0
3507042,2001,51,35.0
3507042,2001,52,30.0
3507042,2001,53,30.0
3507042,2001,54,30.0
3507042,2001,55,0.0
3507042,2001,56,35.0
3507042,2001,61,65.0
3507042,2001,62,220.0
3507042,2001,71,10.0
3507042,2001,72,80.0
3507042,2001,81,65.0
3507042,2001,91,50.0
3507052,2001,11,110.0
3507052,2001,21,0.0
3507052,2001,22,10.0
3507052,2001,23,75.0
3507052,2001,31-33,165.0
3507052,2001,41,40.0
3507052,2001,44-45,175.0
3507052,2001,48-49,35.0
3507052,2001,51,45.0
3507052,2001,52,25.0
3507052,2001,53,10.0
3507052,2001,54,115.0
3507052,2001,55,0.0
3507052,2001,56,45.0
3507052,2001,61,90.0
3507052,2001,62,145.0
3507052,2001,71,30.0
3507052,2001,72,80.0
3507052,2001,81,85.0
3507052,2001,91,130.0
3507065,2001,11,225.0
3507065,2001,21,25.0
3507065,2001,22,25.0
3507065,2001,23,680.0
3507065,2001,31-33,735.0
3507065,2001,41,280.0
3507065,2001,44-45,840.0
3507065,2001,48-49,365.0
3507065,2001,51,165.0
3507065,2001,52,235.0
3507065,2001,53,130.0
3507065,2001,54,540.0
3507065,2001,55,0.0
3507065,2001,56,285.0
3507065,2001,61,355.0
3507065,2001,62,665.0
3507065,2001,71,130.0
3507065,2001,72,365.0
3507065,2001,81,340.0
3507065,2001,91,775.0
3509001,2001,11,90.0
3509001,2001,21,0.0
3509001,2001,22,15.0
3509001,2001,23,125.0
3509001,2001,31-33,305.0
3509001,2001,41,40.0
3509001,2001,44-45,185.0
3509001,2001,48-49,145.0
3509001,2001,51,30.0
3509001,2001,52,50.0
3509001,2001,53,0.0
3509001,2001,54,70.0
3509001,2001,55,0.0
3509001,2001,56,65.0
3509001,2001,61,40.0
3509001,2001,62,195.0
3509001,2001,71,25.0
3509001,2001,72,105.0
3509001,2001,81,60.0
3509001,2001,91,120.0
3509004,2001,11,25.0
3509004,2001,21,10.0
3509004,2001,22,15.0
3509004,2001,23,245.0
3509004,2001,31-33,805.0
3509004,2001,41,135.0
3509004,2001,44-45,600.0
3509004,2001,48-49,170.0
3509004,2001,51,25.0
3509004,2001,52,85.0
3509004,2001,53,55.0
3509004,2001,54,160.0
3509004,2001,55,0.0
3509004,2001,56,105.0
3509004,2001,61,170.0
3509004,2001,62,660.0
3509004,2001,71,110.0
3509004,2001,72,340.0
3509004,2001,81,160.0
3509004,2001,91,245.0
3509010,2001,11,160.0
3509010,2001,21,30.0
3509010,2001,22,40.0
3509010,2001,23,275.0
3509010,2001,31-33,545.0
3509010,2001,41,135.0
3509010,2001,44-45,400.0
3509010,2001,48-49,100.0
3509010,2001,51,75.0
3509010,2001,52,75.0
3509010,2001,53,75.0
3509010,2001,54,140.0
3509010,2001,55,0.0
3509010,2001,56,75.0
3509010,2001,61,250.0
3509010,2001,62,475.0
3509010,2001,71,60.0
3509010,2001,72,150.0
3509010,2001,81,145.0
3509010,2001,91,310.0
3509015,2001,11,105.0
3509015,2001,21,40.0
3509015,2001,22,15.0
3509015,2001,23,305.0
3509015,2001,31-33,380.0
3509015,2001,41,35.0
3509015,2001,44-45,245.0
3509015,2001,48-49,150.0
3509015,2001,51,50.0
3509015,2001,52,45.0
3509015,2001,53,55.0
3509015,2001,54,140.0
3509015,2001,55,0.0
3509015,2001,56,45.0
3509015,2001,61,130.0
3509015,2001,62,415.0
3509015,2001,71,35.0
3509015,2001,72,220.0
3509015,2001,81,125.0
3509015,2001,91,155.0
3509021,2001,11,20.0
3509021,2001,21,35.0
3509021,2001,22,55.0
3509021,2001,23,135.0
3509021,2001,31-33,430.0
3509021,2001,41,75.0
3509021,2001,44-45,380.0
3509021,2001,48-49,100.0
3509021,2001,51,40.0
3509021,2001,52,75.0
3509021,2001,53,15.0
3509021,2001,54,150.0
3509021,2001,55,0.0
3509021,2001,56,60.0
3509021,2001,61,135.0
3509021,2001,62,325.0
3509021,2001,71,35.0
3509021,2001,72,260.0
3509021,2001,81,90.0
3509021,2001,91,130.0
3509024,2001,11,80.0
3509024,2001,21,10.0
3509024,2001,22,0.0
3509024,2001,23,365.0
3509024,2001,31-33,485.0
3509024,2001,41,140.0
3509024,2001,44-45,430.0
3509024,2001,48-49,170.0
3509024,2001,51,105.0
3509024,2001,52,80.0
3509024,2001,53,60.0
3509024,2001,54,205.0
3509024,2001,55,0.0
3509024,2001,56,125.0
3509024,2001,61,170.0
3509024,2001,62,325.0
3509024,2001,71,50.0
3509024,2001,72,135.0
3509024,2001,81,165.0
3509024,2001,91,315.0
3509028,2001,11,50.0
3509028,2001,21,10.0
3509028,2001,22,10.0
3509028,2001,23,305.0
3509028,2001,31-33,705.0
3509028,2001,41,140.0
3509028,2001,44-45,585.0
3509028,2001,48-49,190.0
3509028,2001,51,115.0
3509028,2001,52,80.0
3509028,2001,53,120.0
3509028,2001,54,370.0
3509028,2001,55,0.0
3509028,2001,56,190.0
3509028,2001,61,200.0
3509028,2001,62,480.0
3509028,2001,71,80.0
3509028,2001,72,405.0
3509028,2001,81,265.0
3509028,2001,91,465.0
3509030,2001,11,310.0
3509030,2001,21,25.0
3509030,2001,22,45.0
3509030,2001,23,455.0
3509030,2001,31-33,930.0
3509030,2001,41,125.0
3509030,2001,44-45,580.0
3509030,2001,48-49,275.0
3509030,2001,51,210.0
3509030,2001,52,175.0
3509030,2001,53,60.0
3509030,2001,54,625.0
3509030,2001,55,0.0
3509030,2001,56,235.0
3509030,2001,61,345.0
3509030,2001,62,615.0
3509030,2001,71,100.0
3509030,2001,72,320.0
3509030,2001,81,285.0
3509030,2001,91,530.0
3509039,2001,11,105.0
3509039,2001,21,35.0
3509039,2001,22,50.0
3509039,2001,23,290.0
3509039,2001,31-33,425.0
3509039,2001,41,65.0
3509039,2001,44-45,255.0
3509039,2001,48-49,90.0
3509039,2001,51,60.0
3509039,2001,52,55.0
3509039,2001,53,30.0
3509039,2001,54,95.0
3509039,2001,55,0.0
3509039,2001,56,85.0
3509039,2001,61,80.0
3509039,2001,62,220.0
3509039,2001,71,35.0
3509039,2001,72,185.0
3509039,2001,81,120.0
3509039,2001,91,140.0
3510005,2001,11,110.0
3510005,2001,21,0.0
3510005,2001,22,10.0
3510005,2001,23,110.0
3510005,2001,31-33,65.0
3510005,2001,41,25.0
3510005,2001,44-45,95.0
3510005,2001,48-49,40.0
3510005,2001,51,25.0
3510005,2001,52,50.0
3510005,2001,53,15.0
3510005,2001,54,40.0
3510005,2001,55,0.0
3510005,2001,56,40.0
3510005,2001,61,90.0
3510005,2001,62,110.0
3510005,2001,71,30.0
3510005,2001,72,85.0
3510005,2001,81,15.0
3510005,2001,91,70.0
3510010,2001,11,475.0
3510010,2001,21,60.0
3510010,2001,22,190.0
3510010,2001,23,2955.0
3510010,2001,31-33,3810.0
3510010,2001,41,1195.0
3510010,2001,44-45,7035.0
3510010,2001,48-49,1720.0
3510010,2001,51,1280.0
3510010,2001,52,1455.0
3510010,2001,53,1220.0
3510010,2001,54,2675.0
3510010,2001,55,20.0
3510010,2001,56,2230.0
3510010,2001,61,7155.0
3510010,2001,62,8115.0
3510010,2001,71,1100.0
3510010,2001,72,5110.0
3510010,2001,81,2575.0
3510010,2001,91,7410.0
3510020,2001,11,370.0
3510020,2001,21,25.0
3510020,2001,22,90.0
3510020,2001,23,855.0
3510020,2001,31-33,925.0
3510020,2001,41,275.0
3510020,2001,44-45,970.0
3510020,2001,48-49,400.0
3510020,2001,51,165.0
3510020,2001,52,285.0
3510020,2001,53,130.0
3510020,2001,54,360.0
3510020,2001,55,0.0
3510020,2001,56,335.0
3510020,2001,61,785.0
3510020,2001,62,1125.0
3510020,2001,71,120.0
3510020,2001,72,435.0
3510020,2001,81,440.0
3510020,2001,91,745.0
3510035,2001,11,125.0
3510035,2001,21,15.0
3510035,2001,22,20.0
3510035,2001,23,250.0
3510035,2001,31-33,285.0
3510035,2001,41,30.0
3510035,2001,44-45,275.0
3510035,2001,48-49,95.0
3510035,2001,51,20.0
3510035,2001,52,25.0
3510035,2001,53,15.0
3510035,2001,54,40.0
3510035,2001,55,0.0
3510035,2001,56,50.0
3510035,2001,61,125.0
3510035,2001,62,155.0
3510035,2001,71,30.0
3510035,2001,72,105.0
3510035,2001,81,110.0
3510035,2001,91,135.0
3510045,2001,11,30.0
3510045,2001,21,15.0
3510045,2001,22,0.0
3510045,2001,23,100.0
3510045,2001,31-33,45.0
3510045,2001,41,0.0
3510045,2001,44-45,50.0
3510045,2001,48-49,35.0
3510045,2001,51,20.0
3510045,2001,52,0.0
3510045,2001,53,15.0
3510045,2001,54,20.0
3510045,2001,55,0.0
3510045,2001,56,30.0
3510045,2001,61,45.0
3510045,2001,62,45.0
3510045,2001,71,10.0
3510045,2001,72,120.0
3510045,2001,81,55.0
3510045,2001,91,20.0
3511005,2001,11,155.0
3511005,2001,21,20.0
3511005,2001,22,80.0
3511005,2001,23,545.0
3511005,2001,31-33,865.0
3511005,2001,41,185.0
3511005,2001,44-45,1125.0
3511005,2001,48-49,335.0
3511005,2001,51,65.0
3511005,2001,52,175.0
3511005,2001,53,110.0
3511005,2001,54,310.0
3511005,2001,55,0.0
3511005,2001,56,240.0
3511005,2001,61,465.0
3511005,2001,62,920.0
3511005,2001,71,135.0
3511005,2001,72,390.0
3511005,2001,81,455.0
3511005,2001,91,715.0
3511015,2001,11,360.0
3511015,2001,21,25.0
3511015,2001,22,95.0
3511015,2001,23,465.0
3511015,2001,31-33,1030.0
3511015,2001,41,210.0
3511015,2001,44-45,920.0
3511015,2001,48-49,355.0
3511015,2001,51,140.0
3511015,2001,52,155.0
3511015,2001,53,70.0
3511015,2001,54,175.0
3511015,2001,55,0.0
3511015,2001,56,270.0
3511015,2001,61,430.0
3511015,2001,62,880.0
3511015,2001,71,50.0
3511015,2001,72,630.0
3511015,2001,81,345.0
3511015,2001,91,515.0
3511030,2001,11,265.0
3511030,2001,21,10.0
3511030,2001,22,20.0
3511030,2001,23,320.0
3511030,2001,31-33,720.0
3511030,2001,41,75.0
3511030,2001,44-45,410.0
3511030,2001,48-49,160.0
3511030,2001,51,25.0
3511030,2001,52,75.0
3511030,2001,53,35.0
3511030,2001,54,105.0
3511030,2001,55,10.0
3511030,2001,56,230.0
3511030,2001,61,240.0
3511030,2001,62,545.0
3511030,2001,71,30.0
3511030,2001,72,210.0
3511030,2001,81,210.0
3511030,2001,91,240.0
3511035,2001,11,85.0
3511035,2001,21,0.0
3511035,2001,22,30.0
3511035,2001,23,170.0
3511035,2001,31-33,60.0
3511035,2001,41,35.0
3511035,2001,44-45,135.0
3511035,2001,48-49,60.0
3511035,2001,51,15.0
3511035,2001,52,10.0
3511035,2001,53,15.0
3511035,2001,54,10.0
3511035,2001,55,0.0
3511035,2001,56,25.0
3511035,2001,61,30.0
3511035,2001,62,55.0
3511035,2001,71,30.0
3511035,2001,72,70.0
3511035,2001,81,30.0
3511035,2001,91,25.0
3512001,2001,11,220.0
3512001,2001,21,25.0
3512001,2001,22,0.0
3512001,2001,23,185.0
3512001,2001,31-33,350.0
3512001,2001,41,100.0
3512001,2001,44-45,190.0
3512001,2001,48-49,125.0
3512001,2001,51,10.0
3512001,2001,52,55.0
3512001,2001,53,10.0
3512001,2001,54,45.0
3512001,2001,55,0.0
3512001,2001,56,120.0
3512001,2001,61,95.0
3512001,2001,62,165.0
3512001,2001,71,10.0
3512001,2001,72,90.0
3512001,2001,81,90.0
3512001,2001,91,60.0
3512002,2001,11,10.0
3512002,2001,21,0.0
3512002,2001,22,0.0
3512002,2001,23,45.0
3512002,2001,31-33,205.0
3512002,2001,41,40.0
3512002,2001,44-45,80.0
3512002,2001,48-49,30.0
3512002,2001,51,10.0
3512002,2001,52,15.0
3512002,2001,53,10.0
3512002,2001,54,0.0
3512002,2001,55,0.0
3512002,2001,56,55.0
3512002,2001,61,15.0
3512002,2001,62,75.0
3512002,2001,71,10.0
3512002,2001,72,100.0
3512002,2001,81,60.0
3512002,2001,91,60.0
3512005,2001,11,145.0
3512005,2001,21,30.0
3512005,2001,22,155.0
3512005,2001,23,1000.0
3512005,2001,31-33,3380.0
3512005,2001,41,995.0
3512005,2001,44-45,3825.0
3512005,2001,48-49,1065.0
3512005,2001,51,365.0
3512005,2001,52,455.0
3512005,2001,53,525.0
3512005,2001,54,1050.0
3512005,2001,55,0.0
3512005,2001,56,1175.0
3512005,2001,61,1645.0
3512005,2001,62,2465.0
3512005,2001,71,380.0
3512005,2001,72,1610.0
3512005,2001,81,1080.0
3512005,2001,91,1270.0
3512015,2001,11,420.0
3512015,2001,21,30.0
3512015,2001,22,100.0
3512015,2001,23,915.0
3512015,2001,31-33,3905.0
3512015,2001,41,815.0
3512015,2001,44-45,2800.0
3512015,2001,48-49,1115.0
3512015,2001,51,300.0
3512015,2001,52,325.0
3512015,2001,53,280.0
3512015,2001,54,605.0
3512015,2001,55,0.0
3512015,2001,56,780.0
3512015,2001,61,895.0
3512015,2001,62,1605.0
3512015,2001,71,215.0
3512015,2001,72,1360.0
3512015,2001,81,920.0
3512015,2001,91,3065.0
3512020,2001,11,210.0
3512020,2001,21,0.0
3512020,2001,22,20.0
3512020,2001,23,230.0
3512020,2001,31-33,395.0
3512020,2001,41,130.0
3512020,2001,44-45,450.0
3512020,2001,48-49,145.0
3512020,2001,51,20.0
3512020,2001,52,10.0
3512020,2001,53,30.0
3512020,2001,54,105.0
3512020,2001,55,0.0
3512020,2001,56,75.0
3512020,2001,61,125.0
3512020,2001,62,275.0
3512020,2001,71,30.0
3512020,2001,72,110.0
3512020,2001,81,75.0
3512020,2001,91,105.0
3512026,2001,11,130.0
3512026,2001,21,25.0
3512026,2001,22,15.0
3512026,2001,23,160.0
3512026,2001,31-33,275.0
3512026,2001,41,65.0
3512026,2001,44-45,270.0
3512026,2001,48-49,155.0
3512026,2001,51,35.0
3512026,2001,52,50.0
3512026,2001,53,45.0
3512026,2001,54,85.0
3512026,2001,55,0.0
3512026,2001,56,50.0
3512026,2001,61,165.0
3512026,2001,62,160.0
3512026,2001,71,20.0
3512026,2001,72,110.0
3512026,2001,81,195.0
3512026,2001,91,50.0
3512030,2001,11,170.0
3512030,2001,21,20.0
3512030,2001,22,35.0
3512030,2001,23,190.0
3512030,2001,31-33,410.0
3512030,2001,41,80.0
3512030,2001,44-45,465.0
3512030,2001,48-49,195.0
3512030,2001,51,45.0
3512030,2001,52,45.0
3512030,2001,53,65.0
3512030,2001,54,85.0
3512030,2001,55,0.0
3512030,2001,56,60.0
3512030,2001,61,145.0
3512030,2001,62,245.0
3512030,2001,71,25.0
3512030,2001,72,110.0
3512030,2001,81,100.0
3512030,2001,91,135.0
3512036,2001,11,155.0
3512036,2001,21,15.0
3512036,2001,22,0.0
3512036,2001,23,70.0
3512036,2001,31-33,75.0
3512036,2001,41,15.0
3512036,2001,44-45,170.0
3512036,2001,48-49,95.0
3512036,2001,51,15.0
3512036,2001,52,25.0
3512036,2001,53,20.0
3512036,2001,54,15.0
3512036,2001,55,0.0
3512036,2001,56,35.0
3512036,2001,61,60.0
3512036,2001,62,30.0
3512036,2001,71,10.0
3512036,2001,72,45.0
3512036,2001,81,75.0
3512036,2001,91,35.0
3512046,2001,11,55.0
3512046,2001,21,35.0
3512046,2001,22,35.0
3512046,2001,23,120.0
3512046,2001,31-33,180.0
3512046,2001,41,45.0
3512046,2001,44-45,235.0
3512046,2001,48-49,175.0
3512046,2001,51,35.0
3512046,2001,52,20.0
3512046,2001,53,15.0
3512046,2001,54,30.0
3512046,2001,55,10.0
3512046,2001,56,55.0
3512046,2001,61,55.0
3512046,2001,62,150.0
3512046,2001,71,20.0
3512046,2001,72,110.0
3512046,2001,81,65.0
3512046,2001,91,40.0
3512048,2001,11,50.0
3512048,2001,21,15.0
3512048,2001,22,0.0
3512048,2001,23,50.0
3512048,2001,31-33,45.0
3512048,2001,41,0.0
3512048,2001,44-45,30.0
3512048,2001,48-49,10.0
3512048,2001,51,0.0
3512048,2001,52,0.0
3512048,2001,53,0.0
3512048,2001,54,10.0
3512048,2001,55,0.0
3512048,2001,56,0.0
3512048,2001,61,15.0
3512048,2001,62,65.0
3512048,2001,71,0.0
3512048,2001,72,0.0
3512048,2001,81,15.0
3512048,2001,91,0.0
3512051,2001,11,10.0
3512051,2001,21,0.0
3512051,2001,22,0.0
3512051,2001,23,10.0
3512051,2001,31-33,0.0
3512051,2001,41,0.0
3512051,2001,44-45,25.0
3512051,2001,48-49,20.0
3512051,2001,51,0.0
3512051,2001,52,0.0
3512051,2001,53,10.0
3512051,2001,54,50.0
3512051,2001,55,0.0
3512051,2001,56,0.0
3512051,2001,61,10.0
3512051,2001,62,0.0
3512051,2001,71,10.0
3512051,2001,72,0.0
3512051,2001,81,0.0
3512051,2001,91,0.0
3512054,2001,11,15.0
3512054,2001,21,0.0
3512054,2001,22,10.0
3512054,2001,23,25.0
3512054,2001,31-33,35.0
3512054,2001,41,10.0
3512054,2001,44-45,15.0
3512054,2001,48-49,35.0
3512054,2001,51,0.0
3512054,2001,52,10.0
3512054,2001,53,0.0
3512054,2001,54,0.0
3512054,2001,55,0.0
3512054,2001,56,15.0
3512054,2001,61,10.0
3512054,2001,62,35.0
3512054,2001,71,0.0
3512054,2001,72,0.0
3512054,2001,81,30.0
3512054,2001,91,40.0
3512058,2001,11,25.0
3512058,2001,21,20.0
3512058,2001,22,0.0
3512058,2001,23,80.0
3512058,2001,31-33,75.0
3512058,2001,41,15.0
3512058,2001,44-45,105.0
3512058,2001,48-49,25.0
3512058,2001,51,0.0
3512058,2001,52,15.0
3512058,2001,53,15.0
3512058,2001,54,80.0
3512058,2001,55,0.0
3512058,2001,56,35.0
3512058,2001,61,40.0
3512058,2001,62,75.0
3512058,2001,71,10.0
3512058,2001,72,35.0
3512058,2001,81,40.0
3512058,2001,91,20.0
3512061,2001,11,70.0
3512061,2001,21,15.0
3512061,2001,22,15.0
3512061,2001,23,200.0
3512061,2001,31-33,155.0
3512061,2001,41,25.0
3512061,2001,44-45,280.0
3512061,2001,48-49,90.0
3512061,2001,51,20.0
3512061,2001,52,75.0
3512061,2001,53,35.0
3512061,2001,54,40.0
3512061,2001,55,0.0
3512061,2001,56,85.0
3512061,2001,61,100.0
3512061,2001,62,190.0
3512061,2001,71,15.0
3512061,2001,72,135.0
3512061,2001,81,80.0
3512061,2001,91,65.0
3512065,2001,11,70.0
3512065,2001,21,0.0
3512065,2001,22,0.0
3512065,2001,23,20.0
3512065,2001,31-33,25.0
3512065,2001,41,0.0
3512065,2001,44-45,35.0
3512065,2001,48-49,30.0
3512065,2001,51,15.0
3512065,2001,52,0.0
3512065,2001,53,0.0
3512065,2001,54,0.0
3512065,2001,55,0.0
3512065,2001,56,25.0
3512065,2001,61,20.0
3512065,2001,62,35.0
3512065,2001,71,10.0
3512065,2001,72,45.0
3512065,2001,81,10.0
3512065,2001,91,10.0
3512076,2001,11,130.0
3512076,2001,21,10.0
3512076,2001,22,35.0
3512076,2001,23,220.0
3512076,2001,31-33,205.0
3512076,2001,41,50.0
3512076,2001,44-45,280.0
3512076,2001,48-49,100.0
3512076,2001,51,20.0
3512076,2001,52,35.0
3512076,2001,53,25.0
3512076,2001,54,80.0
3512076,2001,55,10.0
3512076,2001,56,0.0
3512076,2001,61,95.0
3512076,2001,62,130.0
3512076,2001,71,0.0
3512076,2001,72,80.0
3512076,2001,81,105.0
3512076,2001,91,35.0
3513020,2001,11,1070.0
3513020,2001,21,10.0
3513020,2001,22,70.0
3513020,2001,23,760.0
3513020,2001,31-33,1430.0
3513020,2001,41,455.0
3513020,2001,44-45,1425.0
3513020,2001,48-49,555.0
3513020,2001,51,130.0
3513020,2001,52,280.0
3513020,2001,53,210.0
3513020,2001,54,560.0
3513020,2001,55,0.0
3513020,2001,56,520.0
3513020,2001,61,695.0
3513020,2001,62,1350.0
3513020,2001,71,235.0
3513020,2001,72,865.0
3513020,2001,81,550.0
3513020,2001,91,550.0
3514004,2001,11,280.0
3514004,2001,21,0.0
3514004,2001,22,45.0
3514004,2001,23,285.0
3514004,2001,31-33,780.0
3514004,2001,41,155.0
3514004,2001,44-45,485.0
3514004,2001,48-49,200.0
3514004,2001,51,25.0
3514004,2001,52,45.0
3514004,2001,53,30.0
3514004,2001,54,90.0
3514004,2001,55,0.0
3514004,2001,56,235.0
3514004,2001,61,210.0
3514004,2001,62,285.0
3514004,2001,71,45.0
3514004,2001,72,345.0
3514004,2001,81,200.0
3514004,2001,91,345.0
3514014,2001,11,135.0
3514014,2001,21,0.0
3514014,2001,22,55.0
3514014,2001,23,215.0
3514014,2001,31-33,685.0
3514014,2001,41,180.0
3514014,2001,44-45,330.0
3514014,2001,48-49,170.0
3514014,2001,51,40.0
3514014,2001,52,55.0
3514014,2001,53,25.0
3514014,2001,54,50.0
3514014,2001,55,0.0
3514014,2001,56,135.0
3514014,2001,61,100.0
3514014,2001,62,200.0
3514014,2001,71,65.0
3514014,2001,72,210.0
3514014,2001,81,115.0
3514014,2001,91,60.0
3514019,2001,11,280.0
3514019,2001,21,0.0
3514019,2001,22,200.0
3514019,2001,23,495.0
3514019,2001,31-33,1290.0
3514019,2001,41,190.0
3514019,2001,44-45,630.0
3514019,2001,48-49,205.0
3514019,2001,51,60.0
3514019,2001,52,125.0
3514019,2001,53,80.0
3514019,2001,54,185.0
3514019,2001,55,0.0
3514019,2001,56,225.0
3514019,2001,61,315.0
3514019,2001,62,525.0
3514019,2001,71,115.0
3514019,2001,72,350.0
3514019,2001,81,365.0
3514019,2001,91,190.0
3514020,2001,11,160.0
3514020,2001,21,10.0
3514020,2001,22,250.0
3514020,2001,23,425.0
3514020,2001,31-33,1895.0
3514020,2001,41,160.0
3514020,2001,44-45,925.0
3514020,2001,48-49,290.0
3514020,2001,51,125.0
3514020,2001,52,240.0
3514020,2001,53,55.0
3514020,2001,54,310.0
3514020,2001,55,10.0
3514020,2001,56,230.0
3514020,2001,61,505.0
3514020,2001,62,750.0
3514020,2001,71,125.0
3514020,2001,72,705.0
3514020,2001,81,420.0
3514020,2001,91,400.0
3514021,2001,11,20.0
3514021,2001,21,0.0
3514021,2001,22,220.0
3514021,2001,23,310.0
3514021,2001,31-33,1730.0
3514021,2001,41,270.0
3514021,2001,44-45,965.0
3514021,2001,48-49,265.0
3514021,2001,51,125.0
3514021,2001,52,225.0
3514021,2001,53,115.0
3514021,2001,54,280.0
3514021,2001,55,0.0
3514021,2001,56,325.0
3514021,2001,61,670.0
3514021,2001,62,825.0
3514021,2001,71,115.0
3514021,2001,72,725.0
3514021,2001,81,375.0
3514021,2001,91,350.0
3514024,2001,11,215.0
3514024,2001,21,0.0
3514024,2001,22,50.0
3514024,2001,23,290.0
3514024,2001,31-33,640.0
3514024,2001,41,130.0
3514024,2001,44-45,290.0
3514024,2001,48-49,185.0
3514024,2001,51,50.0
3514024,2001,52,45.0
3514024,2001,53,10.0
3514024,2001,54,135.0
3514024,2001,55,0.0
3514024,2001,56,105.0
3514024,2001,61,115.0
3514024,2001,62,305.0
3514024,2001,71,70.0
3514024,2001,72,210.0
3514024,2001,81,120.0
3514024,2001,91,105.0
3514027,2001,11,0.0
3514027,2001,21,0.0
3514027,2001,22,0.0
3514027,2001,23,25.0
3514027,2001,31-33,25.0
3514027,2001,41,0.0
3514027,2001,44-45,15.0
3514027,2001,48-49,10.0
3514027,2001,51,0.0
3514027,2001,52,0.0
3514027,2001,53,0.0
3514027,2001,54,0.0
3514027,2001,55,0.0
3514027,2001,56,10.0
3514027,2001,61,0.0
3514027,2001,62,20.0
3514027,2001,71,10.0
3514027,2001,72,10.0
3514027,2001,81,10.0
3514027,2001,91,35.0
3514045,2001,11,440.0
3514045,2001,21,35.0
3514045,2001,22,35.0
3514045,2001,23,425.0
3514045,2001,31-33,820.0
3514045,2001,41,255.0
3514045,2001,44-45,710.0
3514045,2001,48-49,330.0
3514045,2001,51,140.0
3514045,2001,52,175.0
3514045,2001,53,25.0
3514045,2001,54,255.0
3514045,2001,55,10.0
3514045,2001,56,150.0
3514045,2001,61,330.0
3514045,2001,62,585.0
3514045,2001,71,110.0
3514045,2001,72,365.0
3514045,2001,81,270.0
3514045,2001,91,215.0
3515003,2001,11,200.0
3515003,2001,21,85.0
3515003,2001,22,25.0
3515003,2001,23,185.0
3515003,2001,31-33,285.0
3515003,2001,41,65.0
3515003,2001,44-45,230.0
3515003,2001,48-49,110.0
3515003,2001,51,25.0
3515003,2001,52,80.0
3515003,2001,53,35.0
3515003,2001,54,60.0
3515003,2001,55,0.0
3515003,2001,56,25.0
3515003,2001,61,95.0
3515003,2001,62,190.0
3515003,2001,71,30.0
3515003,2001,72,130.0
3515003,2001,81,75.0
3515003,2001,91,35.0
3515005,2001,11,330.0
3515005,2001,21,30.0
3515005,2001,22,60.0
3515005,2001,23,270.0
3515005,2001,31-33,435.0
3515005,2001,41,225.0
3515005,2001,44-45,270.0
3515005,2001,48-49,165.0
3515005,2001,51,35.0
3515005,2001,52,70.0
3515005,2001,53,50.0
3515005,2001,54,155.0
3515005,2001,55,0.0
3515005,2001,56,105.0
3515005,2001,61,245.0
3515005,2001,62,315.0
3515005,2001,71,80.0
3515005,2001,72,335.0
3515005,2001,81,210.0
3515005,2001,91,215.0
3515008,2001,11,0.0
3515008,2001,21,0.0
3515008,2001,22,0.0
3515008,2001,23,15.0
3515008,2001,31-33,20.0
3515008,2001,41,0.0
3515008,2001,44-45,10.0
3515008,2001,48-49,10.0
3515008,2001,51,0.0
3515008,2001,52,0.0
3515008,2001,53,0.0
3515008,2001,54,0.0
3515008,2001,55,0.0
3515008,2001,56,10.0
3515008,2001,61,10.0
3515008,2001,62,20.0
3515008,2001,71,15.0
3515008,2001,72,15.0
3515008,2001,81,10.0
3515008,2001,91,20.0
3515013,2001,11,240.0
3515013,2001,21,0.0
3515013,2001,22,145.0
3515013,2001,23,315.0
3515013,2001,31-33,700.0
3515013,2001,41,200.0
3515013,2001,44-45,490.0
3515013,2001,48-49,280.0
3515013,2001,51,75.0
3515013,2001,52,130.0
3515013,2001,53,50.0
3515013,2001,54,115.0
3515013,2001,55,0.0
3515013,2001,56,130.0
3515013,2001,61,325.0
3515013,2001,62,555.0
3515013,2001,71,85.0
3515013,2001,72,285.0
3515013,2001,81,155.0
3515013,2001,91,225.0
3515014,2001,11,160.0
3515014,2001,21,75.0
3515014,2001,22,330.0
3515014,2001,23,2070.0
3515014,2001,31-33,4245.0
3515014,2001,41,1100.0
3515014,2001,44-45,4355.0
3515014,2001,48-49,1300.0
3515014,2001,51,645.0
3515014,2001,52,1150.0
3515014,2001,53,585.0
3515014,2001,54,1445.0
3515014,2001,55,10.0
3515014,2001,56,1440.0
3515014,2001,61,3010.0
3515014,2001,62,4550.0
3515014,2001,71,865.0
3515014,2001,72,3040.0
3515014,2001,81,1830.0
3515014,2001,91,1605.0
3515015,2001,11,210.0
3515015,2001,21,25.0
3515015,2001,22,65.0
3515015,2001,23,840.0
3515015,2001,31-33,970.0
3515015,2001,41,350.0
3515015,2001,44-45,1010.0
3515015,2001,48-49,405.0
3515015,2001,51,140.0
3515015,2001,52,265.0
3515015,2001,53,110.0
3515015,2001,54,495.0
3515015,2001,55,0.0
3515015,2001,56,310.0
3515015,2001,61,585.0
3515015,2001,62,995.0
3515015,2001,71,125.0
3515015,2001,72,570.0
3515015,2001,81,430.0
3515015,2001,91,495.0
3515019,2001,11,10.0
3515019,2001,21,0.0
3515019,2001,22,0.0
3515019,2001,23,50.0
3515019,2001,31-33,20.0
3515019,2001,41,0.0
3515019,2001,44-45,35.0
3515019,2001,48-49,20.0
3515019,2001,51,0.0
3515019,2001,52,0.0
3515019,2001,53,0.0
3515019,2001,54,10.0
3515019,2001,55,0.0
3515019,2001,56,10.0
3515019,2001,61,20.0
3515019,2001,62,65.0
3515019,2001,71,35.0
3515019,2001,72,35.0
3515019,2001,81,15.0
3515019,2001,91,55.0
3515023,2001,11,175.0
3515023,2001,21,50.0
3515023,2001,22,20.0
3515023,2001,23,390.0
3515023,2001,31-33,425.0
3515023,2001,41,125.0
3515023,2001,44-45,365.0
3515023,2001,48-49,125.0
3515023,2001,51,50.0
3515023,2001,52,80.0
3515023,2001,53,45.0
3515023,2001,54,220.0
3515023,2001,55,0.0
3515023,2001,56,80.0
3515023,2001,61,210.0
3515023,2001,62,365.0
3515023,2001,71,90.0
3515023,2001,72,255.0
3515023,2001,81,180.0
3515023,2001,91,165.0
3515030,2001,11,45.0
3515030,2001,21,110.0
3515030,2001,22,0.0
3515030,2001,23,105.0
3515030,2001,31-33,245.0
3515030,2001,41,70.0
3515030,2001,44-45,270.0
3515030,2001,48-49,155.0
3515030,2001,51,15.0
3515030,2001,52,45.0
3515030,2001,53,20.0
3515030,2001,54,50.0
3515030,2001,55,0.0
3515030,2001,56,75.0
3515030,2001,61,55.0
3515030,2001,62,135.0
3515030,2001,71,65.0
3515030,2001,72,145.0
3515030,2001,81,70.0
3515030,2001,91,50.0
3515037,2001,11,20.0
3515037,2001,21,30.0
3515037,2001,22,0.0
3515037,2001,23,90.0
3515037,2001,31-33,45.0
3515037,2001,41,25.0
3515037,2001,44-45,160.0
3515037,2001,48-49,75.0
3515037,2001,51,20.0
3515037,2001,52,20.0
3515037,2001,53,20.0
3515037,2001,54,40.0
3515037,2001,55,0.0
3515037,2001,56,45.0
3515037,2001,61,25.0
3515037,2001,62,55.0
3515037,2001,71,30.0
3515037,2001,72,100.0
3515037,2001,81,60.0
3515037,2001,91,50.0
3515044,2001,11,65.0
3515044,2001,21,10.0
3515044,2001,22,35.0
3515044,2001,23,225.0
3515044,2001,31-33,140.0
3515044,2001,41,90.0
3515044,2001,44-45,250.0
3515044,2001,48-49,105.0
3515044,2001,51,40.0
3515044,2001,52,25.0
3515044,2001,53,40.0
3515044,2001,54,125.0
3515044,2001,55,0.0
3515044,2001,56,60.0
3515044,2001,61,105.0
3515044,2001,62,170.0
3515044,2001,71,100.0
3515044,2001,72,200.0
3515044,2001,81,90.0
3515044,2001,91,60.0
3516010,2001,11,1635.0
3516010,2001,21,170.0
3516010,2001,22,430.0
3516010,2001,23,2995.0
3516010,2001,31-33,4650.0
3516010,2001,41,1070.0
3516010,2001,44-45,4335.0
3516010,2001,48-49,1640.0
3516010,2001,51,575.0
3516010,2001,52,890.0
3516010,2001,53,465.0
3516010,2001,54,1170.0
3516010,2001,55,10.0
3516010,2001,56,1270.0
3516010,2001,61,1995.0
3516010,2001,62,3405.0
3516010,2001,71,895.0
3516010,2001,72,2155.0
3516010,2001,81,1980.0
3516010,2001,91,1270.0
3518001,2001,11,115.0
3518001,2001,21,30.0
3518001,2001,22,880.0
3518001,2001,23,2890.0
3518001,2001,31-33,6215.0
3518001,2001,41,2960.0
3518001,2001,44-45,6035.0
3518001,2001,48-49,2260.0
3518001,2001,51,2355.0
3518001,2001,52,4860.0
3518001,2001,53,1020.0
3518001,2001,54,4010.0
3518001,2001,55,140.0
3518001,2001,56,2515.0
3518001,2001,61,2660.0
3518001,2001,62,3985.0
3518001,2001,71,795.0
3518001,2001,72,2095.0
3518001,2001,81,1870.0
3518001,2001,91,2290.0
3518005,2001,11,155.0
3518005,2001,21,40.0
3518005,2001,22,1030.0
3518005,2001,23,2230.0
3518005,2001,31-33,6060.0
3518005,2001,41,2330.0
3518005,2001,44-45,5035.0
3518005,2001,48-49,2005.0
3518005,2001,51,1610.0
3518005,2001,52,3215.0
3518005,2001,53,820.0
3518005,2001,54,3260.0
3518005,2001,55,75.0
3518005,2001,56,1660.0
3518005,2001,61,1925.0
3518005,2001,62,3225.0
3518005,2001,71,470.0
3518005,2001,72,2050.0
3518005,2001,81,1620.0
3518005,2001,91,2285.0
3518009,2001,11,310.0
3518009,2001,21,65.0
3518009,2001,22,1560.0
3518009,2001,23,2530.0
3518009,2001,31-33,6990.0
3518009,2001,41,2315.0
3518009,2001,44-45,5685.0
3518009,2001,48-49,1650.0
3518009,2001,51,1530.0
3518009,2001,52,3340.0
3518009,2001,53,935.0
3518009,2001,54,3450.0
3518009,2001,55,85.0
3518009,2001,56,1930.0
3518009,2001,61,3410.0
3518009,2001,62,4400.0
3518009,2001,71,745.0
3518009,2001,72,2565.0
3518009,2001,81,1705.0
3518009,2001,91,2870.0
3518013,2001,11,485.0
3518013,2001,21,20.0
3518013,2001,22,1775.0
3518013,2001,23,4735.0
3518013,2001,31-33,15070.0
3518013,2001,41,3330.0
3518013,2001,44-45,9415.0
3518013,2001,48-49,3260.0
3518013,2001,51,1630.0
3518013,2001,52,2540.0
3518013,2001,53,1325.0
3518013,2001,54,3045.0
3518013,2001,55,80.0
3518013,2001,56,3555.0
3518013,2001,61,4495.0
3518013,2001,62,6180.0
3518013,2001,71,985.0
3518013,2001,72,4700.0
3518013,2001,81,3215.0
3518013,2001,91,3395.0
3518017,2001,11,795.0
3518017,2001,21,25.0
3518017,2001,22,1295.0
3518017,2001,23,1960.0
3518017,2001,31-33,7780.0
3518017,2001,41,1600.0
3518017,2001,44-45,4145.0
3518017,2001,48-49,1655.0
3518017,2001,51,740.0
3518017,2001,52,1320.0
3518017,2001,53,570.0
3518017,2001,54,1885.0
3518017,2001,55,20.0
3518017,2001,56,1315.0
3518017,2001,61,2305.0
3518017,2001,62,3490.0
3518017,2001,71,415.0
3518017,2001,72,2240.0
3518017,2001,81,1570.0
3518017,2001,91,1810.0
3518020,2001,11,555.0
3518020,2001,21,50.0
3518020,2001,22,270.0
3518020,2001,23,815.0
3518020,2001,31-33,1645.0
3518020,2001,41,575.0
3518020,2001,44-45,1255.0
3518020,2001,48-49,465.0
3518020,2001,51,245.0
3518020,2001,52,300.0
3518020,2001,53,115.0
3518020,2001,54,650.0
3518020,2001,55,0.0
3518020,2001,56,385.0
3518020,2001,61,865.0
3518020,2001,62,870.0
3518020,2001,71,365.0
3518020,2001,72,575.0
3518020,2001,81,580.0
3518020,2001,91,475.0
3518022,2001,11,0.0
3518022,2001,21,0.0
3518022,2001,22,0.0
3518022,2001,23,0.0
3518022,2001,31-33,0.0
3518022,2001,41,0.0
3518022,2001,44-45,0.0
3518022,2001,48-49,0.0
3518022,2001,51,10.0
3518022,2001,52,0.0
3518022,2001,53,0.0
3518022,2001,54,0.0
3518022,2001,55,0.0
3518022,2001,56,0.0
3518022,2001,61,0.0
3518022,2001,62,0.0
3518022,2001,71,10.0
3518022,2001,72,10.0
3518022,2001,81,0.0
3518022,2001,91,0.0
3518029,2001,11,530.0
3518029,2001,21,60.0
3518029,2001,22,90.0
3518029,2001,23,785.0
3518029,2001,31-33,960.0
3518029,2001,41,650.0
3518029,2001,44-45,1155.0
3518029,2001,48-49,325.0
3518029,2001,51,290.0
3518029,2001,52,435.0
3518029,2001,53,275.0
3518029,2001,54,735.0
3518029,2001,55,10.0
3518029,2001,56,345.0
3518029,2001,61,565.0
3518029,2001,62,740.0
3518029,2001,71,340.0
3518029,2001,72,350.0
3518029,2001,81,425.0
3518029,2001,91,445.0
3518039,2001,11,510.0
3518039,2001,21,40.0
3518039,2001,22,70.0
3518039,2001,23,665.0
3518039,2001,31-33,865.0
3518039,2001,41,305.0
3518039,2001,44-45,815.0
3518039,2001,48-49,410.0
3518039,2001,51,150.0
3518039,2001,52,195.0
3518039,2001,53,75.0
3518039,2001,54,190.0
3518039,2001,55,0.0
3518039,2001,56,185.0
3518039,2001,61,335.0
3518039,2001,62,575.0
3518039,2001,71,160.0
3518039,2001,72,245.0
3518039,2001,81,325.0
3518039,2001,91,205.0
3519028,2001,11,175.0
3519028,2001,21,65.0
3519028,2001,22,465.0
3519028,2001,23,9295.0
3519028,2001,31-33,15730.0
3519028,2001,41,6830.0
3519028,2001,44-45,13025.0
3519028,2001,48-49,3905.0
3519028,2001,51,2645.0
3519028,2001,52,7190.0
3519028,2001,53,2245.0
3519028,2001,54,9200.0
3519028,2001,55,180.0
3519028,2001,56,3630.0
3519028,2001,61,6260.0
3519028,2001,62,6610.0
3519028,2001,71,1490.0
3519028,2001,72,4155.0
3519028,2001,81,4535.0
3519028,2001,91,3200.0
3519036,2001,11,265.0
3519036,2001,21,80.0
3519036,2001,22,900.0
3519036,2001,23,3845.0
3519036,2001,31-33,16015.0
3519036,2001,41,8550.0
3519036,2001,44-45,13870.0
3519036,2001,48-49,2795.0
3519036,2001,51,4420.0
3519036,2001,52,10295.0
3519036,2001,53,3060.0
3519036,2001,54,13145.0
3519036,2001,55,155.0
3519036,2001,56,4900.0
3519036,2001,61,6840.0
3519036,2001,62,8230.0
3519036,2001,71,2050.0
3519036,2001,72,6190.0
3519036,2001,81,4705.0
3519036,2001,91,2820.0
3519038,2001,11,170.0
3519038,2001,21,80.0
3519038,2001,22,565.0
3519038,2001,23,3810.0
3519038,2001,31-33,8390.0
3519038,2001,41,5385.0
3519038,2001,44-45,8610.0
3519038,2001,48-49,2230.0
3519038,2001,51,2520.0
3519038,2001,52,6000.0
3519038,2001,53,1990.0
3519038,2001,54,9140.0
3519038,2001,55,235.0
3519038,2001,56,2800.0
3519038,2001,61,4655.0
3519038,2001,62,5305.0
3519038,2001,71,1300.0
3519038,2001,72,3425.0
3519038,2001,81,2805.0
3519038,2001,91,2310.0
3519044,2001,11,285.0
3519044,2001,21,10.0
3519044,2001,22,90.0
3519044,2001,23,1120.0
3519044,2001,31-33,1260.0
3519044,2001,41,955.0
3519044,2001,44-45,1290.0
3519044,2001,48-49,500.0
3519044,2001,51,415.0
3519044,2001,52,625.0
3519044,2001,53,265.0
3519044,2001,54,1090.0
3519044,2001,55,25.0
3519044,2001,56,620.0
3519044,2001,61,905.0
3519044,2001,62,925.0
3519044,2001,71,525.0
3519044,2001,72,440.0
3519044,2001,81,605.0
3519044,2001,91,490.0
3519046,2001,11,60.0
3519046,2001,21,70.0
3519046,2001,22,190.0
3519046,2001,23,1145.0
3519046,2001,31-33,2985.0
3519046,2001,41,1690.0
3519046,2001,44-45,2705.0
3519046,2001,48-49,765.0
3519046,2001,51,925.0
3519046,2001,52,1475.0
3519046,2001,53,565.0
3519046,2001,54,2220.0
3519046,2001,55,20.0
3519046,2001,56,1000.0
3519046,2001,61,1915.0
3519046,2001,62,1580.0
3519046,2001,71,555.0
3519046,2001,72,995.0
3519046,2001,81,825.0
3519046,2001,91,845.0
3519048,2001,11,135.0
3519048,2001,21,45.0
3519048,2001,22,415.0
3519048,2001,23,2115.0
3519048,2001,31-33,6160.0
3519048,2001,41,2490.0
3519048,2001,44-45,4710.0
3519048,2001,48-49,1090.0
3519048,2001,51,1290.0
3519048,2001,52,2025.0
3519048,2001,53,620.0
3519048,2001,54,2640.0
3519048,2001,55,40.0
3519048,2001,56,1605.0
3519048,2001,61,2495.0
3519048,2001,62,3160.0
3519048,2001,71,840.0
3519048,2001,72,2015.0
3519048,2001,81,1270.0
3519048,2001,91,1930.0
3519049,2001,11,485.0
3519049,2001,21,10.0
3519049,2001,22,35.0
3519049,2001,23,1085.0
3519049,2001,31-33,1320.0
3519049,2001,41,825.0
3519049,2001,44-45,910.0
3519049,2001,48-49,525.0
3519049,2001,51,230.0
3519049,2001,52,550.0
3519049,2001,53,295.0
3519049,2001,54,1050.0
3519049,2001,55,15.0
3519049,2001,56,500.0
3519049,2001,61,615.0
3519049,2001,62,555.0
3519049,2001,71,325.0
3519049,2001,72,475.0
3519049,2001,81,415.0
3519049,2001,91,365.0
3519054,2001,11,225.0
3519054,2001,21,10.0
3519054,2001,22,165.0
3519054,2001,23,1030.0
3519054,2001,31-33,1705.0
3519054,2001,41,795.0
3519054,2001,44-45,1590.0
3519054,2001,48-49,625.0
3519054,2001,51,425.0
3519054,2001,52,460.0
3519054,2001,53,215.0
3519054,2001,54,785.0
3519054,2001,55,0.0
3519054,2001,56,505.0
3519054,2001,61,755.0
3519054,2001,62,990.0
3519054,2001,71,380.0
3519054,2001,72,385.0
3519054,2001,81,500.0
3519054,2001,91,540.0
3519070,2001,11,275.0
3519070,2001,21,40.0
3519070,2001,22,185.0
3519070,2001,23,2030.0
3519070,2001,31-33,3650.0
3519070,2001,41,1005.0
3519070,2001,44-45,2410.0
3519070,2001,48-49,1200.0
3519070,2001,51,550.0
3519070,2001,52,640.0
3519070,2001,53,355.0
3519070,2001,54,1050.0
3519070,2001,55,20.0
3519070,2001,56,1075.0
3519070,2001,61,1160.0
3519070,2001,62,1650.0
3519070,2001,71,335.0
3519070,2001,72,975.0
3519070,2001,81,1175.0
3519070,2001,91,965.0
3520005,2001,11,1575.0
3520005,2001,21,1075.0
3520005,2001,22,6745.0
3520005,2001,23,56555.0
3520005,2001,31-33,186870.0
3520005,2001,41,60575.0
3520005,2001,44-45,130525.0
3520005,2001,48-49,50335.0
3520005,2001,51,62620.0
3520005,2001,52,97595.0
3520005,2001,53,30275.0
3520005,2001,54,141355.0
3520005,2001,55,2960.0
3520005,2001,56,68235.0
3520005,2001,61,76980.0
3520005,2001,62,104520.0
3520005,2001,71,28135.0
3520005,2001,72,80725.0
3520005,2001,81,61430.0
3520005,2001,91,42300.0
3521005,2001,11,630.0
3521005,2001,21,340.0
3521005,2001,22,1810.0
3521005,2001,23,15320.0
3521005,2001,31-33,61780.0
3521005,2001,41,27255.0
3521005,2001,44-45,38555.0
3521005,2001,48-49,24055.0
3521005,2001,51,11175.0
3521005,2001,52,22445.0
3521005,2001,53,7820.0
3521005,2001,54,29480.0
3521005,2001,55,545.0
3521005,2001,56,15695.0
3521005,2001,61,16470.0
3521005,2001,62,23205.0
3521005,2001,71,4395.0
3521005,2001,72,18280.0
3521005,2001,81,13940.0
3521005,2001,91,10675.0
3521010,2001,11,700.0
3521010,2001,21,135.0
3521010,2001,22,785.0
3521010,2001,23,9700.0
3521010,2001,31-33,43100.0
3521010,2001,41,14900.0
3521010,2001,44-45,21800.0
3521010,2001,48-49,18795.0
3521010,2001,51,4010.0
3521010,2001,52,7725.0
3521010,2001,53,3015.0
3521010,2001,54,9845.0
3521010,2001,55,160.0
3521010,2001,56,8395.0
3521010,2001,61,7665.0
3521010,2001,62,10835.0
3521010,2001,71,1875.0
3521010,2001,72,8510.0
3521010,2001,81,6530.0
3521010,2001,91,5795.0
3521024,2001,11,790.0
3521024,2001,21,40.0
3521024,2001,22,190.0
3521024,2001,23,2590.0
3521024,2001,31-33,5250.0
3521024,2001,41,2405.0
3521024,2001,44-45,3025.0
3521024,2001,48-49,2025.0
3521024,2001,51,495.0
3521024,2001,52,1205.0
3521024,2001,53,600.0
3521024,2001,54,2255.0
3521024,2001,55,10.0
3521024,2001,56,1415.0
3521024,2001,61,1830.0
3521024,2001,62,1670.0
3521024,2001,71,650.0
3521024,2001,72,1200.0
3521024,2001,81,945.0
3521024,2001,91,1060.0
3522001,2001,11,125.0
3522001,2001,21,0.0
3522001,2001,22,0.0
3522001,2001,23,140.0
3522001,2001,31-33,165.0
3522001,2001,41,110.0
3522001,2001,44-45,135.0
3522001,2001,48-49,75.0
3522001,2001,51,15.0
3522001,2001,52,35.0
3522001,2001,53,15.0
3522001,2001,54,70.0
3522001,2001,55,0.0
3522001,2001,56,35.0
3522001,2001,61,135.0
3522001,2001,62,70.0
3522001,2001,71,35.0
3522001,2001,72,60.0
3522001,2001,81,60.0
3522001,2001,91,10.0
3522008,2001,11,120.0
3522008,2001,21,0.0
3522008,2001,22,0.0
3522008,2001,23,185.0
3522008,2001,31-33,435.0
3522008,2001,41,150.0
3522008,2001,44-45,200.0
3522008,2001,48-49,160.0
3522008,2001,51,15.0
3522008,2001,52,40.0
3522008,2001,53,35.0
3522008,2001,54,105.0
3522008,2001,55,0.0
3522008,2001,56,105.0
3522008,2001,61,120.0
3522008,2001,62,145.0
3522008,2001,71,50.0
3522008,2001,72,110.0
3522008,2001,81,105.0
3522008,2001,91,110.0
3522010,2001,11,85.0
3522010,2001,21,0.0
3522010,2001,22,0.0
3522010,2001,23,190.0
3522010,2001,31-33,340.0
3522010,2001,41,90.0
3522010,2001,44-45,200.0
3522010,2001,48-49,105.0
3522010,2001,51,25.0
3522010,2001,52,45.0
3522010,2001,53,15.0
3522010,2001,54,40.0
3522010,2001,55,0.0
3522010,2001,56,45.0
3522010,2001,61,30.0
3522010,2001,62,140.0
3522010,2001,71,0.0
3522010,2001,72,80.0
3522010,2001,81,80.0
3522010,2001,91,50.0
3522012,2001,11,270.0
3522012,2001,21,25.0
3522012,2001,22,35.0
3522012,2001,23,295.0
3522012,2001,31-33,595.0
3522012,2001,41,170.0
3522012,2001,44-45,350.0
3522012,2001,48-49,260.0
3522012,2001,51,155.0
3522012,2001,52,85.0
3522012,2001,53,110.0
3522012,2001,54,235.0
3522012,2001,55,0.0
3522012,2001,56,220.0
3522012,2001,61,340.0
3522012,2001,62,285.0
3522012,2001,71,105.0
3522012,2001,72,275.0
3522012,2001,81,140.0
3522012,2001,91,95.0
3522014,2001,11,75.0
3522014,2001,21,35.0
3522014,2001,22,90.0
3522014,2001,23,670.0
3522014,2001,31-33,2960.0
3522014,2001,41,955.0
3522014,2001,44-45,1715.0
3522014,2001,48-49,905.0
3522014,2001,51,315.0
3522014,2001,52,360.0
3522014,2001,53,175.0
3522014,2001,54,575.0
3522014,2001,55,10.0
3522014,2001,56,600.0
3522014,2001,61,745.0
3522014,2001,62,1040.0
3522014,2001,71,245.0
3522014,2001,72,925.0
3522014,2001,81,635.0
3522014,2001,91,655.0
3522016,2001,11,155.0
3522016,2001,21,10.0
3522016,2001,22,30.0
3522016,2001,23,125.0
3522016,2001,31-33,280.0
3522016,2001,41,95.0
3522016,2001,44-45,215.0
3522016,2001,48-49,100.0
3522016,2001,51,25.0
3522016,2001,52,35.0
3522016,2001,53,35.0
3522016,2001,54,120.0
3522016,2001,55,0.0
3522016,2001,56,65.0
3522016,2001,61,105.0
3522016,2001,62,125.0
3522016,2001,71,50.0
3522016,2001,72,165.0
3522016,2001,81,45.0
3522016,2001,91,70.0
3522019,2001,11,160.0
3522019,2001,21,0.0
3522019,2001,22,10.0
3522019,2001,23,155.0
3522019,2001,31-33,335.0
3522019,2001,41,100.0
3522019,2001,44-45,170.0
3522019,2001,48-49,110.0
3522019,2001,51,45.0
3522019,2001,52,15.0
3522019,2001,53,35.0
3522019,2001,54,65.0
3522019,2001,55,0.0
3522019,2001,56,45.0
3522019,2001,61,60.0
3522019,2001,62,65.0
3522019,2001,71,20.0
3522019,2001,72,30.0
3522019,2001,81,95.0
3522019,2001,91,30.0
3522021,2001,11,30.0
3522021,2001,21,10.0
3522021,2001,22,10.0
3522021,2001,23,190.0
3522021,2001,31-33,495.0
3522021,2001,41,90.0
3522021,2001,44-45,255.0
3522021,2001,48-49,110.0
3522021,2001,51,25.0
3522021,2001,52,65.0
3522021,2001,53,25.0
3522021,2001,54,75.0
3522021,2001,55,0.0
3522021,2001,56,80.0
3522021,2001,61,60.0
3522021,2001,62,160.0
3522021,2001,71,25.0
3522021,2001,72,115.0
3522021,2001,81,90.0
3522021,2001,91,55.0
3523001,2001,11,195.0
3523001,2001,21,10.0
3523001,2001,22,35.0
3523001,2001,23,295.0
3523001,2001,31-33,645.0
3523001,2001,41,140.0
3523001,2001,44-45,265.0
3523001,2001,48-49,235.0
3523001,2001,51,45.0
3523001,2001,52,30.0
3523001,2001,53,50.0
3523001,2001,54,255.0
3523001,2001,55,15.0
3523001,2001,56,100.0
3523001,2001,61,255.0
3523001,2001,62,155.0
3523001,2001,71,110.0
3523001,2001,72,150.0
3523001,2001,81,180.0
3523001,2001,91,150.0
3523008,2001,11,320.0
3523008,2001,21,70.0
3523008,2001,22,330.0
3523008,2001,23,2455.0
3523008,2001,31-33,15460.0
3523008,2001,41,2390.0
3523008,2001,44-45,5945.0
3523008,2001,48-49,1975.0
3523008,2001,51,1145.0
3523008,2001,52,2275.0
3523008,2001,53,815.0
3523008,2001,54,3470.0
3523008,2001,55,75.0
3523008,2001,56,1760.0
3523008,2001,61,6820.0
3523008,2001,62,5290.0
3523008,2001,71,1195.0
3523008,2001,72,3680.0
3523008,2001,81,2180.0
3523008,2001,91,2280.0
3523009,2001,11,370.0
3523009,2001,21,10.0
3523009,2001,22,70.0
3523009,2001,23,510.0
3523009,2001,31-33,1235.0
3523009,2001,41,240.0
3523009,2001,44-45,755.0
3523009,2001,48-49,355.0
3523009,2001,51,130.0
3523009,2001,52,240.0
3523009,2001,53,95.0
3523009,2001,54,380.0
3523009,2001,55,10.0
3523009,2001,56,140.0
3523009,2001,61,525.0
3523009,2001,62,555.0
3523009,2001,71,115.0
3523009,2001,72,215.0
3523009,2001,81,355.0
3523009,2001,91,205.0
3523017,2001,11,310.0
3523017,2001,21,20.0
3523017,2001,22,25.0
3523017,2001,23,645.0
3523017,2001,31-33,1050.0
3523017,2001,41,555.0
3523017,2001,44-45,510.0
3523017,2001,48-49,410.0
3523017,2001,51,100.0
3523017,2001,52,195.0
3523017,2001,53,85.0
3523017,2001,54,595.0
3523017,2001,55,25.0
3523017,2001,56,215.0
3523017,2001,61,300.0
3523017,2001,62,370.0
3523017,2001,71,155.0
3523017,2001,72,370.0
3523017,2001,81,290.0
3523017,2001,91,280.0
3523025,2001,11,625.0
3523025,2001,21,20.0
3523025,2001,22,70.0
3523025,2001,23,890.0
3523025,2001,31-33,3075.0
3523025,2001,41,660.0
3523025,2001,44-45,1250.0
3523025,2001,48-49,470.0
3523025,2001,51,110.0
3523025,2001,52,375.0
3523025,2001,53,105.0
3523025,2001,54,700.0
3523025,2001,55,35.0
3523025,2001,56,410.0
3523025,2001,61,905.0
3523025,2001,62,1170.0
3523025,2001,71,300.0
3523025,2001,72,740.0
3523025,2001,81,745.0
3523025,2001,91,450.0
3523033,2001,11,1385.0
3523033,2001,21,10.0
3523033,2001,22,10.0
3523033,2001,23,390.0
3523033,2001,31-33,1015.0
3523033,2001,41,230.0
3523033,2001,44-45,400.0
3523033,2001,48-49,220.0
3523033,2001,51,25.0
3523033,2001,52,115.0
3523033,2001,53,30.0
3523033,2001,54,140.0
3523033,2001,55,10.0
3523033,2001,56,145.0
3523033,2001,61,230.0
3523033,2001,62,255.0
3523033,2001,71,35.0
3523033,2001,72,155.0
3523033,2001,81,200.0
3523033,2001,91,80.0
3523043,2001,11,545.0
3523043,2001,21,0.0
3523043,2001,22,10.0
3523043,2001,23,335.0
3523043,2001,31-33,750.0
3523043,2001,41,280.0
3523043,2001,44-45,440.0
3523043,2001,48-49,215.0
3523043,2001,51,45.0
3523043,2001,52,90.0
3523043,2001,53,65.0
3523043,2001,54,75.0
3523043,2001,55,0.0
3523043,2001,56,130.0
3523043,2001,61,135.0
3523043,2001,62,370.0
3523043,2001,71,75.0
3523043,2001,72,150.0
3523043,2001,81,230.0
3523043,2001,91,85.0
3523050,2001,11,690.0
3523050,2001,21,0.0
3523050,2001,22,15.0
3523050,2001,23,340.0
3523050,2001,31-33,1445.0
3523050,2001,41,335.0
3523050,2001,44-45,490.0
3523050,2001,48-49,405.0
3523050,2001,51,50.0
3523050,2001,52,110.0
3523050,2001,53,20.0
3523050,2001,54,175.0
3523050,2001,55,0.0
3523050,2001,56,120.0
3523050,2001,61,245.0
3523050,2001,62,410.0
3523050,2001,71,60.0
3523050,2001,72,310.0
3523050,2001,81,310.0
3523050,2001,91,175.0
3524001,2001,11,205.0
3524001,2001,21,295.0
3524001,2001,22,550.0
3524001,2001,23,3170.0
3524001,2001,31-33,10175.0
3524001,2001,41,5385.0
3524001,2001,44-45,8460.0
3524001,2001,48-49,3770.0
3524001,2001,51,2750.0
3524001,2001,52,7710.0
3524001,2001,53,1995.0
3524001,2001,54,9975.0
3524001,2001,55,140.0
3524001,2001,56,2920.0
3524001,2001,61,5130.0
3524001,2001,62,5865.0
3524001,2001,71,1490.0
3524001,2001,72,4045.0
3524001,2001,81,3000.0
3524001,2001,91,2925.0
3524002,2001,11,500.0
3524002,2001,21,185.0
3524002,2001,22,495.0
3524002,2001,23,3790.0
3524002,2001,31-33,13320.0
3524002,2001,41,5925.0
3524002,2001,44-45,10335.0
3524002,2001,48-49,3770.0
3524002,2001,51,2495.0
3524002,2001,52,5575.0
3524002,2001,53,1815.0
3524002,2001,54,6550.0
3524002,2001,55,190.0
3524002,2001,56,3185.0
3524002,2001,61,5920.0
3524002,2001,62,6985.0
3524002,2001,71,1565.0
3524002,2001,72,5145.0
3524002,2001,81,3755.0
3524002,2001,91,3455.0
3524009,2001,11,505.0
3524009,2001,21,85.0
3524009,2001,22,180.0
3524009,2001,23,895.0
3524009,2001,31-33,3190.0
3524009,2001,41,1650.0
3524009,2001,44-45,1675.0
3524009,2001,48-49,1190.0
3524009,2001,51,400.0
3524009,2001,52,705.0
3524009,2001,53,280.0
3524009,2001,54,1345.0
3524009,2001,55,30.0
3524009,2001,56,705.0
3524009,2001,61,1190.0
3524009,2001,62,1565.0
3524009,2001,71,660.0
3524009,2001,72,1090.0
3524009,2001,81,865.0
3524009,2001,91,790.0
3524015,2001,11,660.0
3524015,2001,21,90.0
3524015,2001,22,200.0
3524015,2001,23,1535.0
3524015,2001,31-33,5470.0
3524015,2001,41,2500.0
3524015,2001,44-45,2510.0
3524015,2001,48-49,2005.0
3524015,2001,51,650.0
3524015,2001,52,1020.0
3524015,2001,53,455.0
3524015,2001,54,1940.0
3524015,2001,55,60.0
3524015,2001,56,1060.0
3524015,2001,61,1585.0
3524015,2001,62,1695.0
3524015,2001,71,480.0
3524015,2001,72,1450.0
3524015,2001,81,1300.0
3524015,2001,91,910.0
3525005,2001,11,3360.0
3525005,2001,21,280.0
3525005,2001,22,1235.0
3525005,2001,23,14960.0
3525005,2001,31-33,49005.0
3525005,2001,41,10605.0
3525005,2001,44-45,28465.0
3525005,2001,48-49,10885.0
3525005,2001,51,5325.0
3525005,2001,52,9495.0
3525005,2001,53,4160.0
3525005,2001,54,10855.0
3525005,2001,55,125.0
3525005,2001,56,10630.0
3525005,2001,61,17075.0
3525005,2001,62,27425.0
3525005,2001,71,4275.0
3525005,2001,72,14870.0
3525005,2001,81,11895.0
3525005,2001,91,8795.0
3526003,2001,11,100.0
3526003,2001,21,30.0
3526003,2001,22,90.0
3526003,2001,23,605.0
3526003,2001,31-33,2760.0
3526003,2001,41,285.0
3526003,2001,44-45,1365.0
3526003,2001,48-49,1155.0
3526003,2001,51,175.0
3526003,2001,52,370.0
3526003,2001,53,105.0
3526003,2001,54,580.0
3526003,2001,55,10.0
3526003,2001,56,585.0
3526003,2001,61,735.0
3526003,2001,62,1150.0
3526003,2001,71,1015.0
3526003,2001,72,1120.0
3526003,2001,81,730.0
3526003,2001,91,860.0
3526011,2001,11,160.0
3526011,2001,21,115.0
3526011,2001,22,75.0
3526011,2001,23,520.0
3526011,2001,31-33,1840.0
3526011,2001,41,275.0
3526011,2001,44-45,1170.0
3526011,2001,48-49,415.0
3526011,2001,51,75.0
3526011,2001,52,310.0
3526011,2001,53,60.0
3526011,2001,54,230.0
3526011,2001,55,0.0
3526011,2001,56,280.0
3526011,2001,61,450.0
3526011,2001,62,765.0
3526011,2001,71,195.0
3526011,2001,72,730.0
3526011,2001,81,505.0
3526011,2001,91,355.0
3526014,2001,11,495.0
3526014,2001,21,25.0
3526014,2001,22,10.0
3526014,2001,23,285.0
3526014,2001,31-33,515.0
3526014,2001,41,165.0
3526014,2001,44-45,235.0
3526014,2001,48-49,285.0
3526014,2001,51,35.0
3526014,2001,52,80.0
3526014,2001,53,10.0
3526014,2001,54,75.0
3526014,2001,55,0.0
3526014,2001,56,105.0
3526014,2001,61,170.0
3526014,2001,62,280.0
3526014,2001,71,75.0
3526014,2001,72,155.0
3526014,2001,81,230.0
3526014,2001,91,110.0
3526021,2001,11,965.0
3526021,2001,21,25.0
3526021,2001,22,50.0
3526021,2001,23,605.0
3526021,2001,31-33,1240.0
3526021,2001,41,295.0
3526021,2001,44-45,595.0
3526021,2001,48-49,350.0
3526021,2001,51,60.0
3526021,2001,52,135.0
3526021,2001,53,85.0
3526021,2001,54,215.0
3526021,2001,55,0.0
3526021,2001,56,175.0
3526021,2001,61,380.0
3526021,2001,62,515.0
3526021,2001,71,85.0
3526021,2001,72,230.0
3526021,2001,81,455.0
3526021,2001,91,155.0
3526028,2001,11,420.0
3526028,2001,21,20.0
3526028,2001,22,60.0
3526028,2001,23,540.0
3526028,2001,31-33,1255.0
3526028,2001,41,315.0
3526028,2001,44-45,835.0
3526028,2001,48-49,260.0
3526028,2001,51,95.0
3526028,2001,52,415.0
3526028,2001,53,105.0
3526028,2001,54,390.0
3526028,2001,55,0.0
3526028,2001,56,240.0
3526028,2001,61,755.0
3526028,2001,62,810.0
3526028,2001,71,290.0
3526028,2001,72,510.0
3526028,2001,81,390.0
3526028,2001,91,340.0
3526032,2001,11,220.0
3526032,2001,21,85.0
3526032,2001,22,125.0
3526032,2001,23,1300.0
3526032,2001,31-33,5145.0
3526032,2001,41,795.0
3526032,2001,44-45,3220.0
3526032,2001,48-49,900.0
3526032,2001,51,325.0
3526032,2001,52,1095.0
3526032,2001,53,195.0
3526032,2001,54,660.0
3526032,2001,55,15.0
3526032,2001,56,1440.0
3526032,2001,61,1445.0
3526032,2001,62,2515.0
3526032,2001,71,670.0
3526032,2001,72,1605.0
3526032,2001,81,1100.0
3526032,2001,91,815.0
3526037,2001,11,215.0
3526037,2001,21,35.0
3526037,2001,22,35.0
3526037,2001,23,490.0
3526037,2001,31-33,1890.0
3526037,2001,41,335.0
3526037,2001,44-45,1335.0
3526037,2001,48-49,545.0
3526037,2001,51,140.0
3526037,2001,52,250.0
3526037,2001,53,130.0
3526037,2001,54,380.0
3526037,2001,55,0.0
3526037,2001,56,315.0
3526037,2001,61,590.0
3526037,2001,62,845.0
3526037,2001,71,300.0
3526037,2001,72,920.0
3526037,2001,81,400.0
3526037,2001,91,405.0
3526043,2001,11,325.0
3526043,2001,21,15.0
3526043,2001,22,450.0
3526043,2001,23,2345.0
3526043,2001,31-33,5835.0
3526043,2001,41,1335.0
3526043,2001,44-45,4535.0
3526043,2001,48-49,1785.0
3526043,2001,51,630.0
3526043,2001,52,1000.0
3526043,2001,53,600.0
3526043,2001,54,1315.0
3526043,2001,55,45.0
3526043,2001,56,1360.0
3526043,2001,61,2040.0
3526043,2001,62,2945.0
3526043,2001,71,3155.0
3526043,2001,72,7340.0
3526043,2001,81,1810.0
3526043,2001,91,1680.0
3526047,2001,11,925.0
3526047,2001,21,10.0
3526047,2001,22,90.0
3526047,2001,23,440.0
3526047,2001,31-33,985.0
3526047,2001,41,270.0
3526047,2001,44-45,860.0
3526047,2001,48-49,245.0
3526047,2001,51,130.0
3526047,2001,52,195.0
3526047,2001,53,80.0
3526047,2001,54,455.0
3526047,2001,55,10.0
3526047,2001,56,230.0
3526047,2001,61,325.0
3526047,2001,62,410.0
3526047,2001,71,350.0
3526047,2001,72,885.0
3526047,2001,81,305.0
3526047,2001,91,225.0
3526053,2001,11,1395.0
3526053,2001,21,105.0
3526053,2001,22,445.0
3526053,2001,23,3105.0
3526053,2001,31-33,10875.0
3526053,2001,41,2585.0
3526053,2001,44-45,8890.0
3526053,2001,48-49,2600.0
3526053,2001,51,1180.0
3526053,2001,52,1945.0
3526053,2001,53,1025.0
3526053,2001,54,2700.0
3526053,2001,55,80.0
3526053,2001,56,3315.0
3526053,2001,61,4510.0
3526053,2001,62,6150.0
3526053,2001,71,1780.0
3526053,2001,72,5460.0
3526053,2001,81,3335.0
3526053,2001,91,2525.0
3526057,2001,11,1180.0
3526057,2001,21,25.0
3526057,2001,22,55.0
3526057,2001,23,955.0
3526057,2001,31-33,1750.0
3526057,2001,41,595.0
3526057,2001,44-45,1080.0
3526057,2001,48-49,450.0
3526057,2001,51,155.0
3526057,2001,52,220.0
3526057,2001,53,140.0
3526057,2001,54,350.0
3526057,2001,55,10.0
3526057,2001,56,285.0
3526057,2001,61,675.0
3526057,2001,62,935.0
3526057,2001,71,125.0
3526057,2001,72,530.0
3526057,2001,81,485.0
3526057,2001,91,380.0
3526065,2001,11,460.0
3526065,2001,21,10.0
3526065,2001,22,100.0
3526065,2001,23,810.0
3526065,2001,31-33,2455.0
3526065,2001,41,855.0
3526065,2001,44-45,1145.0
3526065,2001,48-49,440.0
3526065,2001,51,185.0
3526065,2001,52,430.0
3526065,2001,53,155.0
3526065,2001,54,590.0
3526065,2001,55,25.0
3526065,2001,56,250.0
3526065,2001,61,715.0
3526065,2001,62,1325.0
3526065,2001,71,160.0
3526065,2001,72,535.0
3526065,2001,81,615.0
3526065,2001,91,395.0
3528018,2001,11,1675.0
3528018,2001,21,135.0
3528018,2001,22,295.0
3528018,2001,23,1745.0
3528018,2001,31-33,4445.0
3528018,2001,41,910.0
3528018,2001,44-45,2530.0
3528018,2001,48-49,1605.0
3528018,2001,51,250.0
3528018,2001,52,520.0
3528018,2001,53,230.0
3528018,2001,54,820.0
3528018,2001,55,10.0
3528018,2001,56,740.0
3528018,2001,61,1275.0
3528018,2001,62,2090.0
3528018,2001,71,325.0
3528018,2001,72,1235.0
3528018,2001,81,1305.0
3528018,2001,91,795.0
3528052,2001,11,5235.0
3528052,2001,21,120.0
3528052,2001,22,590.0
3528052,2001,23,1740.0
3528052,2001,31-33,6210.0
3528052,2001,41,1155.0
3528052,2001,44-45,3305.0
3528052,2001,48-49,1425.0
3528052,2001,51,350.0
3528052,2001,52,605.0
3528052,2001,53,305.0
3528052,2001,54,860.0
3528052,2001,55,0.0
3528052,2001,56,850.0
3528052,2001,61,1550.0
3528052,2001,62,2545.0
3528052,2001,71,565.0
3528052,2001,72,1910.0
3528052,2001,81,1365.0
3528052,2001,91,1090.0
3529005,2001,11,1575.0
3529005,2001,21,60.0
3529005,2001,22,90.0
3529005,2001,23,1155.0
3529005,2001,31-33,3705.0
3529005,2001,41,960.0
3529005,2001,44-45,1645.0
3529005,2001,48-49,830.0
3529005,2001,51,215.0
3529005,2001,52,530.0
3529005,2001,53,155.0
3529005,2001,54,815.0
3529005,2001,55,40.0
3529005,2001,56,600.0
3529005,2001,61,1095.0
3529005,2001,62,1405.0
3529005,2001,71,315.0
3529005,2001,72,920.0
3529005,2001,81,760.0
3529005,2001,91,500.0
3529006,2001,11,340.0
3529006,2001,21,65.0
3529006,2001,22,225.0
3529006,2001,23,2105.0
3529006,2001,31-33,12220.0
3529006,2001,41,2015.0
3529006,2001,44-45,4615.0
3529006,2001,48-49,1815.0
3529006,2001,51,735.0
3529006,2001,52,1080.0
3529006,2001,53,695.0
3529006,2001,54,1485.0
3529006,2001,55,30.0
3529006,2001,56,2495.0
3529006,2001,61,2220.0
3529006,2001,62,4240.0
3529006,2001,71,1165.0
3529006,2001,72,2930.0
3529006,2001,81,2155.0
3529006,2001,91,1270.0
3530004,2001,11,285.0
3530004,2001,21,10.0
3530004,2001,22,30.0
3530004,2001,23,370.0
3530004,2001,31-33,1115.0
3530004,2001,41,285.0
3530004,2001,44-45,465.0
3530004,2001,48-49,415.0
3530004,2001,51,50.0
3530004,2001,52,245.0
3530004,2001,53,50.0
3530004,2001,54,235.0
3530004,2001,55,10.0
3530004,2001,56,155.0
3530004,2001,61,335.0
3530004,2001,62,325.0
3530004,2001,71,85.0
3530004,2001,72,175.0
3530004,2001,81,235.0
3530004,2001,91,255.0
3530010,2001,11,305.0
3530010,2001,21,90.0
3530010,2001,22,230.0
3530010,2001,23,3490.0
3530010,2001,31-33,19330.0
3530010,2001,41,3235.0
3530010,2001,44-45,6420.0
3530010,2001,48-49,2890.0
3530010,2001,51,880.0
3530010,2001,52,1930.0
3530010,2001,53,795.0
3530010,2001,54,2510.0
3530010,2001,55,110.0
3530010,2001,56,2030.0
3530010,2001,61,2570.0
3530010,2001,62,4345.0
3530010,2001,71,960.0
3530010,2001,72,3330.0
3530010,2001,81,2615.0
3530010,2001,91,1830.0
3530013,2001,11,465.0
3530013,2001,21,50.0
3530013,2001,22,240.0
3530013,2001,23,6155.0
3530013,2001,31-33,28155.0
3530013,2001,41,4900.0
3530013,2001,44-45,11880.0
3530013,2001,48-49,4480.0
3530013,2001,51,2240.0
3530013,2001,52,5550.0
3530013,2001,53,1460.0
3530013,2001,54,5105.0
3530013,2001,55,495.0
3530013,2001,56,4140.0
3530013,2001,61,6415.0
3530013,2001,62,7950.0
3530013,2001,71,1485.0
3530013,2001,72,6230.0
3530013,2001,81,4880.0
3530013,2001,91,2975.0
3530016,2001,11,125.0
3530016,2001,21,40.0
3530016,2001,22,300.0
3530016,2001,23,2165.0
3530016,2001,31-33,9415.0
3530016,2001,41,2055.0
3530016,2001,44-45,5190.0
3530016,2001,48-49,1105.0
3530016,2001,51,1315.0
3530016,2001,52,4180.0
3530016,2001,53,820.0
3530016,2001,54,4215.0
3530016,2001,55,415.0
3530016,2001,56,1320.0
3530016,2001,61,6205.0
3530016,2001,62,3635.0
3530016,2001,71,725.0
3530016,2001,72,2580.0
3530016,2001,81,1905.0
3530016,2001,91,1605.0
3530020,2001,11,635.0
3530020,2001,21,10.0
3530020,2001,22,30.0
3530020,2001,23,630.0
3530020,2001,31-33,1520.0
3530020,2001,41,440.0
3530020,2001,44-45,820.0
3530020,2001,48-49,515.0
3530020,2001,51,85.0
3530020,2001,52,455.0
3530020,2001,53,145.0
3530020,2001,54,540.0
3530020,2001,55,25.0
3530020,2001,56,180.0
3530020,2001,61,490.0
3530020,2001,62,630.0
3530020,2001,71,110.0
3530020,2001,72,410.0
3530020,2001,81,390.0
3530020,2001,91,240.0
3530027,2001,11,815.0
3530027,2001,21,10.0
3530027,2001,22,25.0
3530027,2001,23,405.0
3530027,2001,31-33,1060.0
3530027,2001,41,225.0
3530027,2001,44-45,340.0
3530027,2001,48-49,165.0
3530027,2001,51,55.0
3530027,2001,52,180.0
3530027,2001,53,45.0
3530027,2001,54,145.0
3530027,2001,55,30.0
3530027,2001,56,165.0
3530027,2001,61,205.0
3530027,2001,62,295.0
3530027,2001,71,25.0
3530027,2001,72,145.0
3530027,2001,81,280.0
3530027,2001,91,150.0
3530035,2001,11,980.0
3530035,2001,21,15.0
3530035,2001,22,50.0
3530035,2001,23,785.0
3530035,2001,31-33,1800.0
3530035,2001,41,510.0
3530035,2001,44-45,935.0
3530035,2001,48-49,510.0
3530035,2001,51,170.0
3530035,2001,52,455.0
3530035,2001,53,75.0
3530035,2001,54,495.0
3530035,2001,55,15.0
3530035,2001,56,380.0
3530035,2001,61,680.0
3530035,2001,62,845.0
3530035,2001,71,150.0
3530035,2001,72,570.0
3530035,2001,81,640.0
3530035,2001,91,215.0
3531011,2001,11,160.0
3531011,2001,21,15.0
3531011,2001,22,70.0
3531011,2001,23,790.0
3531011,2001,31-33,4900.0
3531011,2001,41,450.0
3531011,2001,44-45,1785.0
3531011,2001,48-49,525.0
3531011,2001,51,185.0
3531011,2001,52,655.0
3531011,2001,53,165.0
3531011,2001,54,600.0
3531011,2001,55,10.0
3531011,2001,56,430.0
3531011,2001,61,860.0
3531011,2001,62,1640.0
3531011,2001,71,745.0
3531011,2001,72,1470.0
3531011,2001,81,610.0
3531011,2001,91,390.0
3531013,2001,11,425.0
3531013,2001,21,0.0
3531013,2001,22,20.0
3531013,2001,23,185.0
3531013,2001,31-33,610.0
3531013,2001,41,145.0
3531013,2001,44-45,210.0
3531013,2001,48-49,80.0
3531013,2001,51,30.0
3531013,2001,52,65.0
3531013,2001,53,15.0
3531013,2001,54,65.0
3531013,2001,55,0.0
3531013,2001,56,80.0
3531013,2001,61,75.0
3531013,2001,62,195.0
3531013,2001,71,45.0
3531013,2001,72,110.0
3531013,2001,81,150.0
3531013,2001,91,50.0
3531016,2001,11,55.0
3531016,2001,21,10.0
3531016,2001,22,20.0
3531016,2001,23,145.0
3531016,2001,31-33,950.0
3531016,2001,41,190.0
3531016,2001,44-45,370.0
3531016,2001,48-49,145.0
3531016,2001,51,40.0
3531016,2001,52,135.0
3531016,2001,53,20.0
3531016,2001,54,85.0
3531016,2001,55,10.0
3531016,2001,56,125.0
3531016,2001,61,160.0
3531016,2001,62,325.0
3531016,2001,71,80.0
3531016,2001,72,185.0
3531016,2001,81,210.0
3531016,2001,91,20.0
3531025,2001,11,1005.0
3531025,2001,21,0.0
3531025,2001,22,0.0
3531025,2001,23,345.0
3531025,2001,31-33,1135.0
3531025,2001,41,285.0
3531025,2001,44-45,360.0
3531025,2001,48-49,210.0
3531025,2001,51,75.0
3531025,2001,52,205.0
3531025,2001,53,20.0
3531025,2001,54,135.0
3531025,2001,55,0.0
3531025,2001,56,80.0
3531025,2001,61,185.0
3531025,2001,62,405.0
3531025,2001,71,35.0
3531025,2001,72,265.0
3531025,2001,81,300.0
3531025,2001,91,110.0
3531030,2001,11,1605.0
3531030,2001,21,0.0
3531030,2001,22,0.0
3531030,2001,23,640.0
3531030,2001,31-33,1170.0
3531030,2001,41,290.0
3531030,2001,44-45,700.0
3531030,2001,48-49,380.0
3531030,2001,51,40.0
3531030,2001,52,195.0
3531030,2001,53,55.0
3531030,2001,54,200.0
3531030,2001,55,0.0
3531030,2001,56,220.0
3531030,2001,61,180.0
3531030,2001,62,485.0
3531030,2001,71,70.0
3531030,2001,72,260.0
3531030,2001,81,330.0
3531030,2001,91,120.0
3531040,2001,11,1140.0
3531040,2001,21,25.0
3531040,2001,22,25.0
3531040,2001,23,380.0
3531040,2001,31-33,1525.0
3531040,2001,41,355.0
3531040,2001,44-45,770.0
3531040,2001,48-49,290.0
3531040,2001,51,40.0
3531040,2001,52,220.0
3531040,2001,53,65.0
3531040,2001,54,190.0
3531040,2001,55,10.0
3531040,2001,56,175.0
3531040,2001,61,235.0
3531040,2001,62,540.0
3531040,2001,71,95.0
3531040,2001,72,300.0
3531040,2001,81,240.0
3531040,2001,91,100.0
3532002,2001,11,1145.0
3532002,2001,21,20.0
3532002,2001,22,20.0
3532002,2001,23,460.0
3532002,2001,31-33,1035.0
3532002,2001,41,265.0
3532002,2001,44-45,500.0
3532002,2001,48-49,510.0
3532002,2001,51,70.0
3532002,2001,52,100.0
3532002,2001,53,30.0
3532002,2001,54,165.0
3532002,2001,55,0.0
3532002,2001,56,115.0
3532002,2001,61,170.0
3532002,2001,62,335.0
3532002,2001,71,55.0
3532002,2001,72,170.0
3532002,2001,81,210.0
3532002,2001,91,120.0
3532004,2001,11,235.0
3532004,2001,21,30.0
3532004,2001,22,10.0
3532004,2001,23,325.0
3532004,2001,31-33,2020.0
3532004,2001,41,195.0
3532004,2001,44-45,940.0
3532004,2001,48-49,275.0
3532004,2001,51,95.0
3532004,2001,52,205.0
3532004,2001,53,90.0
3532004,2001,54,270.0
3532004,2001,55,0.0
3532004,2001,56,165.0
3532004,2001,61,300.0
3532004,2001,62,525.0
3532004,2001,71,75.0
3532004,2001,72,480.0
3532004,2001,81,265.0
3532004,2001,91,180.0
3532012,2001,11,835.0
3532012,2001,21,15.0
3532012,2001,22,15.0
3532012,2001,23,265.0
3532012,2001,31-33,960.0
3532012,2001,41,210.0
3532012,2001,44-45,445.0
3532012,2001,48-49,270.0
3532012,2001,51,45.0
3532012,2001,52,120.0
3532012,2001,53,20.0
3532012,2001,54,80.0
3532012,2001,55,15.0
3532012,2001,56,120.0
3532012,2001,61,125.0
3532012,2001,62,365.0
3532012,2001,71,30.0
3532012,2001,72,245.0
3532012,2001,81,160.0
3532012,2001,91,115.0
3532018,2001,11,95.0
3532018,2001,21,30.0
3532018,2001,22,65.0
3532018,2001,23,245.0
3532018,2001,31-33,1805.0
3532018,2001,41,245.0
3532018,2001,44-45,560.0
3532018,2001,48-49,395.0
3532018,2001,51,50.0
3532018,2001,52,225.0
3532018,2001,53,120.0
3532018,2001,54,105.0
3532018,2001,55,0.0
3532018,2001,56,145.0
3532018,2001,61,215.0
3532018,2001,62,440.0
3532018,2001,71,65.0
3532018,2001,72,390.0
3532018,2001,81,270.0
3532018,2001,91,215.0
3532027,2001,11,1005.0
3532027,2001,21,20.0
3532027,2001,22,15.0
3532027,2001,23,300.0
3532027,2001,31-33,820.0
3532027,2001,41,220.0
3532027,2001,44-45,425.0
3532027,2001,48-49,150.0
3532027,2001,51,55.0
3532027,2001,52,180.0
3532027,2001,53,55.0
3532027,2001,54,170.0
3532027,2001,55,0.0
3532027,2001,56,80.0
3532027,2001,61,210.0
3532027,2001,62,295.0
3532027,2001,71,105.0
3532027,2001,72,200.0
3532027,2001,81,105.0
3532027,2001,91,115.0
3532038,2001,11,685.0
3532038,2001,21,0.0
3532038,2001,22,10.0
3532038,2001,23,190.0
3532038,2001,31-33,730.0
3532038,2001,41,230.0
3532038,2001,44-45,385.0
3532038,2001,48-49,315.0
3532038,2001,51,45.0
3532038,2001,52,120.0
3532038,2001,53,30.0
3532038,2001,54,105.0
3532038,2001,55,0.0
3532038,2001,56,65.0
3532038,2001,61,175.0
3532038,2001,62,410.0
3532038,2001,71,45.0
3532038,2001,72,160.0
3532038,2001,81,210.0
3532038,2001,91,90.0
3532042,2001,11,290.0
3532042,2001,21,45.0
3532042,2001,22,100.0
3532042,2001,23,790.0
3532042,2001,31-33,4650.0
3532042,2001,41,830.0
3532042,2001,44-45,1750.0
3532042,2001,48-49,950.0
3532042,2001,51,210.0
3532042,2001,52,525.0
3532042,2001,53,245.0
3532042,2001,54,450.0
3532042,2001,55,10.0
3532042,2001,56,585.0
3532042,2001,61,855.0
3532042,2001,62,1795.0
3532042,2001,71,225.0
3532042,2001,72,1140.0
3532042,2001,81,900.0
3532042,2001,91,520.0
3532045,2001,11,620.0
3532045,2001,21,0.0
3532045,2001,22,10.0
3532045,2001,23,250.0
3532045,2001,31-33,1095.0
3532045,2001,41,270.0
3532045,2001,44-45,355.0
3532045,2001,48-49,345.0
3532045,2001,51,45.0
3532045,2001,52,215.0
3532045,2001,53,60.0
3532045,2001,54,125.0
3532045,2001,55,10.0
3532045,2001,56,150.0
3532045,2001,61,160.0
3532045,2001,62,255.0
3532045,2001,71,25.0
3532045,2001,72,140.0
3532045,2001,81,280.0
3532045,2001,91,70.0
3534005,2001,11,765.0
3534005,2001,21,0.0
3534005,2001,22,0.0
3534005,2001,23,185.0
3534005,2001,31-33,750.0
3534005,2001,41,105.0
3534005,2001,44-45,295.0
3534005,2001,48-49,210.0
3534005,2001,51,25.0
3534005,2001,52,75.0
3534005,2001,53,45.0
3534005,2001,54,50.0
3534005,2001,55,0.0
3534005,2001,56,80.0
3534005,2001,61,45.0
3534005,2001,62,165.0
3534005,2001,71,10.0
3534005,2001,72,100.0
3534005,2001,81,150.0
3534005,2001,91,40.0
3534010,2001,11,965.0
3534010,2001,21,15.0
3534010,2001,22,25.0
3534010,2001,23,245.0
3534010,2001,31-33,995.0
3534010,2001,41,200.0
3534010,2001,44-45,395.0
3534010,2001,48-49,395.0
3534010,2001,51,65.0
3534010,2001,52,95.0
3534010,2001,53,15.0
3534010,2001,54,125.0
3534010,2001,55,0.0
3534010,2001,56,170.0
3534010,2001,61,165.0
3534010,2001,62,255.0
3534010,2001,71,30.0
3534010,2001,72,140.0
3534010,2001,81,210.0
3534010,2001,91,70.0
3534011,2001,11,215.0
3534011,2001,21,0.0
3534011,2001,22,25.0
3534011,2001,23,140.0
3534011,2001,31-33,795.0
3534011,2001,41,90.0
3534011,2001,44-45,380.0
3534011,2001,48-49,300.0
3534011,2001,51,30.0
3534011,2001,52,65.0
3534011,2001,53,35.0
3534011,2001,54,60.0
3534011,2001,55,0.0
3534011,2001,56,80.0
3534011,2001,61,190.0
3534011,2001,62,280.0
3534011,2001,71,45.0
3534011,2001,72,225.0
3534011,2001,81,220.0
3534011,2001,91,100.0
3534020,2001,11,460.0
3534020,2001,21,10.0
3534020,2001,22,25.0
3534020,2001,23,385.0
3534020,2001,31-33,1325.0
3534020,2001,41,310.0
3534020,2001,44-45,910.0
3534020,2001,48-49,405.0
3534020,2001,51,80.0
3534020,2001,52,250.0
3534020,2001,53,55.0
3534020,2001,54,280.0
3534020,2001,55,0.0
3534020,2001,56,250.0
3534020,2001,61,290.0
3534020,2001,62,755.0
3534020,2001,71,175.0
3534020,2001,72,325.0
3534020,2001,81,275.0
3534020,2001,91,215.0
3534021,2001,11,195.0
3534021,2001,21,10.0
3534021,2001,22,100.0
3534021,2001,23,670.0
3534021,2001,31-33,4955.0
3534021,2001,41,465.0
3534021,2001,44-45,1790.0
3534021,2001,48-49,910.0
3534021,2001,51,245.0
3534021,2001,52,360.0
3534021,2001,53,185.0
3534021,2001,54,390.0
3534021,2001,55,10.0
3534021,2001,56,830.0
3534021,2001,61,750.0
3534021,2001,62,2010.0
3534021,2001,71,210.0
3534021,2001,72,1095.0
3534021,2001,81,695.0
3534021,2001,91,525.0
3534024,2001,11,305.0
3534024,2001,21,0.0
3534024,2001,22,25.0
3534024,2001,23,115.0
3534024,2001,31-33,465.0
3534024,2001,41,80.0
3534024,2001,44-45,230.0
3534024,2001,48-49,250.0
3534024,2001,51,15.0
3534024,2001,52,120.0
3534024,2001,53,20.0
3534024,2001,54,75.0
3534024,2001,55,0.0
3534024,2001,56,65.0
3534024,2001,61,105.0
3534024,2001,62,275.0
3534024,2001,71,40.0
3534024,2001,72,90.0
3534024,2001,81,145.0
3534024,2001,91,80.0
3534030,2001,11,315.0
3534030,2001,21,0.0
3534030,2001,22,15.0
3534030,2001,23,90.0
3534030,2001,31-33,390.0
3534030,2001,41,85.0
3534030,2001,44-45,170.0
3534030,2001,48-49,115.0
3534030,2001,51,30.0
3534030,2001,52,50.0
3534030,2001,53,10.0
3534030,2001,54,75.0
3534030,2001,55,0.0
3534030,2001,56,40.0
3534030,2001,61,55.0
3534030,2001,62,205.0
3534030,2001,71,15.0
3534030,2001,72,135.0
3534030,2001,81,85.0
3534030,2001,91,30.0
3534042,2001,11,440.0
3534042,2001,21,0.0
3534042,2001,22,40.0
3534042,2001,23,300.0
3534042,2001,31-33,780.0
3534042,2001,41,75.0
3534042,2001,44-45,260.0
3534042,2001,48-49,145.0
3534042,2001,51,45.0
3534042,2001,52,50.0
3534042,2001,53,15.0
3534042,2001,54,35.0
3534042,2001,55,0.0
3534042,2001,56,115.0
3534042,2001,61,100.0
3534042,2001,62,125.0
3534042,2001,71,80.0
3534042,2001,72,120.0
3534042,2001,81,90.0
3534042,2001,91,30.0
3536020,2001,11,4590.0
3536020,2001,21,115.0
3536020,2001,22,810.0
3536020,2001,23,2925.0
3536020,2001,31-33,12880.0
3536020,2001,41,2305.0
3536020,2001,44-45,6095.0
3536020,2001,48-49,2410.0
3536020,2001,51,750.0
3536020,2001,52,1285.0
3536020,2001,53,675.0
3536020,2001,54,1405.0
3536020,2001,55,20.0
3536020,2001,56,1645.0
3536020,2001,61,2490.0
3536020,2001,62,5330.0
3536020,2001,71,820.0
3536020,2001,72,3795.0
3536020,2001,81,2605.0
3536020,2001,91,1880.0
3536029,2001,11,0.0
3536029,2001,21,0.0
3536029,2001,22,0.0
3536029,2001,23,20.0
3536029,2001,31-33,20.0
3536029,2001,41,0.0
3536029,2001,44-45,10.0
3536029,2001,48-49,0.0
3536029,2001,51,0.0
3536029,2001,52,0.0
3536029,2001,53,0.0
3536029,2001,54,0.0
3536029,2001,55,0.0
3536029,2001,56,10.0
3536029,2001,61,10.0
3536029,2001,62,25.0
3536029,2001,71,10.0
3536029,2001,72,0.0
3536029,2001,81,10.0
3536029,2001,91,40.0
3537003,2001,11,3140.0
3537003,2001,21,50.0
3537003,2001,22,65.0
3537003,2001,23,775.0
3537003,2001,31-33,3340.0
3537003,2001,41,385.0
3537003,2001,44-45,1465.0
3537003,2001,48-49,605.0
3537003,2001,51,55.0
3537003,2001,52,175.0
3537003,2001,53,120.0
3537003,2001,54,270.0
3537003,2001,55,0.0
3537003,2001,56,315.0
3537003,2001,61,420.0
3537003,2001,62,785.0
3537003,2001,71,200.0
3537003,2001,72,695.0
3537003,2001,81,545.0
3537003,2001,91,305.0
3537013,2001,11,1735.0
3537013,2001,21,40.0
3537013,2001,22,60.0
3537013,2001,23,555.0
3537013,2001,31-33,2370.0
3537013,2001,41,340.0
3537013,2001,44-45,1290.0
3537013,2001,48-49,485.0
3537013,2001,51,120.0
3537013,2001,52,235.0
3537013,2001,53,150.0
3537013,2001,54,285.0
3537013,2001,55,10.0
3537013,2001,56,295.0
3537013,2001,61,640.0
3537013,2001,62,815.0
3537013,2001,71,285.0
3537013,2001,72,490.0
3537013,2001,81,465.0
3537013,2001,91,325.0
3537016,2001,11,615.0
3537016,2001,21,15.0
3537016,2001,22,55.0
3537016,2001,23,535.0
3537016,2001,31-33,3160.0
3537016,2001,41,360.0
3537016,2001,44-45,1165.0
3537016,2001,48-49,590.0
3537016,2001,51,85.0
3537016,2001,52,305.0
3537016,2001,53,105.0
3537016,2001,54,325.0
3537016,2001,55,0.0
3537016,2001,56,390.0
3537016,2001,61,365.0
3537016,2001,62,830.0
3537016,2001,71,345.0
3537016,2001,72,555.0
3537016,2001,81,445.0
3537016,2001,91,280.0
3537028,2001,11,125.0
3537028,2001,21,100.0
3537028,2001,22,115.0
3537028,2001,23,565.0
3537028,2001,31-33,3280.0
3537028,2001,41,355.0
3537028,2001,44-45,1135.0
3537028,2001,48-49,375.0
3537028,2001,51,125.0
3537028,2001,52,285.0
3537028,2001,53,155.0
3537028,2001,54,310.0
3537028,2001,55,0.0
3537028,2001,56,305.0
3537028,2001,61,625.0
3537028,2001,62,1050.0
3537028,2001,71,335.0
3537028,2001,72,765.0
3537028,2001,81,515.0
3537028,2001,91,300.0
3537034,2001,11,70.0
3537034,2001,21,75.0
3537034,2001,22,105.0
3537034,2001,23,645.0
3537034,2001,31-33,3935.0
3537034,2001,41,390.0
3537034,2001,44-45,1465.0
3537034,2001,48-49,620.0
3537034,2001,51,135.0
3537034,2001,52,425.0
3537034,2001,53,175.0
3537034,2001,54,635.0
3537034,2001,55,0.0
3537034,2001,56,340.0
3537034,2001,61,1055.0
3537034,2001,62,1345.0
3537034,2001,71,655.0
3537034,2001,72,800.0
3537034,2001,81,520.0
3537034,2001,91,510.0
3537039,2001,11,490.0
3537039,2001,21,145.0
3537039,2001,22,500.0
3537039,2001,23,4775.0
3537039,2001,31-33,29145.0
3537039,2001,41,2565.0
3537039,2001,44-45,11340.0
3537039,2001,48-49,3710.0
3537039,2001,51,1190.0
3537039,2001,52,2285.0
3537039,2001,53,1370.0
3537039,2001,54,4480.0
3537039,2001,55,80.0
3537039,2001,56,4135.0
3537039,2001,61,5855.0
3537039,2001,62,9165.0
3537039,2001,71,4710.0
3537039,2001,72,9515.0
3537039,2001,81,4420.0
3537039,2001,91,3140.0
3537048,2001,11,125.0
3537048,2001,21,20.0
3537048,2001,22,85.0
3537048,2001,23,640.0
3537048,2001,31-33,3920.0
3537048,2001,41,355.0
3537048,2001,44-45,1455.0
3537048,2001,48-49,435.0
3537048,2001,51,165.0
3537048,2001,52,510.0
3537048,2001,53,205.0
3537048,2001,54,595.0
3537048,2001,55,10.0
3537048,2001,56,390.0
3537048,2001,61,970.0
3537048,2001,62,1490.0
3537048,2001,71,470.0
3537048,2001,72,960.0
3537048,2001,81,540.0
3537048,2001,91,585.0
3537064,2001,11,550.0
3537064,2001,21,40.0
3537064,2001,22,120.0
3537064,2001,23,880.0
3537064,2001,31-33,4960.0
3537064,2001,41,455.0
3537064,2001,44-45,1545.0
3537064,2001,48-49,855.0
3537064,2001,51,160.0
3537064,2001,52,345.0
3537064,2001,53,155.0
3537064,2001,54,470.0
3537064,2001,55,0.0
3537064,2001,56,465.0
3537064,2001,61,785.0
3537064,2001,62,1365.0
3537064,2001,71,485.0
3537064,2001,72,670.0
3537064,2001,81,695.0
3537064,2001,91,435.0
3538003,2001,11,550.0
3538003,2001,21,55.0
3538003,2001,22,250.0
3538003,2001,23,565.0
3538003,2001,31-33,1615.0
3538003,2001,41,175.0
3538003,2001,44-45,765.0
3538003,2001,48-49,410.0
3538003,2001,51,75.0
3538003,2001,52,195.0
3538003,2001,53,170.0
3538003,2001,54,245.0
3538003,2001,55,0.0
3538003,2001,56,415.0
3538003,2001,61,310.0
3538003,2001,62,770.0
3538003,2001,71,200.0
3538003,2001,72,370.0
3538003,2001,81,530.0
3538003,2001,91,215.0
3538007,2001,11,375.0
3538007,2001,21,15.0
3538007,2001,22,10.0
3538007,2001,23,55.0
3538007,2001,31-33,275.0
3538007,2001,41,55.0
3538007,2001,44-45,125.0
3538007,2001,48-49,30.0
3538007,2001,51,10.0
3538007,2001,52,10.0
3538007,2001,53,0.0
3538007,2001,54,15.0
3538007,2001,55,0.0
3538007,2001,56,10.0
3538007,2001,61,25.0
3538007,2001,62,130.0
3538007,2001,71,15.0
3538007,2001,72,40.0
3538007,2001,81,50.0
3538007,2001,91,20.0
3538015,2001,11,410.0
3538015,2001,21,20.0
3538015,2001,22,10.0
3538015,2001,23,80.0
3538015,2001,31-33,275.0
3538015,2001,41,90.0
3538015,2001,44-45,125.0
3538015,2001,48-49,75.0
3538015,2001,51,10.0
3538015,2001,52,25.0
3538015,2001,53,10.0
3538015,2001,54,0.0
3538015,2001,55,0.0
3538015,2001,56,25.0
3538015,2001,61,55.0
3538015,2001,62,125.0
3538015,2001,71,30.0
3538015,2001,72,15.0
3538015,2001,81,100.0
3538015,2001,91,40.0
3538016,2001,11,285.0
3538016,2001,21,10.0
3538016,2001,22,55.0
3538016,2001,23,125.0
3538016,2001,31-33,385.0
3538016,2001,41,40.0
3538016,2001,44-45,180.0
3538016,2001,48-49,130.0
3538016,2001,51,10.0
3538016,2001,52,0.0
3538016,2001,53,30.0
3538016,2001,54,40.0
3538016,2001,55,0.0
3538016,2001,56,70.0
3538016,2001,61,70.0
3538016,2001,62,185.0
3538016,2001,71,30.0
3538016,2001,72,30.0
3538016,2001,81,110.0
3538016,2001,91,25.0
3538018,2001,11,15.0
3538018,2001,21,30.0
3538018,2001,22,10.0
3538018,2001,23,75.0
3538018,2001,31-33,65.0
3538018,2001,41,10.0
3538018,2001,44-45,45.0
3538018,2001,48-49,50.0
3538018,2001,51,0.0
3538018,2001,52,0.0
3538018,2001,53,0.0
3538018,2001,54,0.0
3538018,2001,55,0.0
3538018,2001,56,15.0
3538018,2001,61,15.0
3538018,2001,62,45.0
3538018,2001,71,0.0
3538018,2001,72,30.0
3538018,2001,81,15.0
3538018,2001,91,0.0
3538019,2001,11,45.0
3538019,2001,21,20.0
3538019,2001,22,0.0
3538019,2001,23,160.0
3538019,2001,31-33,465.0
3538019,2001,41,55.0
3538019,2001,44-45,325.0
3538019,2001,48-49,100.0
3538019,2001,51,15.0
3538019,2001,52,55.0
3538019,2001,53,75.0
3538019,2001,54,60.0
3538019,2001,55,0.0
3538019,2001,56,70.0
3538019,2001,61,80.0
3538019,2001,62,365.0
3538019,2001,71,55.0
3538019,2001,72,175.0
3538019,2001,81,110.0
3538019,2001,91,85.0
3538025,2001,11,0.0
3538025,2001,21,0.0
3538025,2001,22,0.0
3538025,2001,23,20.0
3538025,2001,31-33,55.0
3538025,2001,41,10.0
3538025,2001,44-45,10.0
3538025,2001,48-49,15.0
3538025,2001,51,10.0
3538025,2001,52,0.0
3538025,2001,53,0.0
3538025,2001,54,10.0
3538025,2001,55,0.0
3538025,2001,56,30.0
3538025,2001,61,10.0
3538025,2001,62,50.0
3538025,2001,71,10.0
3538025,2001,72,10.0
3538025,2001,81,15.0
3538025,2001,91,25.0
3538030,2001,11,395.0
3538030,2001,21,125.0
3538030,2001,22,560.0
3538030,2001,23,2450.0
3538030,2001,31-33,5150.0
3538030,2001,41,975.0
3538030,2001,44-45,4210.0
3538030,2001,48-49,1575.0
3538030,2001,51,565.0
3538030,2001,52,795.0
3538030,2001,53,525.0
3538030,2001,54,1440.0
3538030,2001,55,15.0
3538030,2001,56,2030.0
3538030,2001,61,2165.0
3538030,2001,62,3535.0
3538030,2001,71,1755.0
3538030,2001,72,3085.0
3538030,2001,81,2320.0
3538030,2001,91,1255.0
3538031,2001,11,35.0
3538031,2001,21,0.0
3538031,2001,22,0.0
3538031,2001,23,105.0
3538031,2001,31-33,160.0
3538031,2001,41,20.0
3538031,2001,44-45,60.0
3538031,2001,48-49,25.0
3538031,2001,51,10.0
3538031,2001,52,10.0
3538031,2001,53,15.0
3538031,2001,54,55.0
3538031,2001,55,0.0
3538031,2001,56,45.0
3538031,2001,61,30.0
3538031,2001,62,135.0
3538031,2001,71,75.0
3538031,2001,72,75.0
3538031,2001,81,40.0
3538031,2001,91,40.0
3538035,2001,11,430.0
3538035,2001,21,0.0
3538035,2001,22,40.0
3538035,2001,23,320.0
3538035,2001,31-33,580.0
3538035,2001,41,140.0
3538035,2001,44-45,435.0
3538035,2001,48-49,205.0
3538035,2001,51,50.0
3538035,2001,52,110.0
3538035,2001,53,40.0
3538035,2001,54,145.0
3538035,2001,55,0.0
3538035,2001,56,175.0
3538035,2001,61,150.0
3538035,2001,62,380.0
3538035,2001,71,85.0
3538035,2001,72,210.0
3538035,2001,81,225.0
3538035,2001,91,145.0
3538040,2001,11,565.0
3538040,2001,21,35.0
3538040,2001,22,10.0
3538040,2001,23,580.0
3538040,2001,31-33,545.0
3538040,2001,41,200.0
3538040,2001,44-45,660.0
3538040,2001,48-49,250.0
3538040,2001,51,55.0
3538040,2001,52,160.0
3538040,2001,53,80.0
3538040,2001,54,170.0
3538040,2001,55,0.0
3538040,2001,56,130.0
3538040,2001,61,320.0
3538040,2001,62,415.0
3538040,2001,71,225.0
3538040,2001,72,440.0
3538040,2001,81,305.0
3538040,2001,91,130.0
3538043,2001,11,325.0
3538043,2001,21,15.0
3538043,2001,22,0.0
3538043,2001,23,240.0
3538043,2001,31-33,440.0
3538043,2001,41,60.0
3538043,2001,44-45,240.0
3538043,2001,48-49,140.0
3538043,2001,51,25.0
3538043,2001,52,50.0
3538043,2001,53,30.0
3538043,2001,54,60.0
3538043,2001,55,0.0
3538043,2001,56,75.0
3538043,2001,61,80.0
3538043,2001,62,185.0
3538043,2001,71,25.0
3538043,2001,72,60.0
3538043,2001,81,150.0
3538043,2001,91,35.0
3539002,2001,11,0.0
3539002,2001,21,0.0
3539002,2001,22,0.0
3539002,2001,23,15.0
3539002,2001,31-33,95.0
3539002,2001,41,25.0
3539002,2001,44-45,15.0
3539002,2001,48-49,0.0
3539002,2001,51,0.0
3539002,2001,52,10.0
3539002,2001,53,0.0
3539002,2001,54,10.0
3539002,2001,55,0.0
3539002,2001,56,0.0
3539002,2001,61,0.0
3539002,2001,62,10.0
3539002,2001,71,10.0
3539002,2001,72,0.0
3539002,2001,81,10.0
3539002,2001,91,0.0
3539005,2001,11,455.0
3539005,2001,21,0.0
3539005,2001,22,55.0
3539005,2001,23,270.0
3539005,2001,31-33,800.0
3539005,2001,41,175.0
3539005,2001,44-45,320.0
3539005,2001,48-49,195.0
3539005,2001,51,10.0
3539005,2001,52,50.0
3539005,2001,53,25.0
3539005,2001,54,115.0
3539005,2001,55,0.0
3539005,2001,56,120.0
3539005,2001,61,110.0
3539005,2001,62,290.0
3539005,2001,71,30.0
3539005,2001,72,145.0
3539005,2001,81,165.0
3539005,2001,91,45.0
3539015,2001,11,995.0
3539015,2001,21,10.0
3539015,2001,22,100.0
3539015,2001,23,720.0
3539015,2001,31-33,2050.0
3539015,2001,41,535.0
3539015,2001,44-45,1175.0
3539015,2001,48-49,360.0
3539015,2001,51,100.0
3539015,2001,52,345.0
3539015,2001,53,145.0
3539015,2001,54,355.0
3539015,2001,55,0.0
3539015,2001,56,325.0
3539015,2001,61,490.0
3539015,2001,62,1115.0
3539015,2001,71,170.0
3539015,2001,72,440.0
3539015,2001,81,460.0
3539015,2001,91,335.0
3539027,2001,11,565.0
3539027,2001,21,35.0
3539027,2001,22,30.0
3539027,2001,23,525.0
3539027,2001,31-33,1385.0
3539027,2001,41,400.0
3539027,2001,44-45,575.0
3539027,2001,48-49,480.0
3539027,2001,51,95.0
3539027,2001,52,365.0
3539027,2001,53,95.0
3539027,2001,54,215.0
3539027,2001,55,10.0
3539027,2001,56,230.0
3539027,2001,61,375.0
3539027,2001,62,715.0
3539027,2001,71,150.0
3539027,2001,72,310.0
3539027,2001,81,375.0
3539027,2001,91,205.0
3539033,2001,11,745.0
3539033,2001,21,10.0
3539033,2001,22,60.0
3539033,2001,23,765.0
3539033,2001,31-33,955.0
3539033,2001,41,345.0
3539033,2001,44-45,705.0
3539033,2001,48-49,335.0
3539033,2001,51,155.0
3539033,2001,52,440.0
3539033,2001,53,75.0
3539033,2001,54,440.0
3539033,2001,55,0.0
3539033,2001,56,345.0
3539033,2001,61,515.0
3539033,2001,62,935.0
3539033,2001,71,170.0
3539033,2001,72,245.0
3539033,2001,81,395.0
3539033,2001,91,295.0
3539036,2001,11,935.0
3539036,2001,21,150.0
3539036,2001,22,660.0
3539036,2001,23,8790.0
3539036,2001,31-33,25375.0
3539036,2001,41,7685.0
3539036,2001,44-45,21190.0
3539036,2001,48-49,7300.0
3539036,2001,51,4320.0
3539036,2001,52,10195.0
3539036,2001,53,3470.0
3539036,2001,54,9685.0
3539036,2001,55,125.0
3539036,2001,56,8835.0
3539036,2001,61,14620.0
3539036,2001,62,22325.0
3539036,2001,71,2995.0
3539036,2001,72,12680.0
3539036,2001,81,8950.0
3539036,2001,91,5770.0
3539041,2001,11,725.0
3539041,2001,21,20.0
3539041,2001,22,50.0
3539041,2001,23,320.0
3539041,2001,31-33,395.0
3539041,2001,41,150.0
3539041,2001,44-45,310.0
3539041,2001,48-49,160.0
3539041,2001,51,75.0
3539041,2001,52,115.0
3539041,2001,53,55.0
3539041,2001,54,85.0
3539041,2001,55,0.0
3539041,2001,56,100.0
3539041,2001,61,200.0
3539041,2001,62,490.0
3539041,2001,71,30.0
3539041,2001,72,205.0
3539041,2001,81,190.0
3539041,2001,91,105.0
3539047,2001,11,480.0
3539047,2001,21,0.0
3539047,2001,22,10.0
3539047,2001,23,135.0
3539047,2001,31-33,205.0
3539047,2001,41,115.0
3539047,2001,44-45,165.0
3539047,2001,48-49,115.0
3539047,2001,51,15.0
3539047,2001,52,35.0
3539047,2001,53,0.0
3539047,2001,54,30.0
3539047,2001,55,10.0
3539047,2001,56,30.0
3539047,2001,61,65.0
3539047,2001,62,165.0
3539047,2001,71,10.0
3539047,2001,72,35.0
3539047,2001,81,50.0
3539047,2001,91,10.0
3539060,2001,11,290.0
3539060,2001,21,0.0
3539060,2001,22,10.0
3539060,2001,23,240.0
3539060,2001,31-33,340.0
3539060,2001,41,105.0
3539060,2001,44-45,250.0
3539060,2001,48-49,160.0
3539060,2001,51,50.0
3539060,2001,52,70.0
3539060,2001,53,15.0
3539060,2001,54,80.0
3539060,2001,55,0.0
3539060,2001,56,55.0
3539060,2001,61,235.0
3539060,2001,62,300.0
3539060,2001,71,40.0
3539060,2001,72,50.0
3539060,2001,81,75.0
3539060,2001,91,70.0
3540005,2001,11,665.0
3540005,2001,21,10.0
3540005,2001,22,25.0
3540005,2001,23,395.0
3540005,2001,31-33,1030.0
3540005,2001,41,220.0
3540005,2001,44-45,525.0
3540005,2001,48-49,170.0
3540005,2001,51,45.0
3540005,2001,52,165.0
3540005,2001,53,55.0
3540005,2001,54,175.0
3540005,2001,55,10.0
3540005,2001,56,260.0
3540005,2001,61,295.0
3540005,2001,62,495.0
3540005,2001,71,75.0
3540005,2001,72,335.0
3540005,2001,81,215.0
3540005,2001,91,110.0
3540010,2001,11,495.0
3540010,2001,21,10.0
3540010,2001,22,20.0
3540010,2001,23,320.0
3540010,2001,31-33,345.0
3540010,2001,41,320.0
3540010,2001,44-45,345.0
3540010,2001,48-49,185.0
3540010,2001,51,90.0
3540010,2001,52,125.0
3540010,2001,53,70.0
3540010,2001,54,85.0
3540010,2001,55,0.0
3540010,2001,56,50.0
3540010,2001,61,155.0
3540010,2001,62,355.0
3540010,2001,71,50.0
3540010,2001,72,310.0
3540010,2001,81,220.0
3540010,2001,91,95.0
3540025,2001,11,720.0
3540025,2001,21,110.0
3540025,2001,22,30.0
3540025,2001,23,260.0
3540025,2001,31-33,415.0
3540025,2001,41,210.0
3540025,2001,44-45,390.0
3540025,2001,48-49,195.0
3540025,2001,51,45.0
3540025,2001,52,100.0
3540025,2001,53,40.0
3540025,2001,54,155.0
3540025,2001,55,20.0
3540025,2001,56,125.0
3540025,2001,61,235.0
3540025,2001,62,470.0
3540025,2001,71,110.0
3540025,2001,72,305.0
3540025,2001,81,195.0
3540025,2001,91,55.0
3540028,2001,11,40.0
3540028,2001,21,150.0
3540028,2001,22,20.0
3540028,2001,23,135.0
3540028,2001,31-33,405.0
3540028,2001,41,205.0
3540028,2001,44-45,745.0
3540028,2001,48-49,140.0
3540028,2001,51,50.0
3540028,2001,52,140.0
3540028,2001,53,110.0
3540028,2001,54,120.0
3540028,2001,55,0.0
3540028,2001,56,115.0
3540028,2001,61,195.0
3540028,2001,62,415.0
3540028,2001,71,95.0
3540028,2001,72,380.0
3540028,2001,81,160.0
3540028,2001,91,220.0
3540040,2001,11,1055.0
3540040,2001,21,20.0
3540040,2001,22,25.0
3540040,2001,23,345.0
3540040,2001,31-33,1060.0
3540040,2001,41,240.0
3540040,2001,44-45,515.0
3540040,2001,48-49,170.0
3540040,2001,51,55.0
3540040,2001,52,90.0
3540040,2001,53,45.0
3540040,2001,54,135.0
3540040,2001,55,0.0
3540040,2001,56,85.0
3540040,2001,61,200.0
3540040,2001,62,500.0
3540040,2001,71,100.0
3540040,2001,72,240.0
3540040,2001,81,205.0
3540040,2001,91,100.0
3540046,2001,11,480.0
3540046,2001,21,10.0
3540046,2001,22,10.0
3540046,2001,23,130.0
3540046,2001,31-33,405.0
3540046,2001,41,85.0
3540046,2001,44-45,150.0
3540046,2001,48-49,90.0
3540046,2001,51,30.0
3540046,2001,52,25.0
3540046,2001,53,0.0
3540046,2001,54,25.0
3540046,2001,55,0.0
3540046,2001,56,45.0
3540046,2001,61,80.0
3540046,2001,62,170.0
3540046,2001,71,0.0
3540046,2001,72,40.0
3540046,2001,81,75.0
3540046,2001,91,45.0
3540050,2001,11,560.0
3540050,2001,21,10.0
3540050,2001,22,20.0
3540050,2001,23,105.0
3540050,2001,31-33,320.0
3540050,2001,41,50.0
3540050,2001,44-45,180.0
3540050,2001,48-49,100.0
3540050,2001,51,0.0
3540050,2001,52,40.0
3540050,2001,53,25.0
3540050,2001,54,30.0
3540050,2001,55,0.0
3540050,2001,56,50.0
3540050,2001,61,85.0
3540050,2001,62,170.0
3540050,2001,71,0.0
3540050,2001,72,100.0
3540050,2001,81,70.0
3540050,2001,91,25.0
3540055,2001,11,250.0
3540055,2001,21,10.0
3540055,2001,22,10.0
3540055,2001,23,220.0
3540055,2001,31-33,560.0
3540055,2001,41,125.0
3540055,2001,44-45,275.0
3540055,2001,48-49,145.0
3540055,2001,51,70.0
3540055,2001,52,60.0
3540055,2001,53,35.0
3540055,2001,54,45.0
3540055,2001,55,0.0
3540055,2001,56,65.0
3540055,2001,61,130.0
3540055,2001,62,260.0
3540055,2001,71,30.0
3540055,2001,72,205.0
3540055,2001,81,120.0
3540055,2001,91,105.0
3540063,2001,11,670.0
3540063,2001,21,70.0
3540063,2001,22,35.0
3540063,2001,23,215.0
3540063,2001,31-33,355.0
3540063,2001,41,90.0
3540063,2001,44-45,280.0
3540063,2001,48-49,130.0
3540063,2001,51,15.0
3540063,2001,52,75.0
3540063,2001,53,25.0
3540063,2001,54,85.0
3540063,2001,55,0.0
3540063,2001,56,75.0
3540063,2001,61,140.0
3540063,2001,62,210.0
3540063,2001,71,25.0
3540063,2001,72,120.0
3540063,2001,81,90.0
3540063,2001,91,70.0
3541004,2001,11,715.0
3541004,2001,21,0.0
3541004,2001,22,80.0
3541004,2001,23,360.0
3541004,2001,31-33,705.0
3541004,2001,41,175.0
3541004,2001,44-45,270.0
3541004,2001,48-49,140.0
3541004,2001,51,15.0
3541004,2001,52,55.0
3541004,2001,53,0.0
3541004,2001,54,95.0
3541004,2001,55,0.0
3541004,2001,56,50.0
3541004,2001,61,120.0
3541004,2001,62,235.0
3541004,2001,71,30.0
3541004,2001,72,130.0
3541004,2001,81,180.0
3541004,2001,91,65.0
3541015,2001,11,490.0
3541015,2001,21,0.0
3541015,2001,22,355.0
3541015,2001,23,265.0
3541015,2001,31-33,365.0
3541015,2001,41,55.0
3541015,2001,44-45,310.0
3541015,2001,48-49,160.0
3541015,2001,51,20.0
3541015,2001,52,45.0
3541015,2001,53,20.0
3541015,2001,54,85.0
3541015,2001,55,0.0
3541015,2001,56,90.0
3541015,2001,61,180.0
3541015,2001,62,250.0
3541015,2001,71,35.0
3541015,2001,72,185.0
3541015,2001,81,110.0
3541015,2001,91,55.0
3541024,2001,11,475.0
3541024,2001,21,10.0
3541024,2001,22,1210.0
3541024,2001,23,410.0
3541024,2001,31-33,330.0
3541024,2001,41,50.0
3541024,2001,44-45,630.0
3541024,2001,48-49,160.0
3541024,2001,51,125.0
3541024,2001,52,85.0
3541024,2001,53,50.0
3541024,2001,54,175.0
3541024,2001,55,0.0
3541024,2001,56,260.0
3541024,2001,61,220.0
3541024,2001,62,440.0
3541024,2001,71,85.0
3541024,2001,72,510.0
3541024,2001,81,250.0
3541024,2001,91,195.0
3541032,2001,11,735.0
3541032,2001,21,0.0
3541032,2001,22,215.0
3541032,2001,23,350.0
3541032,2001,31-33,750.0
3541032,2001,41,130.0
3541032,2001,44-45,545.0
3541032,2001,48-49,195.0
3541032,2001,51,60.0
3541032,2001,52,155.0
3541032,2001,53,65.0
3541032,2001,54,150.0
3541032,2001,55,0.0
3541032,2001,56,205.0
3541032,2001,61,325.0
3541032,2001,62,600.0
3541032,2001,71,50.0
3541032,2001,72,325.0
3541032,2001,81,260.0
3541032,2001,91,155.0
3541043,2001,11,505.0
3541043,2001,21,0.0
3541043,2001,22,175.0
3541043,2001,23,395.0
3541043,2001,31-33,465.0
3541043,2001,41,125.0
3541043,2001,44-45,440.0
3541043,2001,48-49,160.0
3541043,2001,51,25.0
3541043,2001,52,60.0
3541043,2001,53,15.0
3541043,2001,54,55.0
3541043,2001,55,0.0
3541043,2001,56,110.0
3541043,2001,61,195.0
3541043,2001,62,340.0
3541043,2001,71,35.0
3541043,2001,72,125.0
3541043,2001,81,135.0
3541043,2001,91,75.0
3541045,2001,11,130.0
3541045,2001,21,25.0
3541045,2001,22,1605.0
3541045,2001,23,280.0
3541045,2001,31-33,220.0
3541045,2001,41,115.0
3541045,2001,44-45,735.0
3541045,2001,48-49,75.0
3541045,2001,51,50.0
3541045,2001,52,120.0
3541045,2001,53,65.0
3541045,2001,54,190.0
3541045,2001,55,0.0
3541045,2001,56,140.0
3541045,2001,61,385.0
3541045,2001,62,540.0
3541045,2001,71,140.0
3541045,2001,72,650.0
3541045,2001,81,255.0
3541045,2001,91,170.0
3541055,2001,11,165.0
3541055,2001,21,100.0
3541055,2001,22,65.0
3541055,2001,23,340.0
3541055,2001,31-33,445.0
3541055,2001,41,130.0
3541055,2001,44-45,545.0
3541055,2001,48-49,100.0
3541055,2001,51,45.0
3541055,2001,52,70.0
3541055,2001,53,85.0
3541055,2001,54,165.0
3541055,2001,55,0.0
3541055,2001,56,105.0
3541055,2001,61,170.0
3541055,2001,62,385.0
3541055,2001,71,30.0
3541055,2001,72,475.0
3541055,2001,81,225.0
3541055,2001,91,90.0
3541057,2001,11,15.0
3541057,2001,21,0.0
3541057,2001,22,10.0
3541057,2001,23,25.0
3541057,2001,31-33,10.0
3541057,2001,41,0.0
3541057,2001,44-45,30.0
3541057,2001,48-49,0.0
3541057,2001,51,0.0
3541057,2001,52,0.0
3541057,2001,53,0.0
3541057,2001,54,10.0
3541057,2001,55,0.0
3541057,2001,56,10.0
3541057,2001,61,0.0
3541057,2001,62,50.0
3541057,2001,71,0.0
3541057,2001,72,15.0
3541057,2001,81,10.0
3541057,2001,91,95.0
3541069,2001,11,80.0
3541069,2001,21,30.0
3541069,2001,22,0.0
3541069,2001,23,195.0
3541069,2001,31-33,185.0
3541069,2001,41,10.0
3541069,2001,44-45,260.0
3541069,2001,48-49,85.0
3541069,2001,51,50.0
3541069,2001,52,35.0
3541069,2001,53,25.0
3541069,2001,54,40.0
3541069,2001,55,0.0
3541069,2001,56,45.0
3541069,2001,61,70.0
3541069,2001,62,115.0
3541069,2001,71,25.0
3541069,2001,72,205.0
3541069,2001,81,70.0
3541069,2001,91,110.0
3542004,2001,11,835.0
3542004,2001,21,0.0
3542004,2001,22,40.0
3542004,2001,23,450.0
3542004,2001,31-33,1720.0
3542004,2001,41,170.0
3542004,2001,44-45,645.0
3542004,2001,48-49,280.0
3542004,2001,51,145.0
3542004,2001,52,165.0
3542004,2001,53,50.0
3542004,2001,54,245.0
3542004,2001,55,0.0
3542004,2001,56,145.0
3542004,2001,61,270.0
3542004,2001,62,530.0
3542004,2001,71,65.0
3542004,2001,72,270.0
3542004,2001,81,320.0
3542004,2001,91,140.0
3542005,2001,11,640.0
3542005,2001,21,25.0
3542005,2001,22,15.0
3542005,2001,23,350.0
3542005,2001,31-33,740.0
3542005,2001,41,125.0
3542005,2001,44-45,285.0
3542005,2001,48-49,245.0
3542005,2001,51,45.0
3542005,2001,52,40.0
3542005,2001,53,45.0
3542005,2001,54,100.0
3542005,2001,55,10.0
3542005,2001,56,125.0
3542005,2001,61,125.0
3542005,2001,62,235.0
3542005,2001,71,40.0
3542005,2001,72,175.0
3542005,2001,81,120.0
3542005,2001,91,105.0
3542015,2001,11,535.0
3542015,2001,21,50.0
3542015,2001,22,10.0
3542015,2001,23,540.0
3542015,2001,31-33,755.0
3542015,2001,41,265.0
3542015,2001,44-45,355.0
3542015,2001,48-49,155.0
3542015,2001,51,40.0
3542015,2001,52,110.0
3542015,2001,53,40.0
3542015,2001,54,220.0
3542015,2001,55,0.0
3542015,2001,56,105.0
3542015,2001,61,270.0
3542015,2001,62,385.0
3542015,2001,71,145.0
3542015,2001,72,295.0
3542015,2001,81,190.0
3542015,2001,91,125.0
3542029,2001,11,125.0
3542029,2001,21,0.0
3542029,2001,22,45.0
3542029,2001,23,215.0
3542029,2001,31-33,845.0
3542029,2001,41,105.0
3542029,2001,44-45,530.0
3542029,2001,48-49,110.0
3542029,2001,51,105.0
3542029,2001,52,85.0
3542029,2001,53,15.0
3542029,2001,54,60.0
3542029,2001,55,0.0
3542029,2001,56,55.0
3542029,2001,61,165.0
3542029,2001,62,365.0
3542029,2001,71,85.0
3542029,2001,72,265.0
3542029,2001,81,150.0
3542029,2001,91,105.0
3542037,2001,11,425.0
3542037,2001,21,0.0
3542037,2001,22,45.0
3542037,2001,23,205.0
3542037,2001,31-33,660.0
3542037,2001,41,120.0
3542037,2001,44-45,315.0
3542037,2001,48-49,125.0
3542037,2001,51,15.0
3542037,2001,52,65.0
3542037,2001,53,10.0
3542037,2001,54,130.0
3542037,2001,55,15.0
3542037,2001,56,125.0
3542037,2001,61,110.0
3542037,2001,62,380.0
3542037,2001,71,65.0
3542037,2001,72,135.0
3542037,2001,81,230.0
3542037,2001,91,80.0
3542045,2001,11,225.0
3542045,2001,21,0.0
3542045,2001,22,15.0
3542045,2001,23,340.0
3542045,2001,31-33,310.0
3542045,2001,41,110.0
3542045,2001,44-45,300.0
3542045,2001,48-49,95.0
3542045,2001,51,40.0
3542045,2001,52,110.0
3542045,2001,53,70.0
3542045,2001,54,190.0
3542045,2001,55,10.0
3542045,2001,56,235.0
3542045,2001,61,175.0
3542045,2001,62,190.0
3542045,2001,71,110.0
3542045,2001,72,325.0
3542045,2001,81,85.0
3542045,2001,91,55.0
3542047,2001,11,355.0
3542047,2001,21,15.0
3542047,2001,22,25.0
3542047,2001,23,470.0
3542047,2001,31-33,710.0
3542047,2001,41,125.0
3542047,2001,44-45,695.0
3542047,2001,48-49,185.0
3542047,2001,51,85.0
3542047,2001,52,100.0
3542047,2001,53,75.0
3542047,2001,54,165.0
3542047,2001,55,0.0
3542047,2001,56,240.0
3542047,2001,61,305.0
3542047,2001,62,665.0
3542047,2001,71,125.0
3542047,2001,72,385.0
3542047,2001,81,250.0
3542047,2001,91,330.0
3542053,2001,11,355.0
3542053,2001,21,35.0
3542053,2001,22,100.0
3542053,2001,23,515.0
3542053,2001,31-33,780.0
3542053,2001,41,160.0
3542053,2001,44-45,785.0
3542053,2001,48-49,130.0
3542053,2001,51,95.0
3542053,2001,52,145.0
3542053,2001,53,90.0
3542053,2001,54,200.0
3542053,2001,55,10.0
3542053,2001,56,175.0
3542053,2001,61,305.0
3542053,2001,62,785.0
3542053,2001,71,115.0
3542053,2001,72,260.0
3542053,2001,81,350.0
3542053,2001,91,210.0
3542059,2001,11,90.0
3542059,2001,21,20.0
3542059,2001,22,100.0
3542059,2001,23,555.0
3542059,2001,31-33,1565.0
3542059,2001,41,265.0
3542059,2001,44-45,1520.0
3542059,2001,48-49,400.0
3542059,2001,51,265.0
3542059,2001,52,255.0
3542059,2001,53,205.0
3542059,2001,54,360.0
3542059,2001,55,10.0
3542059,2001,56,320.0
3542059,2001,61,620.0
3542059,2001,62,1440.0
3542059,2001,71,170.0
3542059,2001,72,730.0
3542059,2001,81,545.0
3542059,2001,91,470.0
3543003,2001,11,295.0
3543003,2001,21,0.0
3543003,2001,22,45.0
3543003,2001,23,405.0
3543003,2001,31-33,995.0
3543003,2001,41,340.0
3543003,2001,44-45,520.0
3543003,2001,48-49,435.0
3543003,2001,51,155.0
3543003,2001,52,160.0
3543003,2001,53,80.0
3543003,2001,54,325.0
3543003,2001,55,0.0
3543003,2001,56,240.0
3543003,2001,61,250.0
3543003,2001,62,425.0
3543003,2001,71,80.0
3543003,2001,72,340.0
3543003,2001,81,230.0
3543003,2001,91,355.0
3543005,2001,11,440.0
3543005,2001,21,40.0
3543005,2001,22,40.0
3543005,2001,23,605.0
3543005,2001,31-33,1375.0
3543005,2001,41,300.0
3543005,2001,44-45,865.0
3543005,2001,48-49,330.0
3543005,2001,51,70.0
3543005,2001,52,185.0
3543005,2001,53,105.0
3543005,2001,54,350.0
3543005,2001,55,0.0
3543005,2001,56,320.0
3543005,2001,61,360.0
3543005,2001,62,635.0
3543005,2001,71,155.0
3543005,2001,72,400.0
3543005,2001,81,370.0
3543005,2001,91,400.0
3543007,2001,11,395.0
3543007,2001,21,10.0
3543007,2001,22,105.0
3543007,2001,23,990.0
3543007,2001,31-33,3330.0
3543007,2001,41,945.0
3543007,2001,44-45,1245.0
3543007,2001,48-49,1050.0
3543007,2001,51,200.0
3543007,2001,52,240.0
3543007,2001,53,245.0
3543007,2001,54,675.0
3543007,2001,55,10.0
3543007,2001,56,615.0
3543007,2001,61,675.0
3543007,2001,62,945.0
3543007,2001,71,215.0
3543007,2001,72,900.0
3543007,2001,81,655.0
3543007,2001,91,435.0
3543009,2001,11,430.0
3543009,2001,21,0.0
3543009,2001,22,95.0
3543009,2001,23,765.0
3543009,2001,31-33,1135.0
3543009,2001,41,525.0
3543009,2001,44-45,805.0
3543009,2001,48-49,375.0
3543009,2001,51,225.0
3543009,2001,52,215.0
3543009,2001,53,130.0
3543009,2001,54,375.0
3543009,2001,55,0.0
3543009,2001,56,390.0
3543009,2001,61,570.0
3543009,2001,62,920.0
3543009,2001,71,190.0
3543009,2001,72,465.0
3543009,2001,81,375.0
3543009,2001,91,460.0
3543014,2001,11,735.0
3543014,2001,21,0.0
3543014,2001,22,70.0
3543014,2001,23,1275.0
3543014,2001,31-33,2795.0
3543014,2001,41,655.0
3543014,2001,44-45,1465.0
3543014,2001,48-49,525.0
3543014,2001,51,315.0
3543014,2001,52,345.0
3543014,2001,53,175.0
3543014,2001,54,640.0
3543014,2001,55,15.0
3543014,2001,56,475.0
3543014,2001,61,605.0
3543014,2001,62,860.0
3543014,2001,71,220.0
3543014,2001,72,590.0
3543014,2001,81,550.0
3543014,2001,91,510.0
3543015,2001,11,175.0
3543015,2001,21,30.0
3543015,2001,22,40.0
3543015,2001,23,520.0
3543015,2001,31-33,850.0
3543015,2001,41,125.0
3543015,2001,44-45,630.0
3543015,2001,48-49,370.0
3543015,2001,51,75.0
3543015,2001,52,90.0
3543015,2001,53,100.0
3543015,2001,54,165.0
3543015,2001,55,0.0
3543015,2001,56,130.0
3543015,2001,61,335.0
3543015,2001,62,595.0
3543015,2001,71,335.0
3543015,2001,72,435.0
3543015,2001,81,310.0
3543015,2001,91,380.0
3543017,2001,11,320.0
3543017,2001,21,0.0
3543017,2001,22,65.0
3543017,2001,23,1580.0
3543017,2001,31-33,2735.0
3543017,2001,41,880.0
3543017,2001,44-45,1805.0
3543017,2001,48-49,1020.0
3543017,2001,51,345.0
3543017,2001,52,415.0
3543017,2001,53,215.0
3543017,2001,54,695.0
3543017,2001,55,10.0
3543017,2001,56,805.0
3543017,2001,61,530.0
3543017,2001,62,975.0
3543017,2001,71,465.0
3543017,2001,72,690.0
3543017,2001,81,785.0
3543017,2001,91,640.0
3543019,2001,11,160.0
3543019,2001,21,30.0
3543019,2001,22,30.0
3543019,2001,23,290.0
3543019,2001,31-33,460.0
3543019,2001,41,125.0
3543019,2001,44-45,585.0
3543019,2001,48-49,225.0
3543019,2001,51,45.0
3543019,2001,52,55.0
3543019,2001,53,60.0
3543019,2001,54,120.0
3543019,2001,55,0.0
3543019,2001,56,190.0
3543019,2001,61,210.0
3543019,2001,62,295.0
3543019,2001,71,450.0
3543019,2001,72,305.0
3543019,2001,81,250.0
3543019,2001,91,175.0
3543021,2001,11,300.0
3543021,2001,21,10.0
3543021,2001,22,75.0
3543021,2001,23,545.0
3543021,2001,31-33,1395.0
3543021,2001,41,445.0
3543021,2001,44-45,890.0
3543021,2001,48-49,550.0
3543021,2001,51,100.0
3543021,2001,52,125.0
3543021,2001,53,160.0
3543021,2001,54,360.0
3543021,2001,55,0.0
3543021,2001,56,400.0
3543021,2001,61,395.0
3543021,2001,62,635.0
3543021,2001,71,135.0
3543021,2001,72,585.0
3543021,2001,81,250.0
3543021,2001,91,2040.0
3543023,2001,11,440.0
3543023,2001,21,30.0
3543023,2001,22,85.0
3543023,2001,23,895.0
3543023,2001,31-33,1190.0
3543023,2001,41,345.0
3543023,2001,44-45,1215.0
3543023,2001,48-49,505.0
3543023,2001,51,160.0
3543023,2001,52,280.0
3543023,2001,53,120.0
3543023,2001,54,470.0
3543023,2001,55,10.0
3543023,2001,56,405.0
3543023,2001,61,760.0
3543023,2001,62,1045.0
3543023,2001,71,460.0
3543023,2001,72,485.0
3543023,2001,81,510.0
3543023,2001,91,655.0
3543031,2001,11,50.0
3543031,2001,21,0.0
3543031,2001,22,40.0
3543031,2001,23,625.0
3543031,2001,31-33,1620.0
3543031,2001,41,275.0
3543031,2001,44-45,1065.0
3543031,2001,48-49,230.0
3543031,2001,51,135.0
3543031,2001,52,190.0
3543031,2001,53,190.0
3543031,2001,54,265.0
3543031,2001,55,0.0
3543031,2001,56,320.0
3543031,2001,61,400.0
3543031,2001,62,780.0
3543031,2001,71,190.0
3543031,2001,72,930.0
3543031,2001,81,340.0
3543031,2001,91,250.0
3543042,2001,11,160.0
3543042,2001,21,40.0
3543042,2001,22,295.0
3543042,2001,23,3945.0
3543042,2001,31-33,9205.0
3543042,2001,41,3155.0
3543042,2001,44-45,7945.0
3543042,2001,48-49,2715.0
3543042,2001,51,1405.0
3543042,2001,52,1725.0
3543042,2001,53,1115.0
3543042,2001,54,2845.0
3543042,2001,55,10.0
3543042,2001,56,2630.0
3543042,2001,61,3175.0
3543042,2001,62,4950.0
3543042,2001,71,1160.0
3543042,2001,72,4155.0
3543042,2001,81,2375.0
3543042,2001,91,2880.0
3543050,2001,11,0.0
3543050,2001,21,0.0
3543050,2001,22,0.0
3543050,2001,23,50.0
3543050,2001,31-33,10.0
3543050,2001,41,0.0
3543050,2001,44-45,10.0
3543050,2001,48-49,10.0
3543050,2001,51,0.0
3543050,2001,52,0.0
3543050,2001,53,0.0
3543050,2001,54,0.0
3543050,2001,55,0.0
3543050,2001,56,20.0
3543050,2001,61,10.0
3543050,2001,62,25.0
3543050,2001,71,65.0
3543050,2001,72,10.0
3543050,2001,81,10.0
3543050,2001,91,90.0
3543052,2001,11,40.0
3543052,2001,21,45.0
3543052,2001,22,50.0
3543052,2001,23,820.0
3543052,2001,31-33,1550.0
3543052,2001,41,450.0
3543052,2001,44-45,2040.0
3543052,2001,48-49,395.0
3543052,2001,51,155.0
3543052,2001,52,330.0
3543052,2001,53,285.0
3543052,2001,54,360.0
3543052,2001,55,10.0
3543052,2001,56,420.0
3543052,2001,61,750.0
3543052,2001,62,1855.0
3543052,2001,71,1455.0
3543052,2001,72,1325.0
3543052,2001,81,680.0
3543052,2001,91,940.0
3543064,2001,11,35.0
3543064,2001,21,0.0
3543064,2001,22,25.0
3543064,2001,23,695.0
3543064,2001,31-33,935.0
3543064,2001,41,275.0
3543064,2001,44-45,710.0
3543064,2001,48-49,235.0
3543064,2001,51,60.0
3543064,2001,52,160.0
3543064,2001,53,150.0
3543064,2001,54,255.0
3543064,2001,55,0.0
3543064,2001,56,275.0
3543064,2001,61,245.0
3543064,2001,62,380.0
3543064,2001,71,165.0
3543064,2001,72,465.0
3543064,2001,81,225.0
3543064,2001,91,250.0
3543068,2001,11,175.0
3543068,2001,21,20.0
3543068,2001,22,40.0
3543068,2001,23,450.0
3543068,2001,31-33,820.0
3543068,2001,41,95.0
3543068,2001,44-45,450.0
3543068,2001,48-49,165.0
3543068,2001,51,85.0
3543068,2001,52,105.0
3543068,2001,53,95.0
3543068,2001,54,170.0
3543068,2001,55,0.0
3543068,2001,56,205.0
3543068,2001,61,260.0
3543068,2001,62,550.0
3543068,2001,71,135.0
3543068,2001,72,245.0
3543068,2001,81,250.0
3543068,2001,91,175.0
3543069,2001,11,0.0
3543069,2001,21,0.0
3543069,2001,22,10.0
3543069,2001,23,25.0
3543069,2001,31-33,0.0
3543069,2001,41,0.0
3543069,2001,44-45,10.0
3543069,2001,48-49,15.0
3543069,2001,51,10.0
3543069,2001,52,0.0
3543069,2001,53,0.0
3543069,2001,54,0.0
3543069,2001,55,0.0
3543069,2001,56,10.0
3543069,2001,61,15.0
3543069,2001,62,35.0
3543069,2001,71,10.0
3543069,2001,72,10.0
3543069,2001,81,0.0
3543069,2001,91,30.0
3543071,2001,11,165.0
3543071,2001,21,0.0
3543071,2001,22,55.0
3543071,2001,23,300.0
3543071,2001,31-33,1220.0
3543071,2001,41,60.0
3543071,2001,44-45,535.0
3543071,2001,48-49,175.0
3543071,2001,51,55.0
3543071,2001,52,85.0
3543071,2001,53,50.0
3543071,2001,54,105.0
3543071,2001,55,0.0
3543071,2001,56,135.0
3543071,2001,61,145.0
3543071,2001,62,460.0
3543071,2001,71,110.0
3543071,2001,72,270.0
3543071,2001,81,225.0
3543071,2001,91,150.0
3543072,2001,11,10.0
3543072,2001,21,10.0
3543072,2001,22,0.0
3543072,2001,23,315.0
3543072,2001,31-33,1065.0
3543072,2001,41,60.0
3543072,2001,44-45,515.0
3543072,2001,48-49,125.0
3543072,2001,51,20.0
3543072,2001,52,110.0
3543072,2001,53,40.0
3543072,2001,54,85.0
3543072,2001,55,0.0
3543072,2001,56,115.0
3543072,2001,61,220.0
3543072,2001,62,570.0
3543072,2001,71,110.0
3543072,2001,72,195.0
3543072,2001,81,180.0
3543072,2001,91,215.0
3543074,2001,11,45.0
3543074,2001,21,25.0
3543074,2001,22,70.0
3543074,2001,23,335.0
3543074,2001,31-33,2035.0
3543074,2001,41,115.0
3543074,2001,44-45,960.0
3543074,2001,48-49,260.0
3543074,2001,51,85.0
3543074,2001,52,140.0
3543074,2001,53,100.0
3543074,2001,54,235.0
3543074,2001,55,0.0
3543074,2001,56,200.0
3543074,2001,61,410.0
3543074,2001,62,905.0
3543074,2001,71,225.0
3543074,2001,72,615.0
3543074,2001,81,335.0
3543074,2001,91,270.0
3544002,2001,11,25.0
3544002,2001,21,0.0
3544002,2001,22,50.0
3544002,2001,23,640.0
3544002,2001,31-33,580.0
3544002,2001,41,125.0
3544002,2001,44-45,595.0
3544002,2001,48-49,215.0
3544002,2001,51,60.0
3544002,2001,52,60.0
3544002,2001,53,85.0
3544002,2001,54,175.0
3544002,2001,55,0.0
3544002,2001,56,240.0
3544002,2001,61,285.0
3544002,2001,62,375.0
3544002,2001,71,140.0
3544002,2001,72,675.0
3544002,2001,81,245.0
3544002,2001,91,240.0
3544018,2001,11,95.0
3544018,2001,21,10.0
3544018,2001,22,90.0
3544018,2001,23,870.0
3544018,2001,31-33,870.0
3544018,2001,41,145.0
3544018,2001,44-45,910.0
3544018,2001,48-49,315.0
3544018,2001,51,120.0
3544018,2001,52,125.0
3544018,2001,53,120.0
3544018,2001,54,255.0
3544018,2001,55,0.0
3544018,2001,56,280.0
3544018,2001,61,460.0
3544018,2001,62,865.0
3544018,2001,71,280.0
3544018,2001,72,670.0
3544018,2001,81,320.0
3544018,2001,91,450.0
3544027,2001,11,10.0
3544027,2001,21,25.0
3544027,2001,22,40.0
3544027,2001,23,195.0
3544027,2001,31-33,115.0
3544027,2001,41,20.0
3544027,2001,44-45,185.0
3544027,2001,48-49,35.0
3544027,2001,51,10.0
3544027,2001,52,25.0
3544027,2001,53,30.0
3544027,2001,54,55.0
3544027,2001,55,0.0
3544027,2001,56,60.0
3544027,2001,61,80.0
3544027,2001,62,115.0
3544027,2001,71,75.0
3544027,2001,72,170.0
3544027,2001,81,60.0
3544027,2001,91,40.0
3544042,2001,11,140.0
3544042,2001,21,45.0
3544042,2001,22,40.0
3544042,2001,23,920.0
3544042,2001,31-33,1130.0
3544042,2001,41,195.0
3544042,2001,44-45,1285.0
3544042,2001,48-49,350.0
3544042,2001,51,120.0
3544042,2001,52,220.0
3544042,2001,53,175.0
3544042,2001,54,280.0
3544042,2001,55,0.0
3544042,2001,56,345.0
3544042,2001,61,525.0
3544042,2001,62,785.0
3544042,2001,71,270.0
3544042,2001,72,1205.0
3544042,2001,81,435.0
3544042,2001,91,385.0
3544053,2001,11,40.0
3544053,2001,21,0.0
3544053,2001,22,0.0
3544053,2001,23,515.0
3544053,2001,31-33,290.0
3544053,2001,41,40.0
3544053,2001,44-45,425.0
3544053,2001,48-49,105.0
3544053,2001,51,30.0
3544053,2001,52,50.0
3544053,2001,53,75.0
3544053,2001,54,65.0
3544053,2001,55,0.0
3544053,2001,56,165.0
3544053,2001,61,90.0
3544053,2001,62,265.0
3544053,2001,71,150.0
3544053,2001,72,490.0
3544053,2001,81,145.0
3544053,2001,91,115.0
3544065,2001,11,0.0
3544065,2001,21,0.0
3544065,2001,22,0.0
3544065,2001,23,160.0
3544065,2001,31-33,45.0
3544065,2001,41,15.0
3544065,2001,44-45,120.0
3544065,2001,48-49,50.0
3544065,2001,51,25.0
3544065,2001,52,30.0
3544065,2001,53,40.0
3544065,2001,54,10.0
3544065,2001,55,0.0
3544065,2001,56,25.0
3544065,2001,61,25.0
3544065,2001,62,60.0
3544065,2001,71,85.0
3544065,2001,72,45.0
3544065,2001,81,35.0
3544065,2001,91,10.0
3544073,2001,11,0.0
3544073,2001,21,0.0
3544073,2001,22,0.0
3544073,2001,23,20.0
3544073,2001,31-33,0.0
3544073,2001,41,0.0
3544073,2001,44-45,0.0
3544073,2001,48-49,0.0
3544073,2001,51,0.0
3544073,2001,52,0.0
3544073,2001,53,0.0
3544073,2001,54,0.0
3544073,2001,55,0.0
3544073,2001,56,10.0
3544073,2001,61,0.0
3544073,2001,62,0.0
3544073,2001,71,15.0
3544073,2001,72,0.0
3544073,2001,81,10.0
3544073,2001,91,10.0
3546005,2001,11,25.0
3546005,2001,21,0.0
3546005,2001,22,10.0
3546005,2001,23,160.0
3546005,2001,31-33,135.0
3546005,2001,41,55.0
3546005,2001,44-45,165.0
3546005,2001,48-49,70.0
3546005,2001,51,15.0
3546005,2001,52,10.0
3546005,2001,53,55.0
3546005,2001,54,15.0
3546005,2001,55,0.0
3546005,2001,56,50.0
3546005,2001,61,35.0
3546005,2001,62,95.0
3546005,2001,71,30.0
3546005,2001,72,115.0
3546005,2001,81,45.0
3546005,2001,91,65.0
3546015,2001,11,35.0
3546015,2001,21,10.0
3546015,2001,22,15.0
3546015,2001,23,430.0
3546015,2001,31-33,115.0
3546015,2001,41,40.0
3546015,2001,44-45,380.0
3546015,2001,48-49,60.0
3546015,2001,51,60.0
3546015,2001,52,75.0
3546015,2001,53,50.0
3546015,2001,54,65.0
3546015,2001,55,0.0
3546015,2001,56,120.0
3546015,2001,61,110.0
3546015,2001,62,270.0
3546015,2001,71,75.0
3546015,2001,72,185.0
3546015,2001,81,55.0
3546015,2001,91,165.0
3546018,2001,11,50.0
3546018,2001,21,0.0
3546018,2001,22,0.0
3546018,2001,23,150.0
3546018,2001,31-33,15.0
3546018,2001,41,0.0
3546018,2001,44-45,100.0
3546018,2001,48-49,25.0
3546018,2001,51,10.0
3546018,2001,52,20.0
3546018,2001,53,25.0
3546018,2001,54,10.0
3546018,2001,55,0.0
3546018,2001,56,50.0
3546018,2001,61,30.0
3546018,2001,62,45.0
3546018,2001,71,25.0
3546018,2001,72,230.0
3546018,2001,81,10.0
3546018,2001,91,30.0
3546024,2001,11,60.0
3546024,2001,21,0.0
3546024,2001,22,10.0
3546024,2001,23,275.0
3546024,2001,31-33,50.0
3546024,2001,41,45.0
3546024,2001,44-45,345.0
3546024,2001,48-49,75.0
3546024,2001,51,35.0
3546024,2001,52,40.0
3546024,2001,53,35.0
3546024,2001,54,80.0
3546024,2001,55,0.0
3546024,2001,56,55.0
3546024,2001,61,175.0
3546024,2001,62,245.0
3546024,2001,71,60.0
3546024,2001,72,220.0
3546024,2001,81,125.0
3546024,2001,91,70.0
3547002,2001,11,20.0
3547002,2001,21,0.0
3547002,2001,22,30.0
3547002,2001,23,260.0
3547002,2001,31-33,885.0
3547002,2001,41,135.0
3547002,2001,44-45,365.0
3547002,2001,48-49,65.0
3547002,2001,51,60.0
3547002,2001,52,110.0
3547002,2001,53,25.0
3547002,2001,54,160.0
3547002,2001,55,0.0
3547002,2001,56,105.0
3547002,2001,61,195.0
3547002,2001,62,340.0
3547002,2001,71,40.0
3547002,2001,72,300.0
3547002,2001,81,140.0
3547002,2001,91,210.0
3547003,2001,11,95.0
3547003,2001,21,10.0
3547003,2001,22,75.0
3547003,2001,23,280.0
3547003,2001,31-33,1130.0
3547003,2001,41,120.0
3547003,2001,44-45,400.0
3547003,2001,48-49,155.0
3547003,2001,51,90.0
3547003,2001,52,55.0
3547003,2001,53,60.0
3547003,2001,54,175.0
3547003,2001,55,0.0
3547003,2001,56,85.0
3547003,2001,61,220.0
3547003,2001,62,270.0
3547003,2001,71,60.0
3547003,2001,72,170.0
3547003,2001,81,130.0
3547003,2001,91,170.0
3547008,2001,11,35.0
3547008,2001,21,0.0
3547008,2001,22,0.0
3547008,2001,23,160.0
3547008,2001,31-33,175.0
3547008,2001,41,30.0
3547008,2001,44-45,130.0
3547008,2001,48-49,40.0
3547008,2001,51,15.0
3547008,2001,52,30.0
3547008,2001,53,20.0
3547008,2001,54,30.0
3547008,2001,55,0.0
3547008,2001,56,105.0
3547008,2001,61,70.0
3547008,2001,62,120.0
3547008,2001,71,30.0
3547008,2001,72,95.0
3547008,2001,81,50.0
3547008,2001,91,35.0
3547020,2001,11,145.0
3547020,2001,21,0.0
3547020,2001,22,0.0
3547020,2001,23,65.0
3547020,2001,31-33,170.0
3547020,2001,41,10.0
3547020,2001,44-45,25.0
3547020,2001,48-49,50.0
3547020,2001,51,10.0
3547020,2001,52,15.0
3547020,2001,53,0.0
3547020,2001,54,0.0
3547020,2001,55,0.0
3547020,2001,56,0.0
3547020,2001,61,35.0
3547020,2001,62,70.0
3547020,2001,71,0.0
3547020,2001,72,30.0
3547020,2001,81,20.0
3547020,2001,91,0.0
3547030,2001,11,120.0
3547030,2001,21,10.0
3547030,2001,22,15.0
3547030,2001,23,225.0
3547030,2001,31-33,385.0
3547030,2001,41,45.0
3547030,2001,44-45,205.0
3547030,2001,48-49,40.0
3547030,2001,51,35.0
3547030,2001,52,50.0
3547030,2001,53,0.0
3547030,2001,54,40.0
3547030,2001,55,0.0
3547030,2001,56,40.0
3547030,2001,61,135.0
3547030,2001,62,265.0
3547030,2001,71,25.0
3547030,2001,72,165.0
3547030,2001,81,90.0
3547030,2001,91,50.0
3547033,2001,11,105.0
3547033,2001,21,0.0
3547033,2001,22,0.0
3547033,2001,23,135.0
3547033,2001,31-33,200.0
3547033,2001,41,10.0
3547033,2001,44-45,175.0
3547033,2001,48-49,10.0
3547033,2001,51,0.0
3547033,2001,52,50.0
3547033,2001,53,0.0
3547033,2001,54,45.0
3547033,2001,55,0.0
3547033,2001,56,20.0
3547033,2001,61,80.0
3547033,2001,62,110.0
3547033,2001,71,20.0
3547033,2001,72,95.0
3547033,2001,81,45.0
3547033,2001,91,40.0
3547035,2001,11,250.0
3547035,2001,21,20.0
3547035,2001,22,0.0
3547035,2001,23,150.0
3547035,2001,31-33,250.0
3547035,2001,41,35.0
3547035,2001,44-45,260.0
3547035,2001,48-49,55.0
3547035,2001,51,30.0
3547035,2001,52,30.0
3547035,2001,53,0.0
3547035,2001,54,60.0
3547035,2001,55,0.0
3547035,2001,56,65.0
3547035,2001,61,95.0
3547035,2001,62,145.0
3547035,2001,71,25.0
3547035,2001,72,95.0
3547035,2001,81,95.0
3547035,2001,91,60.0
3547037,2001,11,10.0
3547037,2001,21,0.0
3547037,2001,22,0.0
3547037,2001,23,10.0
3547037,2001,31-33,30.0
3547037,2001,41,0.0
3547037,2001,44-45,10.0
3547037,2001,48-49,10.0
3547037,2001,51,0.0
3547037,2001,52,0.0
3547037,2001,53,0.0
3547037,2001,54,0.0
3547037,2001,55,0.0
3547037,2001,56,0.0
3547037,2001,61,10.0
3547037,2001,62,15.0
3547037,2001,71,0.0
3547037,2001,72,10.0
3547037,2001,81,10.0
3547037,2001,91,85.0
3547043,2001,11,280.0
3547043,2001,21,0.0
3547043,2001,22,25.0
3547043,2001,23,110.0
3547043,2001,31-33,330.0
3547043,2001,41,10.0
3547043,2001,44-45,165.0
3547043,2001,48-49,35.0
3547043,2001,51,45.0
3547043,2001,52,50.0
3547043,2001,53,10.0
3547043,2001,54,45.0
3547043,2001,55,0.0
3547043,2001,56,60.0
3547043,2001,61,100.0
3547043,2001,62,175.0
3547043,2001,71,10.0
3547043,2001,72,55.0
3547043,2001,81,90.0
3547043,2001,91,65.0
3547046,2001,11,100.0
3547046,2001,21,0.0
3547046,2001,22,35.0
3547046,2001,23,125.0
3547046,2001,31-33,370.0
3547046,2001,41,45.0
3547046,2001,44-45,160.0
3547046,2001,48-49,25.0
3547046,2001,51,25.0
3547046,2001,52,40.0
3547046,2001,53,25.0
3547046,2001,54,55.0
3547046,2001,55,0.0
3547046,2001,56,20.0
3547046,2001,61,45.0
3547046,2001,62,200.0
3547046,2001,71,10.0
3547046,2001,72,175.0
3547046,2001,81,80.0
3547046,2001,91,110.0
3547048,2001,11,25.0
3547048,2001,21,25.0
3547048,2001,22,50.0
3547048,2001,23,175.0
3547048,2001,31-33,930.0
3547048,2001,41,60.0
3547048,2001,44-45,460.0
3547048,2001,48-49,60.0
3547048,2001,51,110.0
3547048,2001,52,45.0
3547048,2001,53,40.0
3547048,2001,54,95.0
3547048,2001,55,0.0
3547048,2001,56,100.0
3547048,2001,61,200.0
3547048,2001,62,460.0
3547048,2001,71,35.0
3547048,2001,72,180.0
3547048,2001,81,145.0
3547048,2001,91,175.0
3547056,2001,11,455.0
3547056,2001,21,0.0
3547056,2001,22,45.0
3547056,2001,23,255.0
3547056,2001,31-33,465.0
3547056,2001,41,180.0
3547056,2001,44-45,315.0
3547056,2001,48-49,95.0
3547056,2001,51,35.0
3547056,2001,52,40.0
3547056,2001,53,0.0
3547056,2001,54,150.0
3547056,2001,55,0.0
3547056,2001,56,130.0
3547056,2001,61,135.0
3547056,2001,62,340.0
3547056,2001,71,90.0
3547056,2001,72,215.0
3547056,2001,81,225.0
3547056,2001,91,185.0
3547064,2001,11,35.0
3547064,2001,21,0.0
3547064,2001,22,90.0
3547064,2001,23,355.0
3547064,2001,31-33,500.0
3547064,2001,41,145.0
3547064,2001,44-45,800.0
3547064,2001,48-49,150.0
3547064,2001,51,90.0
3547064,2001,52,130.0
3547064,2001,53,100.0
3547064,2001,54,340.0
3547064,2001,55,0.0
3547064,2001,56,225.0
3547064,2001,61,440.0
3547064,2001,62,775.0
3547064,2001,71,45.0
3547064,2001,72,465.0
3547064,2001,81,345.0
3547064,2001,91,475.0
3547070,2001,11,190.0
3547070,2001,21,0.0
3547070,2001,22,10.0
3547070,2001,23,115.0
3547070,2001,31-33,170.0
3547070,2001,41,30.0
3547070,2001,44-45,135.0
3547070,2001,48-49,55.0
3547070,2001,51,10.0
3547070,2001,52,15.0
3547070,2001,53,0.0
3547070,2001,54,80.0
3547070,2001,55,0.0
3547070,2001,56,45.0
3547070,2001,61,70.0
3547070,2001,62,215.0
3547070,2001,71,10.0
3547070,2001,72,125.0
3547070,2001,81,110.0
3547070,2001,91,50.0
3547075,2001,11,245.0
3547075,2001,21,10.0
3547075,2001,22,75.0
3547075,2001,23,390.0
3547075,2001,31-33,560.0
3547075,2001,41,115.0
3547075,2001,44-45,550.0
3547075,2001,48-49,150.0
3547075,2001,51,70.0
3547075,2001,52,85.0
3547075,2001,53,25.0
3547075,2001,54,305.0
3547075,2001,55,0.0
3547075,2001,56,125.0
3547075,2001,61,315.0
3547075,2001,62,490.0
3547075,2001,71,80.0
3547075,2001,72,225.0
3547075,2001,81,250.0
3547075,2001,91,440.0
3547076,2001,11,95.0
3547076,2001,21,0.0
3547076,2001,22,25.0
3547076,2001,23,235.0
3547076,2001,31-33,310.0
3547076,2001,41,60.0
3547076,2001,44-45,770.0
3547076,2001,48-49,185.0
3547076,2001,51,40.0
3547076,2001,52,115.0
3547076,2001,53,45.0
3547076,2001,54,315.0
3547076,2001,55,0.0
3547076,2001,56,130.0
3547076,2001,61,355.0
3547076,2001,62,630.0
3547076,2001,71,80.0
3547076,2001,72,355.0
3547076,2001,81,265.0
3547076,2001,91,3485.0
3547090,2001,11,30.0
3547090,2001,21,0.0
3547090,2001,22,40.0
3547090,2001,23,25.0
3547090,2001,31-33,80.0
3547090,2001,41,15.0
3547090,2001,44-45,190.0
3547090,2001,48-49,65.0
3547090,2001,51,10.0
3547090,2001,52,10.0
3547090,2001,53,0.0
3547090,2001,54,390.0
3547090,2001,55,0.0
3547090,2001,56,55.0
3547090,2001,61,45.0
3547090,2001,62,90.0
3547090,2001,71,0.0
3547090,2001,72,95.0
3547090,2001,81,75.0
3547090,2001,91,210.0
3547096,2001,11,35.0
3547096,2001,21,15.0
3547096,2001,22,30.0
3547096,2001,23,45.0
3547096,2001,31-33,45.0
3547096,2001,41,10.0
3547096,2001,44-45,165.0
3547096,2001,48-49,15.0
3547096,2001,51,40.0
3547096,2001,52,35.0
3547096,2001,53,0.0
3547096,2001,54,630.0
3547096,2001,55,0.0
3547096,2001,56,55.0
3547096,2001,61,165.0
3547096,2001,62,145.0
3547096,2001,71,25.0
3547096,2001,72,115.0
3547096,2001,81,20.0
3547096,2001,91,195.0
3547098,2001,11,10.0
3547098,2001,21,0.0
3547098,2001,22,0.0
3547098,2001,23,25.0
3547098,2001,31-33,15.0
3547098,2001,41,0.0
3547098,2001,44-45,20.0
3547098,2001,48-49,20.0
3547098,2001,51,0.0
3547098,2001,52,0.0
3547098,2001,53,0.0
3547098,2001,54,10.0
3547098,2001,55,0.0
3547098,2001,56,10.0
3547098,2001,61,0.0
3547098,2001,62,10.0
3547098,2001,71,20.0
3547098,2001,72,15.0
3547098,2001,81,0.0
3547098,2001,91,10.0
3548001,2001,11,45.0
3548001,2001,21,0.0
3548001,2001,22,0.0
3548001,2001,23,95.0
3548001,2001,31-33,105.0
3548001,2001,41,0.0
3548001,2001,44-45,45.0
3548001,2001,48-49,45.0
3548001,2001,51,10.0
3548001,2001,52,10.0
3548001,2001,53,0.0
3548001,2001,54,0.0
3548001,2001,55,0.0
3548001,2001,56,15.0
3548001,2001,61,10.0
3548001,2001,62,15.0
3548001,2001,71,0.0
3548001,2001,72,170.0
3548001,2001,81,10.0
3548001,2001,91,40.0
3548013,2001,11,30.0
3548013,2001,21,10.0
3548013,2001,22,0.0
3548013,2001,23,65.0
3548013,2001,31-33,85.0
3548013,2001,41,0.0
3548013,2001,44-45,35.0
3548013,2001,48-49,30.0
3548013,2001,51,0.0
3548013,2001,52,10.0
3548013,2001,53,0.0
3548013,2001,54,0.0
3548013,2001,55,0.0
3548013,2001,56,15.0
3548013,2001,61,30.0
3548013,2001,62,70.0
3548013,2001,71,10.0
3548013,2001,72,35.0
3548013,2001,81,40.0
3548013,2001,91,10.0
3548019,2001,11,0.0
3548019,2001,21,10.0
3548019,2001,22,0.0
3548019,2001,23,0.0
3548019,2001,31-33,25.0
3548019,2001,41,0.0
3548019,2001,44-45,0.0
3548019,2001,48-49,0.0
3548019,2001,51,0.0
3548019,2001,52,10.0
3548019,2001,53,0.0
3548019,2001,54,0.0
3548019,2001,55,0.0
3548019,2001,56,10.0
3548019,2001,61,0.0
3548019,2001,62,25.0
3548019,2001,71,0.0
3548019,2001,72,0.0
3548019,2001,81,0.0
3548019,2001,91,10.0
3548021,2001,11,30.0
3548021,2001,21,0.0
3548021,2001,22,15.0
3548021,2001,23,10.0
3548021,2001,31-33,180.0
3548021,2001,41,10.0
3548021,2001,44-45,95.0
3548021,2001,48-49,95.0
3548021,2001,51,0.0
3548021,2001,52,20.0
3548021,2001,53,0.0
3548021,2001,54,10.0
3548021,2001,55,0.0
3548021,2001,56,30.0
3548021,2001,61,75.0
3548021,2001,62,130.0
3548021,2001,71,10.0
3548021,2001,72,55.0
3548021,2001,81,50.0
3548021,2001,91,30.0
3548022,2001,11,55.0
3548022,2001,21,0.0
3548022,2001,22,0.0
3548022,2001,23,25.0
3548022,2001,31-33,40.0
3548022,2001,41,0.0
3548022,2001,44-45,10.0
3548022,2001,48-49,50.0
3548022,2001,51,0.0
3548022,2001,52,0.0
3548022,2001,53,0.0
3548022,2001,54,25.0
3548022,2001,55,0.0
3548022,2001,56,10.0
3548022,2001,61,15.0
3548022,2001,62,35.0
3548022,2001,71,0.0
3548022,2001,72,10.0
3548022,2001,81,25.0
3548022,2001,91,30.0
3548027,2001,11,45.0
3548027,2001,21,20.0
3548027,2001,22,30.0
3548027,2001,23,100.0
3548027,2001,31-33,95.0
3548027,2001,41,30.0
3548027,2001,44-45,95.0
3548027,2001,48-49,90.0
3548027,2001,51,10.0
3548027,2001,52,35.0
3548027,2001,53,15.0
3548027,2001,54,65.0
3548027,2001,55,0.0
3548027,2001,56,35.0
3548027,2001,61,50.0
3548027,2001,62,95.0
3548027,2001,71,0.0
3548027,2001,72,75.0
3548027,2001,81,55.0
3548027,2001,91,30.0
3548031,2001,11,45.0
3548031,2001,21,0.0
3548031,2001,22,10.0
3548031,2001,23,95.0
3548031,2001,31-33,60.0
3548031,2001,41,10.0
3548031,2001,44-45,40.0
3548031,2001,48-49,55.0
3548031,2001,51,0.0
3548031,2001,52,0.0
3548031,2001,53,0.0
3548031,2001,54,10.0
3548031,2001,55,0.0
3548031,2001,56,35.0
3548031,2001,61,10.0
3548031,2001,62,100.0
3548031,2001,71,25.0
3548031,2001,72,65.0
3548031,2001,81,25.0
3548031,2001,91,20.0
3548034,2001,11,15.0
3548034,2001,21,35.0
3548034,2001,22,65.0
3548034,2001,23,220.0
3548034,2001,31-33,190.0
3548034,2001,41,35.0
3548034,2001,44-45,360.0
3548034,2001,48-49,210.0
3548034,2001,51,30.0
3548034,2001,52,55.0
3548034,2001,53,30.0
3548034,2001,54,145.0
3548034,2001,55,0.0
3548034,2001,56,75.0
3548034,2001,61,115.0
3548034,2001,62,315.0
3548034,2001,71,25.0
3548034,2001,72,140.0
3548034,2001,81,50.0
3548034,2001,91,185.0
3548044,2001,11,150.0
3548044,2001,21,170.0
3548044,2001,22,250.0
3548044,2001,23,1250.0
3548044,2001,31-33,1775.0
3548044,2001,41,700.0
3548044,2001,44-45,3970.0
3548044,2001,48-49,1670.0
3548044,2001,51,550.0
3548044,2001,52,915.0
3548044,2001,53,440.0
3548044,2001,54,985.0
3548044,2001,55,55.0
3548044,2001,56,1050.0
3548044,2001,61,2355.0
3548044,2001,62,3170.0
3548044,2001,71,395.0
3548044,2001,72,2095.0
3548044,2001,81,1125.0
3548044,2001,91,2290.0
3548055,2001,11,305.0
3548055,2001,21,80.0
3548055,2001,22,65.0
3548055,2001,23,520.0
3548055,2001,31-33,475.0
3548055,2001,41,175.0
3548055,2001,44-45,705.0
3548055,2001,48-49,250.0
3548055,2001,51,35.0
3548055,2001,52,155.0
3548055,2001,53,50.0
3548055,2001,54,120.0
3548055,2001,55,10.0
3548055,2001,56,120.0
3548055,2001,61,370.0
3548055,2001,62,715.0
3548055,2001,71,70.0
3548055,2001,72,450.0
3548055,2001,81,220.0
3548055,2001,91,455.0
3548069,2001,11,0.0
3548069,2001,21,10.0
3548069,2001,22,0.0
3548069,2001,23,70.0
3548069,2001,31-33,15.0
3548069,2001,41,0.0
3548069,2001,44-45,90.0
3548069,2001,48-49,15.0
3548069,2001,51,10.0
3548069,2001,52,20.0
3548069,2001,53,0.0
3548069,2001,54,15.0
3548069,2001,55,0.0
3548069,2001,56,10.0
3548069,2001,61,10.0
3548069,2001,62,20.0
3548069,2001,71,25.0
3548069,2001,72,115.0
3548069,2001,81,25.0
3548069,2001,91,60.0
3548073,2001,11,10.0
3548073,2001,21,10.0
3548073,2001,22,10.0
3548073,2001,23,55.0
3548073,2001,31-33,45.0
3548073,2001,41,0.0
3548073,2001,44-45,35.0
3548073,2001,48-49,20.0
3548073,2001,51,0.0
3548073,2001,52,10.0
3548073,2001,53,10.0
3548073,2001,54,20.0
3548073,2001,55,0.0
3548073,2001,56,35.0
3548073,2001,61,45.0
3548073,2001,62,95.0
3548073,2001,71,25.0
3548073,2001,72,40.0
3548073,2001,81,10.0
3548073,2001,91,125.0
3548091,2001,11,0.0
3548091,2001,21,0.0
3548091,2001,22,0.0
3548091,2001,23,0.0
3548091,2001,31-33,10.0
3548091,2001,41,0.0
3548091,2001,44-45,0.0
3548091,2001,48-49,0.0
3548091,2001,51,0.0
3548091,2001,52,0.0
3548091,2001,53,0.0
3548091,2001,54,0.0
3548091,2001,55,0.0
3548091,2001,56,0.0
3548091,2001,61,0.0
3548091,2001,62,10.0
3548091,2001,71,0.0
3548091,2001,72,0.0
3548091,2001,81,0.0
3548091,2001,91,0.0
3548094,2001,11,15.0
3548094,2001,21,0.0
3548094,2001,22,0.0
3548094,2001,23,40.0
3548094,2001,31-33,200.0
3548094,2001,41,45.0
3548094,2001,44-45,80.0
3548094,2001,48-49,55.0
3548094,2001,51,10.0
3548094,2001,52,0.0
3548094,2001,53,25.0
3548094,2001,54,15.0
3548094,2001,55,0.0
3548094,2001,56,20.0
3548094,2001,61,75.0
3548094,2001,62,85.0
3548094,2001,71,35.0
3548094,2001,72,55.0
3548094,2001,81,25.0
3548094,2001,91,65.0
3549003,2001,11,55.0
3549003,2001,21,10.0
3549003,2001,22,10.0
3549003,2001,23,330.0
3549003,2001,31-33,160.0
3549003,2001,41,25.0
3549003,2001,44-45,380.0
3549003,2001,48-49,105.0
3549003,2001,51,15.0
3549003,2001,52,20.0
3549003,2001,53,55.0
3549003,2001,54,25.0
3549003,2001,55,0.0
3549003,2001,56,70.0
3549003,2001,61,90.0
3549003,2001,62,120.0
3549003,2001,71,105.0
3549003,2001,72,250.0
3549003,2001,81,55.0
3549003,2001,91,60.0
3549005,2001,11,0.0
3549005,2001,21,0.0
3549005,2001,22,0.0
3549005,2001,23,55.0
3549005,2001,31-33,0.0
3549005,2001,41,0.0
3549005,2001,44-45,20.0
3549005,2001,48-49,10.0
3549005,2001,51,10.0
3549005,2001,52,0.0
3549005,2001,53,10.0
3549005,2001,54,0.0
3549005,2001,55,0.0
3549005,2001,56,0.0
3549005,2001,61,0.0
3549005,2001,62,10.0
3549005,2001,71,20.0
3549005,2001,72,65.0
3549005,2001,81,10.0
3549005,2001,91,0.0
3549012,2001,11,10.0
3549012,2001,21,0.0
3549012,2001,22,0.0
3549012,2001,23,50.0
3549012,2001,31-33,90.0
3549012,2001,41,15.0
3549012,2001,44-45,15.0
3549012,2001,48-49,30.0
3549012,2001,51,10.0
3549012,2001,52,0.0
3549012,2001,53,0.0
3549012,2001,54,10.0
3549012,2001,55,0.0
3549012,2001,56,10.0
3549012,2001,61,20.0
3549012,2001,62,30.0
3549012,2001,71,10.0
3549012,2001,72,35.0
3549012,2001,81,10.0
3549012,2001,91,20.0
3549014,2001,11,35.0
3549014,2001,21,15.0
3549014,2001,22,0.0
3549014,2001,23,120.0
3549014,2001,31-33,185.0
3549014,2001,41,65.0
3549014,2001,44-45,170.0
3549014,2001,48-49,25.0
3549014,2001,51,10.0
3549014,2001,52,10.0
3549014,2001,53,25.0
3549014,2001,54,35.0
3549014,2001,55,0.0
3549014,2001,56,10.0
3549014,2001,61,30.0
3549014,2001,62,105.0
3549014,2001,71,25.0
3549014,2001,72,150.0
3549014,2001,81,45.0
3549014,2001,91,30.0
3549018,2001,11,0.0
3549018,2001,21,0.0
3549018,2001,22,0.0
3549018,2001,23,25.0
3549018,2001,31-33,45.0
3549018,2001,41,15.0
3549018,2001,44-45,20.0
3549018,2001,48-49,0.0
3549018,2001,51,0.0
3549018,2001,52,0.0
3549018,2001,53,10.0
3549018,2001,54,10.0
3549018,2001,55,0.0
3549018,2001,56,0.0
3549018,2001,61,35.0
3549018,2001,62,30.0
3549018,2001,71,0.0
3549018,2001,72,70.0
3549018,2001,81,10.0
3549018,2001,91,10.0
3549019,2001,11,15.0
3549019,2001,21,0.0
3549019,2001,22,0.0
3549019,2001,23,70.0
3549019,2001,31-33,115.0
3549019,2001,41,10.0
3549019,2001,44-45,60.0
3549019,2001,48-49,10.0
3549019,2001,51,15.0
3549019,2001,52,20.0
3549019,2001,53,0.0
3549019,2001,54,15.0
3549019,2001,55,0.0
3549019,2001,56,10.0
3549019,2001,61,30.0
3549019,2001,62,50.0
3549019,2001,71,10.0
3549019,2001,72,90.0
3549019,2001,81,45.0
3549019,2001,91,30.0
3549022,2001,11,10.0
3549022,2001,21,0.0
3549022,2001,22,0.0
3549022,2001,23,55.0
3549022,2001,31-33,80.0
3549022,2001,41,20.0
3549022,2001,44-45,20.0
3549022,2001,48-49,30.0
3549022,2001,51,0.0
3549022,2001,52,20.0
3549022,2001,53,20.0
3549022,2001,54,10.0
3549022,2001,55,0.0
3549022,2001,56,0.0
3549022,2001,61,15.0
3549022,2001,62,25.0
3549022,2001,71,15.0
3549022,2001,72,50.0
3549022,2001,81,25.0
3549022,2001,91,10.0
3549024,2001,11,0.0
3549024,2001,21,0.0
3549024,2001,22,0.0
3549024,2001,23,50.0
3549024,2001,31-33,30.0
3549024,2001,41,15.0
3549024,2001,44-45,25.0
3549024,2001,48-49,10.0
3549024,2001,51,0.0
3549024,2001,52,15.0
3549024,2001,53,0.0
3549024,2001,54,0.0
3549024,2001,55,0.0
3549024,2001,56,0.0
3549024,2001,61,10.0
3549024,2001,62,20.0
3549024,2001,71,0.0
3549024,2001,72,50.0
3549024,2001,81,20.0
3549024,2001,91,0.0
3549028,2001,11,25.0
3549028,2001,21,15.0
3549028,2001,22,0.0
3549028,2001,23,10.0
3549028,2001,31-33,30.0
3549028,2001,41,0.0
3549028,2001,44-45,60.0
3549028,2001,48-49,20.0
3549028,2001,51,20.0
3549028,2001,52,0.0
3549028,2001,53,0.0
3549028,2001,54,10.0
3549028,2001,55,0.0
3549028,2001,56,30.0
3549028,2001,61,25.0
3549028,2001,62,85.0
3549028,2001,71,40.0
3549028,2001,72,55.0
3549028,2001,81,20.0
3549028,2001,91,35.0
3549031,2001,11,10.0
3549031,2001,21,0.0
3549031,2001,22,55.0
3549031,2001,23,170.0
3549031,2001,31-33,95.0
3549031,2001,41,15.0
3549031,2001,44-45,230.0
3549031,2001,48-49,50.0
3549031,2001,51,20.0
3549031,2001,52,35.0
3549031,2001,53,20.0
3549031,2001,54,30.0
3549031,2001,55,0.0
3549031,2001,56,20.0
3549031,2001,61,90.0
3549031,2001,62,165.0
3549031,2001,71,25.0
3549031,2001,72,125.0
3549031,2001,81,80.0
3549031,2001,91,95.0
3549032,2001,11,10.0
3549032,2001,21,0.0
3549032,2001,22,10.0
3549032,2001,23,240.0
3549032,2001,31-33,180.0
3549032,2001,41,30.0
3549032,2001,44-45,575.0
3549032,2001,48-49,120.0
3549032,2001,51,40.0
3549032,2001,52,60.0
3549032,2001,53,65.0
3549032,2001,54,105.0
3549032,2001,55,0.0
3549032,2001,56,85.0
3549032,2001,61,225.0
3549032,2001,62,530.0
3549032,2001,71,60.0
3549032,2001,72,320.0
3549032,2001,81,120.0
3549032,2001,91,170.0
3549036,2001,11,0.0
3549036,2001,21,0.0
3549036,2001,22,0.0
3549036,2001,23,70.0
3549036,2001,31-33,40.0
3549036,2001,41,10.0
3549036,2001,44-45,50.0
3549036,2001,48-49,0.0
3549036,2001,51,10.0
3549036,2001,52,10.0
3549036,2001,53,15.0
3549036,2001,54,15.0
3549036,2001,55,0.0
3549036,2001,56,15.0
3549036,2001,61,15.0
3549036,2001,62,55.0
3549036,2001,71,15.0
3549036,2001,72,60.0
3549036,2001,81,25.0
3549036,2001,91,35.0
3549039,2001,11,40.0
3549039,2001,21,0.0
3549039,2001,22,0.0
3549039,2001,23,40.0
3549039,2001,31-33,10.0
3549039,2001,41,0.0
3549039,2001,44-45,125.0
3549039,2001,48-49,50.0
3549039,2001,51,0.0
3549039,2001,52,0.0
3549039,2001,53,0.0
3549039,2001,54,10.0
3549039,2001,55,0.0
3549039,2001,56,0.0
3549039,2001,61,0.0
3549039,2001,62,50.0
3549039,2001,71,0.0
3549039,2001,72,35.0
3549039,2001,81,20.0
3549039,2001,91,50.0
3549043,2001,11,40.0
3549043,2001,21,0.0
3549043,2001,22,0.0
3549043,2001,23,75.0
3549043,2001,31-33,50.0
3549043,2001,41,0.0
3549043,2001,44-45,70.0
3549043,2001,48-49,50.0
3549043,2001,51,0.0
3549043,2001,52,15.0
3549043,2001,53,0.0
3549043,2001,54,15.0
3549043,2001,55,0.0
3549043,2001,56,20.0
3549043,2001,61,40.0
3549043,2001,62,30.0
3549043,2001,71,20.0
3549043,2001,72,70.0
3549043,2001,81,40.0
3549043,2001,91,25.0
3549046,2001,11,40.0
3549046,2001,21,0.0
3549046,2001,22,0.0
3549046,2001,23,55.0
3549046,2001,31-33,105.0
3549046,2001,41,15.0
3549046,2001,44-45,70.0
3549046,2001,48-49,20.0
3549046,2001,51,10.0
3549046,2001,52,15.0
3549046,2001,53,0.0
3549046,2001,54,25.0
3549046,2001,55,0.0
3549046,2001,56,0.0
3549046,2001,61,65.0
3549046,2001,62,55.0
3549046,2001,71,10.0
3549046,2001,72,45.0
3549046,2001,81,15.0
3549046,2001,91,20.0
3549048,2001,11,10.0
3549048,2001,21,0.0
3549048,2001,22,0.0
3549048,2001,23,15.0
3549048,2001,31-33,65.0
3549048,2001,41,15.0
3549048,2001,44-45,70.0
3549048,2001,48-49,30.0
3549048,2001,51,0.0
3549048,2001,52,0.0
3549048,2001,53,0.0
3549048,2001,54,0.0
3549048,2001,55,0.0
3549048,2001,56,10.0
3549048,2001,61,50.0
3549048,2001,62,65.0
3549048,2001,71,0.0
3549048,2001,72,45.0
3549048,2001,81,25.0
3549048,2001,91,10.0
3549051,2001,11,20.0
3549051,2001,21,0.0
3549051,2001,22,0.0
3549051,2001,23,20.0
3549051,2001,31-33,40.0
3549051,2001,41,0.0
3549051,2001,44-45,35.0
3549051,2001,48-49,15.0
3549051,2001,51,0.0
3549051,2001,52,10.0
3549051,2001,53,10.0
3549051,2001,54,0.0
3549051,2001,55,0.0
3549051,2001,56,0.0
3549051,2001,61,10.0
3549051,2001,62,0.0
3549051,2001,71,0.0
3549051,2001,72,0.0
3549051,2001,81,10.0
3549051,2001,91,10.0
3549054,2001,11,30.0
3549054,2001,21,0.0
3549054,2001,22,10.0
3549054,2001,23,20.0
3549054,2001,31-33,30.0
3549054,2001,41,0.0
3549054,2001,44-45,50.0
3549054,2001,48-49,20.0
3549054,2001,51,0.0
3549054,2001,52,0.0
3549054,2001,53,0.0
3549054,2001,54,15.0
3549054,2001,55,0.0
3549054,2001,56,10.0
3549054,2001,61,35.0
3549054,2001,62,60.0
3549054,2001,71,0.0
3549054,2001,72,25.0
3549054,2001,81,20.0
3549054,2001,91,25.0
3549056,2001,11,15.0
3549056,2001,21,0.0
3549056,2001,22,0.0
3549056,2001,23,30.0
3549056,2001,31-33,80.0
3549056,2001,41,0.0
3549056,2001,44-45,45.0
3549056,2001,48-49,20.0
3549056,2001,51,0.0
3549056,2001,52,0.0
3549056,2001,53,10.0
3549056,2001,54,10.0
3549056,2001,55,0.0
3549056,2001,56,10.0
3549056,2001,61,45.0
3549056,2001,62,25.0
3549056,2001,71,0.0
3549056,2001,72,10.0
3549056,2001,81,25.0
3549056,2001,91,10.0
3549060,2001,11,85.0
3549060,2001,21,0.0
3549060,2001,22,0.0
3549060,2001,23,195.0
3549060,2001,31-33,205.0
3549060,2001,41,35.0
3549060,2001,44-45,170.0
3549060,2001,48-49,115.0
3549060,2001,51,10.0
3549060,2001,52,45.0
3549060,2001,53,10.0
3549060,2001,54,30.0
3549060,2001,55,10.0
3549060,2001,56,75.0
3549060,2001,61,75.0
3549060,2001,62,265.0
3549060,2001,71,0.0
3549060,2001,72,85.0
3549060,2001,81,90.0
3549060,2001,91,85.0
3549066,2001,11,35.0
3549066,2001,21,10.0
3549066,2001,22,30.0
3549066,2001,23,140.0
3549066,2001,31-33,160.0
3549066,2001,41,45.0
3549066,2001,44-45,225.0
3549066,2001,48-49,170.0
3549066,2001,51,15.0
3549066,2001,52,10.0
3549066,2001,53,25.0
3549066,2001,54,80.0
3549066,2001,55,0.0
3549066,2001,56,140.0
3549066,2001,61,125.0
3549066,2001,62,215.0
3549066,2001,71,10.0
3549066,2001,72,120.0
3549066,2001,81,85.0
3549066,2001,91,145.0
3549071,2001,11,50.0
3549071,2001,21,0.0
3549071,2001,22,25.0
3549071,2001,23,105.0
3549071,2001,31-33,40.0
3549071,2001,41,75.0
3549071,2001,44-45,130.0
3549071,2001,48-49,45.0
3549071,2001,51,10.0
3549071,2001,52,10.0
3549071,2001,53,15.0
3549071,2001,54,55.0
3549071,2001,55,0.0
3549071,2001,56,25.0
3549071,2001,61,20.0
3549071,2001,62,70.0
3549071,2001,71,30.0
3549071,2001,72,55.0
3549071,2001,81,70.0
3549071,2001,91,35.0
3549072,2001,11,10.0
3549072,2001,21,0.0
3549072,2001,22,0.0
3549072,2001,23,15.0
3549072,2001,31-33,0.0
3549072,2001,41,0.0
3549072,2001,44-45,10.0
3549072,2001,48-49,0.0
3549072,2001,51,0.0
3549072,2001,52,0.0
3549072,2001,53,0.0
3549072,2001,54,0.0
3549072,2001,55,0.0
3549072,2001,56,0.0
3549072,2001,61,10.0
3549072,2001,62,0.0
3549072,2001,71,0.0
3549072,2001,72,0.0
3549072,2001,81,0.0
3549072,2001,91,20.0
3549073,2001,11,10.0
3549073,2001,21,0.0
3549073,2001,22,0.0
3549073,2001,23,15.0
3549073,2001,31-33,0.0
3549073,2001,41,0.0
3549073,2001,44-45,10.0
3549073,2001,48-49,10.0
3549073,2001,51,0.0
3549073,2001,52,0.0
3549073,2001,53,10.0
3549073,2001,54,0.0
3549073,2001,55,0.0
3549073,2001,56,0.0
3549073,2001,61,15.0
3549073,2001,62,30.0
3549073,2001,71,10.0
3549073,2001,72,0.0
3549073,2001,81,0.0
3549073,2001,91,30.0
3549076,2001,11,0.0
3549076,2001,21,0.0
3549076,2001,22,0.0
3549076,2001,23,10.0
3549076,2001,31-33,0.0
3549076,2001,41,0.0
3549076,2001,44-45,0.0
3549076,2001,48-49,0.0
3549076,2001,51,0.0
3549076,2001,52,10.0
3549076,2001,53,0.0
3549076,2001,54,0.0
3549076,2001,55,0.0
3549076,2001,56,10.0
3549076,2001,61,0.0
3549076,2001,62,10.0
3549076,2001,71,0.0
3549076,2001,72,0.0
3549076,2001,81,0.0
3549076,2001,91,10.0
3549077,2001,11,15.0
3549077,2001,21,0.0
3549077,2001,22,0.0
3549077,2001,23,10.0
3549077,2001,31-33,0.0
3549077,2001,41,0.0
3549077,2001,44-45,0.0
3549077,2001,48-49,0.0
3549077,2001,51,0.0
3549077,2001,52,0.0
3549077,2001,53,0.0
3549077,2001,54,0.0
3549077,2001,55,0.0
3549077,2001,56,10.0
3549077,2001,61,0.0
3549077,2001,62,15.0
3549077,2001,71,10.0
3549077,2001,72,15.0
3549077,2001,81,0.0
3549077,2001,91,20.0
3549078,2001,11,0.0
3549078,2001,21,0.0
3549078,2001,22,0.0
3549078,2001,23,0.0
3549078,2001,31-33,0.0
3549078,2001,41,0.0
3549078,2001,44-45,10.0
3549078,2001,48-49,0.0
3549078,2001,51,0.0
3549078,2001,52,0.0
3549078,2001,53,0.0
3549078,2001,54,0.0
3549078,2001,55,0.0
3549078,2001,56,0.0
3549078,2001,61,10.0
3549078,2001,62,0.0
3549078,2001,71,0.0
3549078,2001,72,0.0
3549078,2001,81,0.0
3549078,2001,91,10.0
3549095,2001,11,0.0
3549095,2001,21,0.0
3549095,2001,22,0.0
3549095,2001,23,25.0
3549095,2001,31-33,0.0
3549095,2001,41,0.0
3549095,2001,44-45,0.0
3549095,2001,48-49,0.0
3549095,2001,51,0.0
3549095,2001,52,0.0
3549095,2001,53,0.0
3549095,2001,54,0.0
3549095,2001,55,0.0
3549095,2001,56,0.0
3549095,2001,61,20.0
3549095,2001,62,25.0
3549095,2001,71,0.0
3549095,2001,72,10.0
3549095,2001,81,0.0
3549095,2001,91,0.0
3549096,2001,11,80.0
3549096,2001,21,10.0
3549096,2001,22,0.0
3549096,2001,23,100.0
3549096,2001,31-33,60.0
3549096,2001,41,10.0
3549096,2001,44-45,70.0
3549096,2001,48-49,100.0
3549096,2001,51,10.0
3549096,2001,52,0.0
3549096,2001,53,10.0
3549096,2001,54,0.0
3549096,2001,55,0.0
3549096,2001,56,20.0
3549096,2001,61,30.0
3549096,2001,62,70.0
3549096,2001,71,55.0
3549096,2001,72,175.0
3549096,2001,81,25.0
3549096,2001,91,25.0
3551001,2001,11,60.0
3551001,2001,21,0.0
3551001,2001,22,0.0
3551001,2001,23,10.0
3551001,2001,31-33,10.0
3551001,2001,41,10.0
3551001,2001,44-45,15.0
3551001,2001,48-49,10.0
3551001,2001,51,0.0
3551001,2001,52,0.0
3551001,2001,53,0.0
3551001,2001,54,10.0
3551001,2001,55,0.0
3551001,2001,56,0.0
3551001,2001,61,0.0
3551001,2001,62,40.0
3551001,2001,71,25.0
3551001,2001,72,35.0
3551001,2001,81,15.0
3551001,2001,91,10.0
3551006,2001,11,50.0
3551006,2001,21,10.0
3551006,2001,22,0.0
3551006,2001,23,80.0
3551006,2001,31-33,50.0
3551006,2001,41,10.0
3551006,2001,44-45,135.0
3551006,2001,48-49,40.0
3551006,2001,51,0.0
3551006,2001,52,30.0
3551006,2001,53,10.0
3551006,2001,54,30.0
3551006,2001,55,0.0
3551006,2001,56,15.0
3551006,2001,61,50.0
3551006,2001,62,165.0
3551006,2001,71,10.0
3551006,2001,72,75.0
3551006,2001,81,45.0
3551006,2001,91,25.0
3551011,2001,11,45.0
3551011,2001,21,0.0
3551011,2001,22,10.0
3551011,2001,23,20.0
3551011,2001,31-33,0.0
3551011,2001,41,0.0
3551011,2001,44-45,105.0
3551011,2001,48-49,30.0
3551011,2001,51,0.0
3551011,2001,52,20.0
3551011,2001,53,0.0
3551011,2001,54,25.0
3551011,2001,55,0.0
3551011,2001,56,0.0
3551011,2001,61,30.0
3551011,2001,62,65.0
3551011,2001,71,0.0
3551011,2001,72,35.0
3551011,2001,81,0.0
3551011,2001,91,25.0
3551017,2001,11,40.0
3551017,2001,21,10.0
3551017,2001,22,20.0
3551017,2001,23,135.0
3551017,2001,31-33,20.0
3551017,2001,41,65.0
3551017,2001,44-45,190.0
3551017,2001,48-49,70.0
3551017,2001,51,15.0
3551017,2001,52,45.0
3551017,2001,53,15.0
3551017,2001,54,20.0
3551017,2001,55,0.0
3551017,2001,56,25.0
3551017,2001,61,60.0
3551017,2001,62,220.0
3551017,2001,71,30.0
3551017,2001,72,115.0
3551017,2001,81,65.0
3551017,2001,91,75.0
3551021,2001,11,10.0
3551021,2001,21,0.0
3551021,2001,22,0.0
3551021,2001,23,30.0
3551021,2001,31-33,10.0
3551021,2001,41,10.0
3551021,2001,44-45,35.0
3551021,2001,48-49,20.0
3551021,2001,51,20.0
3551021,2001,52,20.0
3551021,2001,53,0.0
3551021,2001,54,10.0
3551021,2001,55,0.0
3551021,2001,56,10.0
3551021,2001,61,10.0
3551021,2001,62,20.0
3551021,2001,71,0.0
3551021,2001,72,60.0
3551021,2001,81,10.0
3551021,2001,91,10.0
3551026,2001,11,10.0
3551026,2001,21,0.0
3551026,2001,22,0.0
3551026,2001,23,15.0
3551026,2001,31-33,20.0
3551026,2001,41,0.0
3551026,2001,44-45,70.0
3551026,2001,48-49,90.0
3551026,2001,51,0.0
3551026,2001,52,10.0
3551026,2001,53,0.0
3551026,2001,54,15.0
3551026,2001,55,0.0
3551026,2001,56,10.0
3551026,2001,61,50.0
3551026,2001,62,50.0
3551026,2001,71,10.0
3551026,2001,72,15.0
3551026,2001,81,15.0
3551026,2001,91,25.0
3551028,2001,11,20.0
3551028,2001,21,35.0
3551028,2001,22,0.0
3551028,2001,23,15.0
3551028,2001,31-33,0.0
3551028,2001,41,15.0
3551028,2001,44-45,15.0
3551028,2001,48-49,15.0
3551028,2001,51,0.0
3551028,2001,52,10.0
3551028,2001,53,0.0
3551028,2001,54,0.0
3551028,2001,55,0.0
3551028,2001,56,10.0
3551028,2001,61,0.0
3551028,2001,62,25.0
3551028,2001,71,0.0
3551028,2001,72,10.0
3551028,2001,81,15.0
3551028,2001,91,10.0
3551040,2001,11,10.0
3551040,2001,21,0.0
3551040,2001,22,0.0
3551040,2001,23,20.0
3551040,2001,31-33,10.0
3551040,2001,41,0.0
3551040,2001,44-45,0.0
3551040,2001,48-49,0.0
3551040,2001,51,0.0
3551040,2001,52,0.0
3551040,2001,53,0.0
3551040,2001,54,0.0
3551040,2001,55,0.0
3551040,2001,56,10.0
3551040,2001,61,0.0
3551040,2001,62,15.0
3551040,2001,71,0.0
3551040,2001,72,10.0
3551040,2001,81,0.0
3551040,2001,91,20.0
3551041,2001,11,10.0
3551041,2001,21,0.0
3551041,2001,22,0.0
3551041,2001,23,20.0
3551041,2001,31-33,15.0
3551041,2001,41,0.0
3551041,2001,44-45,0.0
3551041,2001,48-49,10.0
3551041,2001,51,0.0
3551041,2001,52,0.0
3551041,2001,53,0.0
3551041,2001,54,0.0
3551041,2001,55,0.0
3551041,2001,56,0.0
3551041,2001,61,10.0
3551041,2001,62,20.0
3551041,2001,71,0.0
3551041,2001,72,0.0
3551041,2001,81,10.0
3551041,2001,91,20.0
3551042,2001,11,0.0
3551042,2001,21,0.0
3551042,2001,22,0.0
3551042,2001,23,10.0
3551042,2001,31-33,0.0
3551042,2001,41,0.0
3551042,2001,44-45,10.0
3551042,2001,48-49,0.0
3551042,2001,51,0.0
3551042,2001,52,0.0
3551042,2001,53,0.0
3551042,2001,54,0.0
3551042,2001,55,0.0
3551042,2001,56,0.0
3551042,2001,61,0.0
3551042,2001,62,10.0
3551042,2001,71,0.0
3551042,2001,72,0.0
3551042,2001,81,0.0
3551042,2001,91,10.0
3551044,2001,11,0.0
3551044,2001,21,0.0
3551044,2001,22,0.0
3551044,2001,23,10.0
3551044,2001,31-33,0.0
3551044,2001,41,0.0
3551044,2001,44-45,0.0
3551044,2001,48-49,0.0
3551044,2001,51,0.0
3551044,2001,52,0.0
3551044,2001,53,0.0
3551044,2001,54,0.0
3551044,2001,55,0.0
3551044,2001,56,0.0
3551044,2001,61,0.0
3551044,2001,62,0.0
3551044,2001,71,0.0
3551044,2001,72,10.0
3551044,2001,81,0.0
3551044,2001,91,15.0
3551045,2001,11,15.0
3551045,2001,21,0.0
3551045,2001,22,0.0
3551045,2001,23,30.0
3551045,2001,31-33,15.0
3551045,2001,41,0.0
3551045,2001,44-45,20.0
3551045,2001,48-49,10.0
3551045,2001,51,0.0
3551045,2001,52,0.0
3551045,2001,53,0.0
3551045,2001,54,0.0
3551045,2001,55,0.0
3551045,2001,56,10.0
3551045,2001,61,45.0
3551045,2001,62,55.0
3551045,2001,71,10.0
3551045,2001,72,10.0
3551045,2001,81,15.0
3551045,2001,91,75.0
3551094,2001,11,0.0
3551094,2001,21,0.0
3551094,2001,22,0.0
3551094,2001,23,0.0
3551094,2001,31-33,0.0
3551094,2001,41,10.0
3551094,2001,44-45,0.0
3551094,2001,48-49,10.0
3551094,2001,51,0.0
3551094,2001,52,0.0
3551094,2001,53,0.0
3551094,2001,54,0.0
3551094,2001,55,0.0
3551094,2001,56,0.0
3551094,2001,61,0.0
3551094,2001,62,10.0
3551094,2001,71,0.0
3551094,2001,72,0.0
3551094,2001,81,0.0
3551094,2001,91,10.0
3552001,2001,11,100.0
3552001,2001,21,25.0
3552001,2001,22,20.0
3552001,2001,23,120.0
3552001,2001,31-33,150.0
3552001,2001,41,10.0
3552001,2001,44-45,125.0
3552001,2001,48-49,145.0
3552001,2001,51,0.0
3552001,2001,52,40.0
3552001,2001,53,15.0
3552001,2001,54,30.0
3552001,2001,55,0.0
3552001,2001,56,25.0
3552001,2001,61,55.0
3552001,2001,62,25.0
3552001,2001,71,30.0
3552001,2001,72,235.0
3552001,2001,81,40.0
3552001,2001,91,75.0
3552004,2001,11,45.0
3552004,2001,21,30.0
3552004,2001,22,0.0
3552004,2001,23,10.0
3552004,2001,31-33,30.0
3552004,2001,41,25.0
3552004,2001,44-45,45.0
3552004,2001,48-49,20.0
3552004,2001,51,0.0
3552004,2001,52,10.0
3552004,2001,53,0.0
3552004,2001,54,10.0
3552004,2001,55,0.0
3552004,2001,56,20.0
3552004,2001,61,90.0
3552004,2001,62,45.0
3552004,2001,71,0.0
3552004,2001,72,55.0
3552004,2001,81,50.0
3552004,2001,91,25.0
3552013,2001,11,35.0
3552013,2001,21,55.0
3552013,2001,22,15.0
3552013,2001,23,100.0
3552013,2001,31-33,70.0
3552013,2001,41,55.0
3552013,2001,44-45,120.0
3552013,2001,48-49,155.0
3552013,2001,51,20.0
3552013,2001,52,30.0
3552013,2001,53,10.0
3552013,2001,54,0.0
3552013,2001,55,0.0
3552013,2001,56,45.0
3552013,2001,61,45.0
3552013,2001,62,60.0
3552013,2001,71,10.0
3552013,2001,72,70.0
3552013,2001,81,55.0
3552013,2001,91,105.0
3552023,2001,11,100.0
3552023,2001,21,50.0
3552023,2001,22,0.0
3552023,2001,23,150.0
3552023,2001,31-33,170.0
3552023,2001,41,40.0
3552023,2001,44-45,165.0
3552023,2001,48-49,150.0
3552023,2001,51,0.0
3552023,2001,52,20.0
3552023,2001,53,0.0
3552023,2001,54,30.0
3552023,2001,55,0.0
3552023,2001,56,35.0
3552023,2001,61,75.0
3552023,2001,62,110.0
3552023,2001,71,10.0
3552023,2001,72,135.0
3552023,2001,81,80.0
3552023,2001,91,40.0
3552026,2001,11,15.0
3552026,2001,21,10.0
3552026,2001,22,10.0
3552026,2001,23,145.0
3552026,2001,31-33,660.0
3552026,2001,41,40.0
3552026,2001,44-45,420.0
3552026,2001,48-49,85.0
3552026,2001,51,15.0
3552026,2001,52,85.0
3552026,2001,53,45.0
3552026,2001,54,50.0
3552026,2001,55,0.0
3552026,2001,56,40.0
3552026,2001,61,215.0
3552026,2001,62,195.0
3552026,2001,71,45.0
3552026,2001,72,215.0
3552026,2001,81,160.0
3552026,2001,91,135.0
3552028,2001,11,0.0
3552028,2001,21,10.0
3552028,2001,22,0.0
3552028,2001,23,15.0
3552028,2001,31-33,70.0
3552028,2001,41,0.0
3552028,2001,44-45,30.0
3552028,2001,48-49,25.0
3552028,2001,51,0.0
3552028,2001,52,0.0
3552028,2001,53,0.0
3552028,2001,54,0.0
3552028,2001,55,0.0
3552028,2001,56,0.0
3552028,2001,61,15.0
3552028,2001,62,25.0
3552028,2001,71,0.0
3552028,2001,72,45.0
3552028,2001,81,10.0
3552028,2001,91,20.0
3552031,2001,11,10.0
3552031,2001,21,15.0
3552031,2001,22,0.0
3552031,2001,23,0.0
3552031,2001,31-33,30.0
3552031,2001,41,0.0
3552031,2001,44-45,10.0
3552031,2001,48-49,40.0
3552031,2001,51,0.0
3552031,2001,52,0.0
3552031,2001,53,0.0
3552031,2001,54,10.0
3552031,2001,55,0.0
3552031,2001,56,20.0
3552031,2001,61,0.0
3552031,2001,62,15.0
3552031,2001,71,0.0
3552031,2001,72,45.0
3552031,2001,81,0.0
3552031,2001,91,0.0
3552051,2001,11,10.0
3552051,2001,21,0.0
3552051,2001,22,0.0
3552051,2001,23,0.0
3552051,2001,31-33,10.0
3552051,2001,41,10.0
3552051,2001,44-45,10.0
3552051,2001,48-49,10.0
3552051,2001,51,0.0
3552051,2001,52,0.0
3552051,2001,53,0.0
3552051,2001,54,0.0
3552051,2001,55,0.0
3552051,2001,56,10.0
3552051,2001,61,10.0
3552051,2001,62,25.0
3552051,2001,71,0.0
3552051,2001,72,0.0
3552051,2001,81,10.0
3552051,2001,91,35.0
3552052,2001,11,0.0
3552052,2001,21,0.0
3552052,2001,22,0.0
3552052,2001,23,10.0
3552052,2001,31-33,0.0
3552052,2001,41,0.0
3552052,2001,44-45,10.0
3552052,2001,48-49,0.0
3552052,2001,51,0.0
3552052,2001,52,0.0
3552052,2001,53,0.0
3552052,2001,54,0.0
3552052,2001,55,0.0
3552052,2001,56,0.0
3552052,2001,61,0.0
3552052,2001,62,0.0
3552052,2001,71,0.0
3552052,2001,72,0.0
3552052,2001,81,10.0
3552052,2001,91,25.0
3552054,2001,11,10.0
3552054,2001,21,0.0
3552054,2001,22,0.0
3552054,2001,23,0.0
3552054,2001,31-33,0.0
3552054,2001,41,0.0
3552054,2001,44-45,10.0
3552054,2001,48-49,10.0
3552054,2001,51,0.0
3552054,2001,52,0.0
3552054,2001,53,0.0
3552054,2001,54,0.0
3552054,2001,55,0.0
3552054,2001,56,0.0
3552054,2001,61,0.0
3552054,2001,62,0.0
3552054,2001,71,0.0
3552054,2001,72,0.0
3552054,2001,81,0.0
3552054,2001,91,30.0
3552058,2001,11,0.0
3552058,2001,21,0.0
3552058,2001,22,0.0
3552058,2001,23,10.0
3552058,2001,31-33,0.0
3552058,2001,41,0.0
3552058,2001,44-45,0.0
3552058,2001,48-49,0.0
3552058,2001,51,0.0
3552058,2001,52,0.0
3552058,2001,53,0.0
3552058,2001,54,0.0
3552058,2001,55,0.0
3552058,2001,56,10.0
3552058,2001,61,0.0
3552058,2001,62,0.0
3552058,2001,71,0.0
3552058,2001,72,0.0
3552058,2001,81,10.0
3552058,2001,91,15.0
3552092,2001,11,100.0
3552092,2001,21,0.0
3552092,2001,22,35.0
3552092,2001,23,45.0
3552092,2001,31-33,265.0
3552092,2001,41,10.0
3552092,2001,44-45,210.0
3552092,2001,48-49,225.0
3552092,2001,51,0.0
3552092,2001,52,15.0
3552092,2001,53,0.0
3552092,2001,54,10.0
3552092,2001,55,0.0
3552092,2001,56,40.0
3552092,2001,61,70.0
3552092,2001,62,155.0
3552092,2001,71,20.0
3552092,2001,72,115.0
3552092,2001,81,35.0
3552092,2001,91,95.0
3552093,2001,11,85.0
3552093,2001,21,105.0
3552093,2001,22,0.0
3552093,2001,23,85.0
3552093,2001,31-33,145.0
3552093,2001,41,20.0
3552093,2001,44-45,85.0
3552093,2001,48-49,185.0
3552093,2001,51,15.0
3552093,2001,52,20.0
3552093,2001,53,10.0
3552093,2001,54,25.0
3552093,2001,55,0.0
3552093,2001,56,30.0
3552093,2001,61,115.0
3552093,2001,62,95.0
3552093,2001,71,25.0
3552093,2001,72,165.0
3552093,2001,81,50.0
3552093,2001,91,80.0
3553005,2001,11,535.0
3553005,2001,21,4830.0
3553005,2001,22,515.0
3553005,2001,23,4410.0
3553005,2001,31-33,4865.0
3553005,2001,41,2475.0
3553005,2001,44-45,10110.0
3553005,2001,48-49,3835.0
3553005,2001,51,1540.0
3553005,2001,52,2040.0
3553005,2001,53,1075.0
3553005,2001,54,2865.0
3553005,2001,55,0.0
3553005,2001,56,4955.0
3553005,2001,61,5905.0
3553005,2001,62,8680.0
3553005,2001,71,1590.0
3553005,2001,72,5400.0
3553005,2001,81,4000.0
3553005,2001,91,6170.0
3553040,2001,11,0.0
3553040,2001,21,0.0
3553040,2001,22,0.0
3553040,2001,23,0.0
3553040,2001,31-33,0.0
3553040,2001,41,0.0
3553040,2001,44-45,0.0
3553040,2001,48-49,0.0
3553040,2001,51,0.0
3553040,2001,52,0.0
3553040,2001,53,0.0
3553040,2001,54,0.0
3553040,2001,55,0.0
3553040,2001,56,0.0
3553040,2001,61,0.0
3553040,2001,62,0.0
3553040,2001,71,0.0
3553040,2001,72,10.0
3553040,2001,81,0.0
3553040,2001,91,10.0
3554001,2001,11,0.0
3554001,2001,21,15.0
3554001,2001,22,0.0
3554001,2001,23,40.0
3554001,2001,31-33,25.0
3554001,2001,41,10.0
3554001,2001,44-45,20.0
3554001,2001,48-49,20.0
3554001,2001,51,20.0
3554001,2001,52,10.0
3554001,2001,53,0.0
3554001,2001,54,10.0
3554001,2001,55,0.0
3554001,2001,56,0.0
3554001,2001,61,20.0
3554001,2001,62,45.0
3554001,2001,71,0.0
3554001,2001,72,0.0
3554001,2001,81,15.0
3554001,2001,91,15.0
3554006,2001,11,0.0
3554006,2001,21,10.0
3554006,2001,22,0.0
3554006,2001,23,0.0
3554006,2001,31-33,0.0
3554006,2001,41,0.0
3554006,2001,44-45,35.0
3554006,2001,48-49,25.0
3554006,2001,51,10.0
3554006,2001,52,0.0
3554006,2001,53,0.0
3554006,2001,54,0.0
3554006,2001,55,0.0
3554006,2001,56,10.0
3554006,2001,61,10.0
3554006,2001,62,0.0
3554006,2001,71,10.0
3554006,2001,72,15.0
3554006,2001,81,0.0
3554006,2001,91,10.0
3554008,2001,11,0.0
3554008,2001,21,10.0
3554008,2001,22,10.0
3554008,2001,23,60.0
3554008,2001,31-33,55.0
3554008,2001,41,25.0
3554008,2001,44-45,60.0
3554008,2001,48-49,45.0
3554008,2001,51,0.0
3554008,2001,52,10.0
3554008,2001,53,10.0
3554008,2001,54,20.0
3554008,2001,55,0.0
3554008,2001,56,10.0
3554008,2001,61,10.0
3554008,2001,62,20.0
3554008,2001,71,0.0
3554008,2001,72,80.0
3554008,2001,81,15.0
3554008,2001,91,10.0
3554014,2001,11,0.0
3554014,2001,21,0.0
3554014,2001,22,0.0
3554014,2001,23,30.0
3554014,2001,31-33,15.0
3554014,2001,41,25.0
3554014,2001,44-45,35.0
3554014,2001,48-49,0.0
3554014,2001,51,0.0
3554014,2001,52,0.0
3554014,2001,53,10.0
3554014,2001,54,25.0
3554014,2001,55,0.0
3554014,2001,56,10.0
3554014,2001,61,25.0
3554014,2001,62,35.0
3554014,2001,71,0.0
3554014,2001,72,25.0
3554014,2001,81,20.0
3554014,2001,91,10.0
3554021,2001,11,40.0
3554021,2001,21,0.0
3554021,2001,22,0.0
3554021,2001,23,20.0
3554021,2001,31-33,20.0
3554021,2001,41,10.0
3554021,2001,44-45,45.0
3554021,2001,48-49,25.0
3554021,2001,51,10.0
3554021,2001,52,10.0
3554021,2001,53,0.0
3554021,2001,54,10.0
3554021,2001,55,0.0
3554021,2001,56,10.0
3554021,2001,61,35.0
3554021,2001,62,25.0
3554021,2001,71,0.0
3554021,2001,72,20.0
3554021,2001,81,0.0
3554021,2001,91,30.0
3554024,2001,11,55.0
3554024,2001,21,0.0
3554024,2001,22,0.0
3554024,2001,23,10.0
3554024,2001,31-33,0.0
3554024,2001,41,0.0
3554024,2001,44-45,15.0
3554024,2001,48-49,15.0
3554024,2001,51,10.0
3554024,2001,52,0.0
3554024,2001,53,0.0
3554024,2001,54,0.0
3554024,2001,55,0.0
3554024,2001,56,0.0
3554024,2001,61,20.0
3554024,2001,62,30.0
3554024,2001,71,0.0
3554024,2001,72,10.0
3554024,2001,81,10.0
3554024,2001,91,10.0
3554026,2001,11,25.0
3554026,2001,21,0.0
3554026,2001,22,0.0
3554026,2001,23,35.0
3554026,2001,31-33,15.0
3554026,2001,41,15.0
3554026,2001,44-45,40.0
3554026,2001,48-49,60.0
3554026,2001,51,0.0
3554026,2001,52,0.0
3554026,2001,53,10.0
3554026,2001,54,0.0
3554026,2001,55,0.0
3554026,2001,56,0.0
3554026,2001,61,20.0
3554026,2001,62,25.0
3554026,2001,71,10.0
3554026,2001,72,35.0
3554026,2001,81,25.0
3554026,2001,91,0.0
3554029,2001,11,35.0
3554029,2001,21,0.0
3554029,2001,22,0.0
3554029,2001,23,25.0
3554029,2001,31-33,30.0
3554029,2001,41,0.0
3554029,2001,44-45,20.0
3554029,2001,48-49,10.0
3554029,2001,51,0.0
3554029,2001,52,0.0
3554029,2001,53,10.0
3554029,2001,54,10.0
3554029,2001,55,0.0
3554029,2001,56,0.0
3554029,2001,61,15.0
3554029,2001,62,15.0
3554029,2001,71,0.0
3554029,2001,72,0.0
3554029,2001,81,0.0
3554029,2001,91,0.0
3554032,2001,11,65.0
3554032,2001,21,0.0
3554032,2001,22,0.0
3554032,2001,23,0.0
3554032,2001,31-33,0.0
3554032,2001,41,0.0
3554032,2001,44-45,10.0
3554032,2001,48-49,0.0
3554032,2001,51,0.0
3554032,2001,52,0.0
3554032,2001,53,0.0
3554032,2001,54,0.0
3554032,2001,55,0.0
3554032,2001,56,0.0
3554032,2001,61,0.0
3554032,2001,62,10.0
3554032,2001,71,0.0
3554032,2001,72,0.0
3554032,2001,81,0.0
3554032,2001,91,0.0
3554034,2001,11,10.0
3554034,2001,21,0.0
3554034,2001,22,0.0
3554034,2001,23,15.0
3554034,2001,31-33,35.0
3554034,2001,41,0.0
3554034,2001,44-45,25.0
3554034,2001,48-49,0.0
3554034,2001,51,15.0
3554034,2001,52,0.0
3554034,2001,53,0.0
3554034,2001,54,0.0
3554034,2001,55,0.0
3554034,2001,56,0.0
3554034,2001,61,0.0
3554034,2001,62,0.0
3554034,2001,71,0.0
3554034,2001,72,0.0
3554034,2001,81,10.0
3554034,2001,91,0.0
3554036,2001,11,125.0
3554036,2001,21,10.0
3554036,2001,22,0.0
3554036,2001,23,45.0
3554036,2001,31-33,95.0
3554036,2001,41,50.0
3554036,2001,44-45,55.0
3554036,2001,48-49,50.0
3554036,2001,51,10.0
3554036,2001,52,0.0
3554036,2001,53,0.0
3554036,2001,54,0.0
3554036,2001,55,0.0
3554036,2001,56,20.0
3554036,2001,61,75.0
3554036,2001,62,40.0
3554036,2001,71,0.0
3554036,2001,72,20.0
3554036,2001,81,35.0
3554036,2001,91,10.0
3554038,2001,11,10.0
3554038,2001,21,0.0
3554038,2001,22,0.0
3554038,2001,23,0.0
3554038,2001,31-33,10.0
3554038,2001,41,10.0
3554038,2001,44-45,0.0
3554038,2001,48-49,15.0
3554038,2001,51,10.0
3554038,2001,52,0.0
3554038,2001,53,0.0
3554038,2001,54,0.0
3554038,2001,55,0.0
3554038,2001,56,0.0
3554038,2001,61,0.0
3554038,2001,62,0.0
3554038,2001,71,0.0
3554038,2001,72,10.0
3554038,2001,81,0.0
3554038,2001,91,0.0
3554042,2001,11,20.0
3554042,2001,21,0.0
3554042,2001,22,0.0
3554042,2001,23,0.0
3554042,2001,31-33,105.0
3554042,2001,41,15.0
3554042,2001,44-45,15.0
3554042,2001,48-49,0.0
3554042,2001,51,0.0
3554042,2001,52,10.0
3554042,2001,53,0.0
3554042,2001,54,0.0
3554042,2001,55,0.0
3554042,2001,56,0.0
3554042,2001,61,30.0
3554042,2001,62,20.0
3554042,2001,71,0.0
3554042,2001,72,0.0
3554042,2001,81,10.0
3554042,2001,91,10.0
3554049,2001,11,85.0
3554049,2001,21,0.0
3554049,2001,22,0.0
3554049,2001,23,20.0
3554049,2001,31-33,0.0
3554049,2001,41,10.0
3554049,2001,44-45,30.0
3554049,2001,48-49,20.0
3554049,2001,51,0.0
3554049,2001,52,10.0
3554049,2001,53,0.0
3554049,2001,54,25.0
3554049,2001,55,0.0
3554049,2001,56,0.0
3554049,2001,61,10.0
3554049,2001,62,65.0
3554049,2001,71,0.0
3554049,2001,72,15.0
3554049,2001,81,10.0
3554049,2001,91,0.0
3554052,2001,11,35.0
3554052,2001,21,0.0
3554052,2001,22,0.0
3554052,2001,23,25.0
3554052,2001,31-33,120.0
3554052,2001,41,10.0
3554052,2001,44-45,75.0
3554052,2001,48-49,80.0
3554052,2001,51,10.0
3554052,2001,52,10.0
3554052,2001,53,0.0
3554052,2001,54,10.0
3554052,2001,55,10.0
3554052,2001,56,20.0
3554052,2001,61,50.0
3554052,2001,62,80.0
3554052,2001,71,0.0
3554052,2001,72,50.0
3554052,2001,81,50.0
3554052,2001,91,60.0
3554054,2001,11,20.0
3554054,2001,21,0.0
3554054,2001,22,0.0
3554054,2001,23,20.0
3554054,2001,31-33,15.0
3554054,2001,41,10.0
3554054,2001,44-45,20.0
3554054,2001,48-49,50.0
3554054,2001,51,0.0
3554054,2001,52,0.0
3554054,2001,53,0.0
3554054,2001,54,10.0
3554054,2001,55,0.0
3554054,2001,56,15.0
3554054,2001,61,0.0
3554054,2001,62,30.0
3554054,2001,71,0.0
3554054,2001,72,10.0
3554054,2001,81,10.0
3554054,2001,91,0.0
3554056,2001,11,10.0
3554056,2001,21,10.0
3554056,2001,22,0.0
3554056,2001,23,10.0
3554056,2001,31-33,15.0
3554056,2001,41,0.0
3554056,2001,44-45,0.0
3554056,2001,48-49,0.0
3554056,2001,51,0.0
3554056,2001,52,0.0
3554056,2001,53,0.0
3554056,2001,54,10.0
3554056,2001,55,0.0
3554056,2001,56,0.0
3554056,2001,61,10.0
3554056,2001,62,10.0
3554056,2001,71,0.0
3554056,2001,72,15.0
3554056,2001,81,10.0
3554056,2001,91,10.0
3554057,2001,11,0.0
3554057,2001,21,0.0
3554057,2001,22,0.0
3554057,2001,23,0.0
3554057,2001,31-33,0.0
3554057,2001,41,0.0
3554057,2001,44-45,0.0
3554057,2001,48-49,0.0
3554057,2001,51,0.0
3554057,2001,52,0.0
3554057,2001,53,0.0
3554057,2001,54,0.0
3554057,2001,55,0.0
3554057,2001,56,10.0
3554057,2001,61,0.0
3554057,2001,62,10.0
3554057,2001,71,0.0
3554057,2001,72,0.0
3554057,2001,81,0.0
3554057,2001,91,10.0
3554058,2001,11,0.0
3554058,2001,21,50.0
3554058,2001,22,0.0
3554058,2001,23,25.0
3554058,2001,31-33,15.0
3554058,2001,41,10.0
3554058,2001,44-45,10.0
3554058,2001,48-49,30.0
3554058,2001,51,15.0
3554058,2001,52,10.0
3554058,2001,53,0.0
3554058,2001,54,25.0
3554058,2001,55,0.0
3554058,2001,56,0.0
3554058,2001,61,30.0
3554058,2001,62,20.0
3554058,2001,71,0.0
3554058,2001,72,15.0
3554058,2001,81,0.0
3554058,2001,91,10.0
3554062,2001,11,10.0
3554062,2001,21,35.0
3554062,2001,22,0.0
3554062,2001,23,55.0
3554062,2001,31-33,30.0
3554062,2001,41,0.0
3554062,2001,44-45,25.0
3554062,2001,48-49,35.0
3554062,2001,51,10.0
3554062,2001,52,10.0
3554062,2001,53,15.0
3554062,2001,54,0.0
3554062,2001,55,0.0
3554062,2001,56,0.0
3554062,2001,61,10.0
3554062,2001,62,25.0
3554062,2001,71,0.0
3554062,2001,72,15.0
3554062,2001,81,20.0
3554062,2001,91,35.0
3554066,2001,11,0.0
3554066,2001,21,0.0
3554066,2001,22,0.0
3554066,2001,23,0.0
3554066,2001,31-33,10.0
3554066,2001,41,0.0
3554066,2001,44-45,0.0
3554066,2001,48-49,0.0
3554066,2001,51,0.0
3554066,2001,52,0.0
3554066,2001,53,0.0
3554066,2001,54,0.0
3554066,2001,55,0.0
3554066,2001,56,0.0
3554066,2001,61,0.0
3554066,2001,62,0.0
3554066,2001,71,0.0
3554066,2001,72,10.0
3554066,2001,81,0.0
3554066,2001,91,0.0
3554068,2001,11,60.0
3554068,2001,21,290.0
3554068,2001,22,65.0
3554068,2001,23,170.0
3554068,2001,31-33,170.0
3554068,2001,41,135.0
3554068,2001,44-45,455.0
3554068,2001,48-49,105.0
3554068,2001,51,80.0
3554068,2001,52,105.0
3554068,2001,53,80.0
3554068,2001,54,120.0
3554068,2001,55,0.0
3554068,2001,56,85.0
3554068,2001,61,365.0
3554068,2001,62,555.0
3554068,2001,71,60.0
3554068,2001,72,320.0
3554068,2001,81,180.0
3554068,2001,91,300.0
3554094,2001,11,250.0
3554094,2001,21,35.0
3554094,2001,22,10.0
3554094,2001,23,155.0
3554094,2001,31-33,115.0
3554094,2001,41,20.0
3554094,2001,44-45,80.0
3554094,2001,48-49,140.0
3554094,2001,51,50.0
3554094,2001,52,15.0
3554094,2001,53,25.0
3554094,2001,54,80.0
3554094,2001,55,0.0
3554094,2001,56,55.0
3554094,2001,61,35.0
3554094,2001,62,110.0
3554094,2001,71,25.0
3554094,2001,72,100.0
3554094,2001,81,35.0
3554094,2001,91,70.0
3556014,2001,11,130.0
3556014,2001,21,130.0
3556014,2001,22,25.0
3556014,2001,23,95.0
3556014,2001,31-33,75.0
3556014,2001,41,0.0
3556014,2001,44-45,140.0
3556014,2001,48-49,65.0
3556014,2001,51,15.0
3556014,2001,52,15.0
3556014,2001,53,0.0
3556014,2001,54,15.0
3556014,2001,55,0.0
3556014,2001,56,60.0
3556014,2001,61,75.0
3556014,2001,62,125.0
3556014,2001,71,0.0
3556014,2001,72,60.0
3556014,2001,81,100.0
3556014,2001,91,80.0
3556027,2001,11,465.0
3556027,2001,21,2595.0
3556027,2001,22,250.0
3556027,2001,23,1460.0
3556027,2001,31-33,1255.0
3556027,2001,41,705.0
3556027,2001,44-45,2970.0
3556027,2001,48-49,1085.0
3556027,2001,51,465.0
3556027,2001,52,495.0
3556027,2001,53,235.0
3556027,2001,54,790.0
3556027,2001,55,0.0
3556027,2001,56,655.0
3556027,2001,61,1605.0
3556027,2001,62,2260.0
3556027,2001,71,275.0
3556027,2001,72,1520.0
3556027,2001,81,1005.0
3556027,2001,91,1095.0
3556031,2001,11,145.0
3556031,2001,21,80.0
3556031,2001,22,30.0
3556031,2001,23,120.0
3556031,2001,31-33,465.0
3556031,2001,41,0.0
3556031,2001,44-45,280.0
3556031,2001,48-49,70.0
3556031,2001,51,20.0
3556031,2001,52,40.0
3556031,2001,53,10.0
3556031,2001,54,10.0
3556031,2001,55,10.0
3556031,2001,56,70.0
3556031,2001,61,235.0
3556031,2001,62,320.0
3556031,2001,71,10.0
3556031,2001,72,155.0
3556031,2001,81,105.0
3556031,2001,91,195.0
3556042,2001,11,135.0
3556042,2001,21,10.0
3556042,2001,22,30.0
3556042,2001,23,145.0
3556042,2001,31-33,410.0
3556042,2001,41,85.0
3556042,2001,44-45,370.0
3556042,2001,48-49,225.0
3556042,2001,51,55.0
3556042,2001,52,35.0
3556042,2001,53,35.0
3556042,2001,54,95.0
3556042,2001,55,0.0
3556042,2001,56,130.0
3556042,2001,61,180.0
3556042,2001,62,310.0
3556042,2001,71,10.0
3556042,2001,72,225.0
3556042,2001,81,90.0
3556042,2001,91,215.0
3556048,2001,11,20.0
3556048,2001,21,0.0
3556048,2001,22,10.0
3556048,2001,23,65.0
3556048,2001,31-33,315.0
3556048,2001,41,0.0
3556048,2001,44-45,70.0
3556048,2001,48-49,55.0
3556048,2001,51,15.0
3556048,2001,52,35.0
3556048,2001,53,0.0
3556048,2001,54,10.0
3556048,2001,55,0.0
3556048,2001,56,40.0
3556048,2001,61,35.0
3556048,2001,62,110.0
3556048,2001,71,0.0
3556048,2001,72,75.0
3556048,2001,81,20.0
3556048,2001,91,20.0
3556052,2001,11,25.0
3556052,2001,21,0.0
3556052,2001,22,0.0
3556052,2001,23,10.0
3556052,2001,31-33,70.0
3556052,2001,41,10.0
3556052,2001,44-45,25.0
3556052,2001,48-49,20.0
3556052,2001,51,0.0
3556052,2001,52,0.0
3556052,2001,53,0.0
3556052,2001,54,10.0
3556052,2001,55,0.0
3556052,2001,56,0.0
3556052,2001,61,25.0
3556052,2001,62,10.0
3556052,2001,71,10.0
3556052,2001,72,10.0
3556052,2001,81,15.0
3556052,2001,91,20.0
3556056,2001,11,50.0
3556056,2001,21,10.0
3556056,2001,22,20.0
3556056,2001,23,25.0
3556056,2001,31-33,100.0
3556056,2001,41,30.0
3556056,2001,44-45,65.0
3556056,2001,48-49,30.0
3556056,2001,51,0.0
3556056,2001,52,0.0
3556056,2001,53,0.0
3556056,2001,54,10.0
3556056,2001,55,0.0
3556056,2001,56,10.0
3556056,2001,61,45.0
3556056,2001,62,65.0
3556056,2001,71,10.0
3556056,2001,72,25.0
3556056,2001,81,20.0
3556056,2001,91,0.0
3556066,2001,11,180.0
3556066,2001,21,65.0
3556066,2001,22,100.0
3556066,2001,23,215.0
3556066,2001,31-33,900.0
3556066,2001,41,100.0
3556066,2001,44-45,675.0
3556066,2001,48-49,200.0
3556066,2001,51,80.0
3556066,2001,52,90.0
3556066,2001,53,35.0
3556066,2001,54,90.0
3556066,2001,55,0.0
3556066,2001,56,110.0
3556066,2001,61,345.0
3556066,2001,62,530.0
3556066,2001,71,25.0
3556066,2001,72,320.0
3556066,2001,81,230.0
3556066,2001,91,120.0
3556070,2001,11,45.0
3556070,2001,21,0.0
3556070,2001,22,0.0
3556070,2001,23,25.0
3556070,2001,31-33,85.0
3556070,2001,41,0.0
3556070,2001,44-45,45.0
3556070,2001,48-49,60.0
3556070,2001,51,10.0
3556070,2001,52,25.0
3556070,2001,53,20.0
3556070,2001,54,0.0
3556070,2001,55,0.0
3556070,2001,56,0.0
3556070,2001,61,15.0
3556070,2001,62,50.0
3556070,2001,71,0.0
3556070,2001,72,35.0
3556070,2001,81,50.0
3556070,2001,91,10.0
3556073,2001,11,0.0
3556073,2001,21,0.0
3556073,2001,22,0.0
3556073,2001,23,10.0
3556073,2001,31-33,35.0
3556073,2001,41,0.0
3556073,2001,44-45,15.0
3556073,2001,48-49,10.0
3556073,2001,51,0.0
3556073,2001,52,15.0
3556073,2001,53,0.0
3556073,2001,54,0.0
3556073,2001,55,0.0
3556073,2001,56,0.0
3556073,2001,61,0.0
3556073,2001,62,15.0
3556073,2001,71,0.0
3556073,2001,72,0.0
3556073,2001,81,0.0
3556073,2001,91,15.0
3556076,2001,11,255.0
3556076,2001,21,0.0
3556076,2001,22,30.0
3556076,2001,23,240.0
3556076,2001,31-33,670.0
3556076,2001,41,50.0
3556076,2001,44-45,440.0
3556076,2001,48-49,200.0
3556076,2001,51,15.0
3556076,2001,52,120.0
3556076,2001,53,25.0
3556076,2001,54,55.0
3556076,2001,55,0.0
3556076,2001,56,55.0
3556076,2001,61,240.0
3556076,2001,62,250.0
3556076,2001,71,15.0
3556076,2001,72,330.0
3556076,2001,81,145.0
3556076,2001,91,115.0
3556077,2001,11,25.0
3556077,2001,21,0.0
3556077,2001,22,0.0
3556077,2001,23,10.0
3556077,2001,31-33,90.0
3556077,2001,41,0.0
3556077,2001,44-45,70.0
3556077,2001,48-49,45.0
3556077,2001,51,10.0
3556077,2001,52,20.0
3556077,2001,53,0.0
3556077,2001,54,0.0
3556077,2001,55,0.0
3556077,2001,56,0.0
3556077,2001,61,10.0
3556077,2001,62,20.0
3556077,2001,71,10.0
3556077,2001,72,40.0
3556077,2001,81,10.0
3556077,2001,91,10.0
3556092,2001,11,190.0
3556092,2001,21,15.0
3556092,2001,22,20.0
3556092,2001,23,115.0
3556092,2001,31-33,240.0
3556092,2001,41,20.0
3556092,2001,44-45,140.0
3556092,2001,48-49,145.0
3556092,2001,51,15.0
3556092,2001,52,15.0
3556092,2001,53,10.0
3556092,2001,54,35.0
3556092,2001,55,0.0
3556092,2001,56,15.0
3556092,2001,61,120.0
3556092,2001,62,200.0
3556092,2001,71,10.0
3556092,2001,72,55.0
3556092,2001,81,55.0
3556092,2001,91,70.0
3556093,2001,11,10.0
3556093,2001,21,0.0
3556093,2001,22,10.0
3556093,2001,23,15.0
3556093,2001,31-33,10.0
3556093,2001,41,0.0
3556093,2001,44-45,10.0
3556093,2001,48-49,10.0
3556093,2001,51,0.0
3556093,2001,52,0.0
3556093,2001,53,0.0
3556093,2001,54,0.0
3556093,2001,55,0.0
3556093,2001,56,0.0
3556093,2001,61,10.0
3556093,2001,62,35.0
3556093,2001,71,0.0
3556093,2001,72,10.0
3556093,2001,81,10.0
3556093,2001,91,15.0
3557001,2001,11,10.0
3557001,2001,21,10.0
3557001,2001,22,0.0
3557001,2001,23,30.0
3557001,2001,31-33,0.0
3557001,2001,41,0.0
3557001,2001,44-45,15.0
3557001,2001,48-49,10.0
3557001,2001,51,10.0
3557001,2001,52,0.0
3557001,2001,53,0.0
3557001,2001,54,0.0
3557001,2001,55,0.0
3557001,2001,56,0.0
3557001,2001,61,0.0
3557001,2001,62,15.0
3557001,2001,71,0.0
3557001,2001,72,15.0
3557001,2001,81,0.0
3557001,2001,91,10.0
3557004,2001,11,10.0
3557004,2001,21,0.0
3557004,2001,22,0.0
3557004,2001,23,55.0
3557004,2001,31-33,0.0
3557004,2001,41,0.0
3557004,2001,44-45,10.0
3557004,2001,48-49,20.0
3557004,2001,51,0.0
3557004,2001,52,0.0
3557004,2001,53,0.0
3557004,2001,54,0.0
3557004,2001,55,0.0
3557004,2001,56,0.0
3557004,2001,61,20.0
3557004,2001,62,0.0
3557004,2001,71,0.0
3557004,2001,72,10.0
3557004,2001,81,0.0
3557004,2001,91,0.0
3557006,2001,11,0.0
3557006,2001,21,0.0
3557006,2001,22,0.0
3557006,2001,23,20.0
3557006,2001,31-33,15.0
3557006,2001,41,0.0
3557006,2001,44-45,0.0
3557006,2001,48-49,15.0
3557006,2001,51,0.0
3557006,2001,52,0.0
3557006,2001,53,0.0
3557006,2001,54,0.0
3557006,2001,55,0.0
3557006,2001,56,0.0
3557006,2001,61,15.0
3557006,2001,62,10.0
3557006,2001,71,10.0
3557006,2001,72,20.0
3557006,2001,81,0.0
3557006,2001,91,0.0
3557008,2001,11,50.0
3557008,2001,21,20.0
3557008,2001,22,0.0
3557008,2001,23,40.0
3557008,2001,31-33,60.0
3557008,2001,41,0.0
3557008,2001,44-45,65.0
3557008,2001,48-49,65.0
3557008,2001,51,0.0
3557008,2001,52,10.0
3557008,2001,53,10.0
3557008,2001,54,20.0
3557008,2001,55,0.0
3557008,2001,56,0.0
3557008,2001,61,75.0
3557008,2001,62,35.0
3557008,2001,71,20.0
3557008,2001,72,30.0
3557008,2001,81,65.0
3557008,2001,91,30.0
3557011,2001,11,10.0
3557011,2001,21,10.0
3557011,2001,22,0.0
3557011,2001,23,65.0
3557011,2001,31-33,60.0
3557011,2001,41,15.0
3557011,2001,44-45,75.0
3557011,2001,48-49,25.0
3557011,2001,51,0.0
3557011,2001,52,15.0
3557011,2001,53,0.0
3557011,2001,54,10.0
3557011,2001,55,10.0
3557011,2001,56,25.0
3557011,2001,61,25.0
3557011,2001,62,40.0
3557011,2001,71,10.0
3557011,2001,72,25.0
3557011,2001,81,15.0
3557011,2001,91,80.0
3557014,2001,11,10.0
3557014,2001,21,0.0
3557014,2001,22,0.0
3557014,2001,23,20.0
3557014,2001,31-33,35.0
3557014,2001,41,10.0
3557014,2001,44-45,10.0
3557014,2001,48-49,35.0
3557014,2001,51,0.0
3557014,2001,52,10.0
3557014,2001,53,0.0
3557014,2001,54,10.0
3557014,2001,55,0.0
3557014,2001,56,10.0
3557014,2001,61,10.0
3557014,2001,62,25.0
3557014,2001,71,20.0
3557014,2001,72,20.0
3557014,2001,81,25.0
3557014,2001,91,15.0
3557016,2001,11,40.0
3557016,2001,21,10.0
3557016,2001,22,0.0
3557016,2001,23,30.0
3557016,2001,31-33,10.0
3557016,2001,41,10.0
3557016,2001,44-45,20.0
3557016,2001,48-49,40.0
3557016,2001,51,0.0
3557016,2001,52,10.0
3557016,2001,53,0.0
3557016,2001,54,10.0
3557016,2001,55,0.0
3557016,2001,56,0.0
3557016,2001,61,15.0
3557016,2001,62,25.0
3557016,2001,71,0.0
3557016,2001,72,10.0
3557016,2001,81,10.0
3557016,2001,91,10.0
3557019,2001,11,85.0
3557019,2001,21,10.0
3557019,2001,22,0.0
3557019,2001,23,10.0
3557019,2001,31-33,35.0
3557019,2001,41,0.0
3557019,2001,44-45,45.0
3557019,2001,48-49,30.0
3557019,2001,51,0.0
3557019,2001,52,0.0
3557019,2001,53,10.0
3557019,2001,54,0.0
3557019,2001,55,0.0
3557019,2001,56,0.0
3557019,2001,61,30.0
3557019,2001,62,10.0
3557019,2001,71,0.0
3557019,2001,72,20.0
3557019,2001,81,20.0
3557019,2001,91,20.0
3557021,2001,11,15.0
3557021,2001,21,20.0
3557021,2001,22,0.0
3557021,2001,23,30.0
3557021,2001,31-33,20.0
3557021,2001,41,0.0
3557021,2001,44-45,65.0
3557021,2001,48-49,15.0
3557021,2001,51,0.0
3557021,2001,52,10.0
3557021,2001,53,0.0
3557021,2001,54,15.0
3557021,2001,55,0.0
3557021,2001,56,0.0
3557021,2001,61,10.0
3557021,2001,62,25.0
3557021,2001,71,0.0
3557021,2001,72,20.0
3557021,2001,81,20.0
3557021,2001,91,10.0
3557026,2001,11,10.0
3557026,2001,21,0.0
3557026,2001,22,0.0
3557026,2001,23,0.0
3557026,2001,31-33,0.0
3557026,2001,41,0.0
3557026,2001,44-45,10.0
3557026,2001,48-49,0.0
3557026,2001,51,0.0
3557026,2001,52,0.0
3557026,2001,53,0.0
3557026,2001,54,0.0
3557026,2001,55,0.0
3557026,2001,56,0.0
3557026,2001,61,0.0
3557026,2001,62,0.0
3557026,2001,71,0.0
3557026,2001,72,0.0
3557026,2001,81,0.0
3557026,2001,91,20.0
3557028,2001,11,10.0
3557028,2001,21,15.0
3557028,2001,22,20.0
3557028,2001,23,25.0
3557028,2001,31-33,135.0
3557028,2001,41,20.0
3557028,2001,44-45,95.0
3557028,2001,48-49,15.0
3557028,2001,51,0.0
3557028,2001,52,10.0
3557028,2001,53,0.0
3557028,2001,54,30.0
3557028,2001,55,0.0
3557028,2001,56,10.0
3557028,2001,61,25.0
3557028,2001,62,85.0
3557028,2001,71,0.0
3557028,2001,72,25.0
3557028,2001,81,50.0
3557028,2001,91,0.0
3557035,2001,11,95.0
3557035,2001,21,10.0
3557035,2001,22,10.0
3557035,2001,23,95.0
3557035,2001,31-33,115.0
3557035,2001,41,0.0
3557035,2001,44-45,100.0
3557035,2001,48-49,55.0
3557035,2001,51,10.0
3557035,2001,52,10.0
3557035,2001,53,15.0
3557035,2001,54,25.0
3557035,2001,55,0.0
3557035,2001,56,30.0
3557035,2001,61,25.0
3557035,2001,62,50.0
3557035,2001,71,10.0
3557035,2001,72,105.0
3557035,2001,81,55.0
3557035,2001,91,25.0
3557038,2001,11,70.0
3557038,2001,21,25.0
3557038,2001,22,15.0
3557038,2001,23,95.0
3557038,2001,31-33,95.0
3557038,2001,41,40.0
3557038,2001,44-45,220.0
3557038,2001,48-49,65.0
3557038,2001,51,20.0
3557038,2001,52,70.0
3557038,2001,53,15.0
3557038,2001,54,45.0
3557038,2001,55,0.0
3557038,2001,56,110.0
3557038,2001,61,225.0
3557038,2001,62,225.0
3557038,2001,71,20.0
3557038,2001,72,285.0
3557038,2001,81,120.0
3557038,2001,91,130.0
3557039,2001,11,20.0
3557039,2001,21,20.0
3557039,2001,22,0.0
3557039,2001,23,20.0
3557039,2001,31-33,10.0
3557039,2001,41,10.0
3557039,2001,44-45,25.0
3557039,2001,48-49,20.0
3557039,2001,51,0.0
3557039,2001,52,15.0
3557039,2001,53,0.0
3557039,2001,54,10.0
3557039,2001,55,0.0
3557039,2001,56,0.0
3557039,2001,61,10.0
3557039,2001,62,10.0
3557039,2001,71,10.0
3557039,2001,72,50.0
3557039,2001,81,35.0
3557039,2001,91,10.0
3557040,2001,11,20.0
3557040,2001,21,20.0
3557040,2001,22,10.0
3557040,2001,23,15.0
3557040,2001,31-33,0.0
3557040,2001,41,0.0
3557040,2001,44-45,15.0
3557040,2001,48-49,15.0
3557040,2001,51,0.0
3557040,2001,52,10.0
3557040,2001,53,0.0
3557040,2001,54,10.0
3557040,2001,55,0.0
3557040,2001,56,20.0
3557040,2001,61,30.0
3557040,2001,62,30.0
3557040,2001,71,10.0
3557040,2001,72,15.0
3557040,2001,81,0.0
3557040,2001,91,35.0
3557041,2001,11,60.0
3557041,2001,21,185.0
3557041,2001,22,20.0
3557041,2001,23,145.0
3557041,2001,31-33,165.0
3557041,2001,41,80.0
3557041,2001,44-45,580.0
3557041,2001,48-49,200.0
3557041,2001,51,100.0
3557041,2001,52,80.0
3557041,2001,53,65.0
3557041,2001,54,190.0
3557041,2001,55,0.0
3557041,2001,56,100.0
3557041,2001,61,330.0
3557041,2001,62,510.0
3557041,2001,71,50.0
3557041,2001,72,370.0
3557041,2001,81,250.0
3557041,2001,91,195.0
3557051,2001,11,45.0
3557051,2001,21,0.0
3557051,2001,22,0.0
3557051,2001,23,110.0
3557051,2001,31-33,90.0
3557051,2001,41,20.0
3557051,2001,44-45,70.0
3557051,2001,48-49,55.0
3557051,2001,51,0.0
3557051,2001,52,10.0
3557051,2001,53,0.0
3557051,2001,54,20.0
3557051,2001,55,0.0
3557051,2001,56,10.0
3557051,2001,61,45.0
3557051,2001,62,90.0
3557051,2001,71,10.0
3557051,2001,72,35.0
3557051,2001,81,30.0
3557051,2001,91,30.0
3557061,2001,11,485.0
3557061,2001,21,65.0
3557061,2001,22,230.0
3557061,2001,23,1650.0
3557061,2001,31-33,5290.0
3557061,2001,41,665.0
3557061,2001,44-45,4765.0
3557061,2001,48-49,1240.0
3557061,2001,51,555.0
3557061,2001,52,870.0
3557061,2001,53,585.0
3557061,2001,54,1300.0
3557061,2001,55,20.0
3557061,2001,56,1615.0
3557061,2001,61,2610.0
3557061,2001,62,4430.0
3557061,2001,71,1170.0
3557061,2001,72,3045.0
3557061,2001,81,2045.0
3557061,2001,91,2250.0
3557066,2001,11,30.0
3557066,2001,21,0.0
3557066,2001,22,0.0
3557066,2001,23,35.0
3557066,2001,31-33,100.0
3557066,2001,41,10.0
3557066,2001,44-45,45.0
3557066,2001,48-49,35.0
3557066,2001,51,15.0
3557066,2001,52,20.0
3557066,2001,53,10.0
3557066,2001,54,10.0
3557066,2001,55,10.0
3557066,2001,56,20.0
3557066,2001,61,40.0
3557066,2001,62,45.0
3557066,2001,71,15.0
3557066,2001,72,20.0
3557066,2001,81,40.0
3557066,2001,91,90.0
3557071,2001,11,35.0
3557071,2001,21,0.0
3557071,2001,22,10.0
3557071,2001,23,25.0
3557071,2001,31-33,10.0
3557071,2001,41,0.0
3557071,2001,44-45,15.0
3557071,2001,48-49,10.0
3557071,2001,51,0.0
3557071,2001,52,0.0
3557071,2001,53,0.0
3557071,2001,54,20.0
3557071,2001,55,0.0
3557071,2001,56,10.0
3557071,2001,61,20.0
3557071,2001,62,25.0
3557071,2001,71,0.0
3557071,2001,72,10.0
3557071,2001,81,10.0
3557071,2001,91,125.0
3557072,2001,11,0.0
3557072,2001,21,0.0
3557072,2001,22,0.0
3557072,2001,23,15.0
3557072,2001,31-33,0.0
3557072,2001,41,0.0
3557072,2001,44-45,15.0
3557072,2001,48-49,10.0
3557072,2001,51,0.0
3557072,2001,52,0.0
3557072,2001,53,0.0
3557072,2001,54,0.0
3557072,2001,55,0.0
3557072,2001,56,0.0
3557072,2001,61,10.0
3557072,2001,62,30.0
3557072,2001,71,0.0
3557072,2001,72,10.0
3557072,2001,81,10.0
3557072,2001,91,30.0
3557073,2001,11,10.0
3557073,2001,21,0.0
3557073,2001,22,0.0
3557073,2001,23,15.0
3557073,2001,31-33,0.0
3557073,2001,41,0.0
3557073,2001,44-45,0.0
3557073,2001,48-49,10.0
3557073,2001,51,0.0
3557073,2001,52,0.0
3557073,2001,53,0.0
3557073,2001,54,0.0
3557073,2001,55,0.0
3557073,2001,56,10.0
3557073,2001,61,0.0
3557073,2001,62,45.0
3557073,2001,71,0.0
3557073,2001,72,0.0
3557073,2001,81,10.0
3557073,2001,91,40.0
3557074,2001,11,20.0
3557074,2001,21,0.0
3557074,2001,22,0.0
3557074,2001,23,30.0
3557074,2001,31-33,30.0
3557074,2001,41,0.0
3557074,2001,44-45,25.0
3557074,2001,48-49,20.0
3557074,2001,51,0.0
3557074,2001,52,0.0
3557074,2001,53,0.0
3557074,2001,54,10.0
3557074,2001,55,0.0
3557074,2001,56,10.0
3557074,2001,61,10.0
3557074,2001,62,55.0
3557074,2001,71,20.0
3557074,2001,72,20.0
3557074,2001,81,10.0
3557074,2001,91,100.0
3557076,2001,11,105.0
3557076,2001,21,55.0
3557076,2001,22,30.0
3557076,2001,23,65.0
3557076,2001,31-33,380.0
3557076,2001,41,55.0
3557076,2001,44-45,220.0
3557076,2001,48-49,90.0
3557076,2001,51,10.0
3557076,2001,52,60.0
3557076,2001,53,25.0
3557076,2001,54,35.0
3557076,2001,55,0.0
3557076,2001,56,25.0
3557076,2001,61,165.0
3557076,2001,62,190.0
3557076,2001,71,15.0
3557076,2001,72,350.0
3557076,2001,81,45.0
3557076,2001,91,130.0
3557078,2001,11,10.0
3557078,2001,21,0.0
3557078,2001,22,0.0
3557078,2001,23,0.0
3557078,2001,31-33,0.0
3557078,2001,41,0.0
3557078,2001,44-45,0.0
3557078,2001,48-49,0.0
3557078,2001,51,0.0
3557078,2001,52,0.0
3557078,2001,53,0.0
3557078,2001,54,0.0
3557078,2001,55,0.0
3557078,2001,56,0.0
3557078,2001,61,0.0
3557078,2001,62,0.0
3557078,2001,71,0.0
3557078,2001,72,10.0
3557078,2001,81,0.0
3557078,2001,91,30.0
3557079,2001,11,65.0
3557079,2001,21,0.0
3557079,2001,22,0.0
3557079,2001,23,20.0
3557079,2001,31-33,330.0
3557079,2001,41,0.0
3557079,2001,44-45,40.0
3557079,2001,48-49,50.0
3557079,2001,51,10.0
3557079,2001,52,0.0
3557079,2001,53,0.0
3557079,2001,54,0.0
3557079,2001,55,0.0
3557079,2001,56,25.0
3557079,2001,61,25.0
3557079,2001,62,15.0
3557079,2001,71,0.0
3557079,2001,72,15.0
3557079,2001,81,0.0
3557079,2001,91,30.0
3557091,2001,11,0.0
3557091,2001,21,10.0
3557091,2001,22,10.0
3557091,2001,23,15.0
3557091,2001,31-33,255.0
3557091,2001,41,0.0
3557091,2001,44-45,45.0
3557091,2001,48-49,60.0
3557091,2001,51,10.0
3557091,2001,52,0.0
3557091,2001,53,15.0
3557091,2001,54,0.0
3557091,2001,55,0.0
3557091,2001,56,10.0
3557091,2001,61,10.0
3557091,2001,62,0.0
3557091,2001,71,0.0
3557091,2001,72,105.0
3557091,2001,81,10.0
3557091,2001,91,10.0
3557095,2001,11,225.0
3557095,2001,21,20.0
3557095,2001,22,35.0
3557095,2001,23,245.0
3557095,2001,31-33,480.0
3557095,2001,41,45.0
3557095,2001,44-45,250.0
3557095,2001,48-49,180.0
3557095,2001,51,20.0
3557095,2001,52,55.0
3557095,2001,53,30.0
3557095,2001,54,30.0
3557095,2001,55,0.0
3557095,2001,56,130.0
3557095,2001,61,170.0
3557095,2001,62,190.0
3557095,2001,71,95.0
3557095,2001,72,375.0
3557095,2001,81,115.0
3557095,2001,91,140.0
3557096,2001,11,35.0
3557096,2001,21,0.0
3557096,2001,22,0.0
3557096,2001,23,10.0
3557096,2001,31-33,95.0
3557096,2001,41,0.0
3557096,2001,44-45,50.0
3557096,2001,48-49,210.0
3557096,2001,51,0.0
3557096,2001,52,20.0
3557096,2001,53,0.0
3557096,2001,54,0.0
3557096,2001,55,0.0
3557096,2001,56,10.0
3557096,2001,61,65.0
3557096,2001,62,70.0
3557096,2001,71,0.0
3557096,2001,72,70.0
3557096,2001,81,30.0
3557096,2001,91,25.0
3558001,2001,11,100.0
3558001,2001,21,0.0
3558001,2001,22,10.0
3558001,2001,23,170.0
3558001,2001,31-33,165.0
3558001,2001,41,75.0
3558001,2001,44-45,80.0
3558001,2001,48-49,85.0
3558001,2001,51,10.0
3558001,2001,52,10.0
3558001,2001,53,10.0
3558001,2001,54,45.0
3558001,2001,55,0.0
3558001,2001,56,25.0
3558001,2001,61,40.0
3558001,2001,62,110.0
3558001,2001,71,0.0
3558001,2001,72,65.0
3558001,2001,81,65.0
3558001,2001,91,95.0
3558004,2001,11,1070.0
3558004,2001,21,370.0
3558004,2001,22,595.0
3558004,2001,23,2870.0
3558004,2001,31-33,5930.0
3558004,2001,41,1625.0
3558004,2001,44-45,6550.0
3558004,2001,48-49,3575.0
3558004,2001,51,1200.0
3558004,2001,52,1430.0
3558004,2001,53,990.0
3558004,2001,54,2185.0
3558004,2001,55,15.0
3558004,2001,56,2075.0
3558004,2001,61,4325.0
3558004,2001,62,7445.0
3558004,2001,71,1180.0
3558004,2001,72,4460.0
3558004,2001,81,2785.0
3558004,2001,91,3735.0
3558011,2001,11,225.0
3558011,2001,21,55.0
3558011,2001,22,35.0
3558011,2001,23,295.0
3558011,2001,31-33,365.0
3558011,2001,41,145.0
3558011,2001,44-45,305.0
3558011,2001,48-49,265.0
3558011,2001,51,65.0
3558011,2001,52,65.0
3558011,2001,53,25.0
3558011,2001,54,120.0
3558011,2001,55,0.0
3558011,2001,56,70.0
3558011,2001,61,220.0
3558011,2001,62,365.0
3558011,2001,71,55.0
3558011,2001,72,195.0
3558011,2001,81,90.0
3558011,2001,91,225.0
3558012,2001,11,15.0
3558012,2001,21,0.0
3558012,2001,22,0.0
3558012,2001,23,30.0
3558012,2001,31-33,25.0
3558012,2001,41,0.0
3558012,2001,44-45,20.0
3558012,2001,48-49,25.0
3558012,2001,51,0.0
3558012,2001,52,0.0
3558012,2001,53,10.0
3558012,2001,54,0.0
3558012,2001,55,0.0
3558012,2001,56,0.0
3558012,2001,61,10.0
3558012,2001,62,20.0
3558012,2001,71,0.0
3558012,2001,72,10.0
3558012,2001,81,10.0
3558012,2001,91,15.0
3558016,2001,11,80.0
3558016,2001,21,0.0
3558016,2001,22,20.0
3558016,2001,23,20.0
3558016,2001,31-33,45.0
3558016,2001,41,10.0
3558016,2001,44-45,20.0
3558016,2001,48-49,20.0
3558016,2001,51,10.0
3558016,2001,52,0.0
3558016,2001,53,10.0
3558016,2001,54,0.0
3558016,2001,55,0.0
3558016,2001,56,15.0
3558016,2001,61,15.0
3558016,2001,62,45.0
3558016,2001,71,0.0
3558016,2001,72,45.0
3558016,2001,81,10.0
3558016,2001,91,30.0
3558019,2001,11,35.0
3558019,2001,21,15.0
3558019,2001,22,0.0
3558019,2001,23,15.0
3558019,2001,31-33,100.0
3558019,2001,41,15.0
3558019,2001,44-45,60.0
3558019,2001,48-49,50.0
3558019,2001,51,0.0
3558019,2001,52,10.0
3558019,2001,53,10.0
3558019,2001,54,10.0
3558019,2001,55,0.0
3558019,2001,56,10.0
3558019,2001,61,0.0
3558019,2001,62,35.0
3558019,2001,71,0.0
3558019,2001,72,35.0
3558019,2001,81,15.0
3558019,2001,91,40.0
3558028,2001,11,85.0
3558028,2001,21,20.0
3558028,2001,22,0.0
3558028,2001,23,110.0
3558028,2001,31-33,80.0
3558028,2001,41,35.0
3558028,2001,44-45,135.0
3558028,2001,48-49,95.0
3558028,2001,51,40.0
3558028,2001,52,30.0
3558028,2001,53,25.0
3558028,2001,54,50.0
3558028,2001,55,0.0
3558028,2001,56,50.0
3558028,2001,61,135.0
3558028,2001,62,215.0
3558028,2001,71,40.0
3558028,2001,72,60.0
3558028,2001,81,65.0
3558028,2001,91,100.0
3558034,2001,11,110.0
3558034,2001,21,0.0
3558034,2001,22,0.0
3558034,2001,23,0.0
3558034,2001,31-33,20.0
3558034,2001,41,0.0
3558034,2001,44-45,15.0
3558034,2001,48-49,10.0
3558034,2001,51,0.0
3558034,2001,52,0.0
3558034,2001,53,0.0
3558034,2001,54,0.0
3558034,2001,55,0.0
3558034,2001,56,0.0
3558034,2001,61,10.0
3558034,2001,62,20.0
3558034,2001,71,0.0
3558034,2001,72,10.0
3558034,2001,81,20.0
3558034,2001,91,10.0
3558041,2001,11,10.0
3558041,2001,21,0.0
3558041,2001,22,20.0
3558041,2001,23,10.0
3558041,2001,31-33,210.0
3558041,2001,41,0.0
3558041,2001,44-45,80.0
3558041,2001,48-49,15.0
3558041,2001,51,0.0
3558041,2001,52,15.0
3558041,2001,53,0.0
3558041,2001,54,0.0
3558041,2001,55,0.0
3558041,2001,56,0.0
3558041,2001,61,50.0
3558041,2001,62,45.0
3558041,2001,71,0.0
3558041,2001,72,15.0
3558041,2001,81,10.0
3558041,2001,91,60.0
3558044,2001,11,40.0
3558044,2001,21,0.0
3558044,2001,22,45.0
3558044,2001,23,15.0
3558044,2001,31-33,330.0
3558044,2001,41,0.0
3558044,2001,44-45,135.0
3558044,2001,48-49,55.0
3558044,2001,51,10.0
3558044,2001,52,10.0
3558044,2001,53,0.0
3558044,2001,54,20.0
3558044,2001,55,0.0
3558044,2001,56,0.0
3558044,2001,61,50.0
3558044,2001,62,70.0
3558044,2001,71,15.0
3558044,2001,72,80.0
3558044,2001,81,35.0
3558044,2001,91,100.0
3558051,2001,11,0.0
3558051,2001,21,10.0
3558051,2001,22,10.0
3558051,2001,23,0.0
3558051,2001,31-33,130.0
3558051,2001,41,10.0
3558051,2001,44-45,140.0
3558051,2001,48-49,135.0
3558051,2001,51,10.0
3558051,2001,52,20.0
3558051,2001,53,0.0
3558051,2001,54,0.0
3558051,2001,55,0.0
3558051,2001,56,10.0
3558051,2001,61,60.0
3558051,2001,62,35.0
3558051,2001,71,0.0
3558051,2001,72,70.0
3558051,2001,81,30.0
3558051,2001,91,45.0
3558054,2001,11,10.0
3558054,2001,21,10.0
3558054,2001,22,0.0
3558054,2001,23,25.0
3558054,2001,31-33,480.0
3558054,2001,41,0.0
3558054,2001,44-45,70.0
3558054,2001,48-49,65.0
3558054,2001,51,10.0
3558054,2001,52,20.0
3558054,2001,53,0.0
3558054,2001,54,10.0
3558054,2001,55,0.0
3558054,2001,56,15.0
3558054,2001,61,55.0
3558054,2001,62,60.0
3558054,2001,71,20.0
3558054,2001,72,100.0
3558054,2001,81,30.0
3558054,2001,91,60.0
3558059,2001,11,10.0
3558059,2001,21,655.0
3558059,2001,22,10.0
3558059,2001,23,55.0
3558059,2001,31-33,330.0
3558059,2001,41,15.0
3558059,2001,44-45,315.0
3558059,2001,48-49,50.0
3558059,2001,51,45.0
3558059,2001,52,25.0
3558059,2001,53,15.0
3558059,2001,54,50.0
3558059,2001,55,0.0
3558059,2001,56,50.0
3558059,2001,61,220.0
3558059,2001,62,185.0
3558059,2001,71,10.0
3558059,2001,72,220.0
3558059,2001,81,60.0
3558059,2001,91,150.0
3558066,2001,11,115.0
3558066,2001,21,550.0
3558066,2001,22,0.0
3558066,2001,23,30.0
3558066,2001,31-33,75.0
3558066,2001,41,10.0
3558066,2001,44-45,150.0
3558066,2001,48-49,75.0
3558066,2001,51,20.0
3558066,2001,52,15.0
3558066,2001,53,40.0
3558066,2001,54,25.0
3558066,2001,55,0.0
3558066,2001,56,30.0
3558066,2001,61,80.0
3558066,2001,62,115.0
3558066,2001,71,10.0
3558066,2001,72,65.0
3558066,2001,81,55.0
3558066,2001,91,90.0
3558067,2001,11,30.0
3558067,2001,21,0.0
3558067,2001,22,0.0
3558067,2001,23,0.0
3558067,2001,31-33,10.0
3558067,2001,41,0.0
3558067,2001,44-45,0.0
3558067,2001,48-49,0.0
3558067,2001,51,0.0
3558067,2001,52,0.0
3558067,2001,53,0.0
3558067,2001,54,0.0
3558067,2001,55,0.0
3558067,2001,56,0.0
3558067,2001,61,0.0
3558067,2001,62,10.0
3558067,2001,71,10.0
3558067,2001,72,0.0
3558067,2001,81,0.0
3558067,2001,91,25.0
3558075,2001,11,390.0
3558075,2001,21,15.0
3558075,2001,22,10.0
3558075,2001,23,110.0
3558075,2001,31-33,635.0
3558075,2001,41,25.0
3558075,2001,44-45,270.0
3558075,2001,48-49,215.0
3558075,2001,51,40.0
3558075,2001,52,55.0
3558075,2001,53,0.0
3558075,2001,54,40.0
3558075,2001,55,0.0
3558075,2001,56,50.0
3558075,2001,61,270.0
3558075,2001,62,325.0
3558075,2001,71,35.0
3558075,2001,72,220.0
3558075,2001,81,190.0
3558075,2001,91,125.0
3558076,2001,11,40.0
3558076,2001,21,0.0
3558076,2001,22,0.0
3558076,2001,23,0.0
3558076,2001,31-33,10.0
3558076,2001,41,0.0
3558076,2001,44-45,10.0
3558076,2001,48-49,0.0
3558076,2001,51,0.0
3558076,2001,52,0.0
3558076,2001,53,0.0
3558076,2001,54,0.0
3558076,2001,55,0.0
3558076,2001,56,0.0
3558076,2001,61,10.0
3558076,2001,62,10.0
3558076,2001,71,0.0
3558076,2001,72,0.0
3558076,2001,81,0.0
3558076,2001,91,35.0
3558085,2001,11,0.0
3558085,2001,21,0.0
3558085,2001,22,0.0
3558085,2001,23,0.0
3558085,2001,31-33,0.0
3558085,2001,41,0.0
3558085,2001,44-45,0.0
3558085,2001,48-49,0.0
3558085,2001,51,0.0
3558085,2001,52,0.0
3558085,2001,53,0.0
3558085,2001,54,0.0
3558085,2001,55,0.0
3558085,2001,56,0.0
3558085,2001,61,0.0
3558085,2001,62,10.0
3558085,2001,71,0.0
3558085,2001,72,0.0
3558085,2001,81,10.0
3558085,2001,91,0.0
3558090,2001,11,350.0
3558090,2001,21,35.0
3558090,2001,22,40.0
3558090,2001,23,330.0
3558090,2001,31-33,500.0
3558090,2001,41,105.0
3558090,2001,44-45,275.0
3558090,2001,48-49,285.0
3558090,2001,51,20.0
3558090,2001,52,50.0
3558090,2001,53,40.0
3558090,2001,54,105.0
3558090,2001,55,0.0
3558090,2001,56,55.0
3558090,2001,61,180.0
3558090,2001,62,300.0
3558090,2001,71,45.0
3558090,2001,72,285.0
3558090,2001,81,55.0
3558090,2001,91,220.0
3559001,2001,11,75.0
3559001,2001,21,15.0
3559001,2001,22,80.0
3559001,2001,23,75.0
3559001,2001,31-33,440.0
3559001,2001,41,10.0
3559001,2001,44-45,220.0
3559001,2001,48-49,60.0
3559001,2001,51,10.0
3559001,2001,52,15.0
3559001,2001,53,10.0
3559001,2001,54,15.0
3559001,2001,55,0.0
3559001,2001,56,25.0
3559001,2001,61,155.0
3559001,2001,62,215.0
3559001,2001,71,15.0
3559001,2001,72,145.0
3559001,2001,81,70.0
3559001,2001,91,120.0
3559011,2001,11,30.0
3559011,2001,21,0.0
3559011,2001,22,15.0
3559011,2001,23,70.0
3559011,2001,31-33,110.0
3559011,2001,41,10.0
3559011,2001,44-45,55.0
3559011,2001,48-49,55.0
3559011,2001,51,0.0
3559011,2001,52,0.0
3559011,2001,53,0.0
3559011,2001,54,20.0
3559011,2001,55,0.0
3559011,2001,56,25.0
3559011,2001,61,50.0
3559011,2001,62,50.0
3559011,2001,71,0.0
3559011,2001,72,25.0
3559011,2001,81,20.0
3559011,2001,91,20.0
3559012,2001,11,55.0
3559012,2001,21,10.0
3559012,2001,22,30.0
3559012,2001,23,270.0
3559012,2001,31-33,705.0
3559012,2001,41,120.0
3559012,2001,44-45,645.0
3559012,2001,48-49,150.0
3559012,2001,51,110.0
3559012,2001,52,140.0
3559012,2001,53,85.0
3559012,2001,54,90.0
3559012,2001,55,0.0
3559012,2001,56,120.0
3559012,2001,61,255.0
3559012,2001,62,590.0
3559012,2001,71,45.0
3559012,2001,72,255.0
3559012,2001,81,110.0
3559012,2001,91,235.0
3559016,2001,11,30.0
3559016,2001,21,0.0
3559016,2001,22,0.0
3559016,2001,23,45.0
3559016,2001,31-33,75.0
3559016,2001,41,10.0
3559016,2001,44-45,90.0
3559016,2001,48-49,60.0
3559016,2001,51,10.0
3559016,2001,52,0.0
3559016,2001,53,0.0
3559016,2001,54,10.0
3559016,2001,55,0.0
3559016,2001,56,10.0
3559016,2001,61,25.0
3559016,2001,62,55.0
3559016,2001,71,0.0
3559016,2001,72,25.0
3559016,2001,81,45.0
3559016,2001,91,25.0
3559019,2001,11,30.0
3559019,2001,21,0.0
3559019,2001,22,10.0
3559019,2001,23,90.0
3559019,2001,31-33,65.0
3559019,2001,41,25.0
3559019,2001,44-45,70.0
3559019,2001,48-49,50.0
3559019,2001,51,10.0
3559019,2001,52,10.0
3559019,2001,53,10.0
3559019,2001,54,10.0
3559019,2001,55,0.0
3559019,2001,56,10.0
3559019,2001,61,65.0
3559019,2001,62,25.0
3559019,2001,71,0.0
3559019,2001,72,45.0
3559019,2001,81,45.0
3559019,2001,91,40.0
3559024,2001,11,155.0
3559024,2001,21,0.0
3559024,2001,22,0.0
3559024,2001,23,80.0
3559024,2001,31-33,50.0
3559024,2001,41,40.0
3559024,2001,44-45,50.0
3559024,2001,48-49,20.0
3559024,2001,51,0.0
3559024,2001,52,10.0
3559024,2001,53,0.0
3559024,2001,54,0.0
3559024,2001,55,0.0
3559024,2001,56,0.0
3559024,2001,61,10.0
3559024,2001,62,35.0
3559024,2001,71,20.0
3559024,2001,72,25.0
3559024,2001,81,10.0
3559024,2001,91,10.0
3559031,2001,11,75.0
3559031,2001,21,0.0
3559031,2001,22,0.0
3559031,2001,23,15.0
3559031,2001,31-33,10.0
3559031,2001,41,0.0
3559031,2001,44-45,20.0
3559031,2001,48-49,35.0
3559031,2001,51,0.0
3559031,2001,52,0.0
3559031,2001,53,10.0
3559031,2001,54,0.0
3559031,2001,55,0.0
3559031,2001,56,10.0
3559031,2001,61,10.0
3559031,2001,62,20.0
3559031,2001,71,0.0
3559031,2001,72,10.0
3559031,2001,81,0.0
3559031,2001,91,0.0
3559040,2001,11,60.0
3559040,2001,21,10.0
3559040,2001,22,0.0
3559040,2001,23,40.0
3559040,2001,31-33,20.0
3559040,2001,41,10.0
3559040,2001,44-45,35.0
3559040,2001,48-49,25.0
3559040,2001,51,0.0
3559040,2001,52,10.0
3559040,2001,53,0.0
3559040,2001,54,10.0
3559040,2001,55,0.0
3559040,2001,56,0.0
3559040,2001,61,15.0
3559040,2001,62,30.0
3559040,2001,71,10.0
3559040,2001,72,25.0
3559040,2001,81,0.0
3559040,2001,91,15.0
3559042,2001,11,0.0
3559042,2001,21,30.0
3559042,2001,22,10.0
3559042,2001,23,20.0
3559042,2001,31-33,35.0
3559042,2001,41,0.0
3559042,2001,44-45,70.0
3559042,2001,48-49,15.0
3559042,2001,51,10.0
3559042,2001,52,10.0
3559042,2001,53,0.0
3559042,2001,54,35.0
3559042,2001,55,0.0
3559042,2001,56,10.0
3559042,2001,61,20.0
3559042,2001,62,55.0
3559042,2001,71,0.0
3559042,2001,72,15.0
3559042,2001,81,15.0
3559042,2001,91,25.0
3559047,2001,11,10.0
3559047,2001,21,0.0
3559047,2001,22,0.0
3559047,2001,23,25.0
3559047,2001,31-33,10.0
3559047,2001,41,0.0
3559047,2001,44-45,0.0
3559047,2001,48-49,10.0
3559047,2001,51,0.0
3559047,2001,52,0.0
3559047,2001,53,0.0
3559047,2001,54,0.0
3559047,2001,55,0.0
3559047,2001,56,0.0
3559047,2001,61,10.0
3559047,2001,62,0.0
3559047,2001,71,10.0
3559047,2001,72,55.0
3559047,2001,81,10.0
3559047,2001,91,20.0
3559051,2001,11,15.0
3559051,2001,21,0.0
3559051,2001,22,0.0
3559051,2001,23,0.0
3559051,2001,31-33,0.0
3559051,2001,41,0.0
3559051,2001,44-45,0.0
3559051,2001,48-49,0.0
3559051,2001,51,0.0
3559051,2001,52,0.0
3559051,2001,53,0.0
3559051,2001,54,0.0
3559051,2001,55,0.0
3559051,2001,56,0.0
3559051,2001,61,0.0
3559051,2001,62,0.0
3559051,2001,71,0.0
3559051,2001,72,0.0
3559051,2001,81,0.0
3559051,2001,91,35.0
3559061,2001,11,0.0
3559061,2001,21,0.0
3559061,2001,22,0.0
3559061,2001,23,10.0
3559061,2001,31-33,0.0
3559061,2001,41,0.0
3559061,2001,44-45,0.0
3559061,2001,48-49,0.0
3559061,2001,51,0.0
3559061,2001,52,0.0
3559061,2001,53,0.0
3559061,2001,54,0.0
3559061,2001,55,0.0
3559061,2001,56,0.0
3559061,2001,61,0.0
3559061,2001,62,0.0
3559061,2001,71,0.0
3559061,2001,72,0.0
3559061,2001,81,0.0
3559061,2001,91,15.0
3559064,2001,11,0.0
3559064,2001,21,0.0
3559064,2001,22,0.0
3559064,2001,23,0.0
3559064,2001,31-33,0.0
3559064,2001,41,0.0
3559064,2001,44-45,0.0
3559064,2001,48-49,0.0
3559064,2001,51,0.0
3559064,2001,52,0.0
3559064,2001,53,0.0
3559064,2001,54,0.0
3559064,2001,55,0.0
3559064,2001,56,0.0
3559064,2001,61,0.0
3559064,2001,62,10.0
3559064,2001,71,0.0
3559064,2001,72,0.0
3559064,2001,81,0.0
3559064,2001,91,15.0
3559066,2001,11,0.0
3559066,2001,21,0.0
3559066,2001,22,0.0
3559066,2001,23,0.0
3559066,2001,31-33,10.0
3559066,2001,41,0.0
3559066,2001,44-45,0.0
3559066,2001,48-49,0.0
3559066,2001,51,0.0
3559066,2001,52,0.0
3559066,2001,53,0.0
3559066,2001,54,0.0
3559066,2001,55,0.0
3559066,2001,56,0.0
3559066,2001,61,0.0
3559066,2001,62,0.0
3559066,2001,71,0.0
3559066,2001,72,10.0
3559066,2001,81,0.0
3559066,2001,91,35.0
3559090,2001,11,110.0
3559090,2001,21,10.0
3559090,2001,22,15.0
3559090,2001,23,60.0
3559090,2001,31-33,150.0
3559090,2001,41,15.0
3559090,2001,44-45,55.0
3559090,2001,48-49,40.0
3559090,2001,51,10.0
3559090,2001,52,10.0
3559090,2001,53,0.0
3559090,2001,54,10.0
3559090,2001,55,0.0
3559090,2001,56,20.0
3559090,2001,61,80.0
3559090,2001,62,85.0
3559090,2001,71,10.0
3559090,2001,72,110.0
3559090,2001,81,15.0
3559090,2001,91,60.0
3560001,2001,11,150.0
3560001,2001,21,15.0
3560001,2001,22,0.0
3560001,2001,23,75.0
3560001,2001,31-33,30.0
3560001,2001,41,15.0
3560001,2001,44-45,85.0
3560001,2001,48-49,110.0
3560001,2001,51,10.0
3560001,2001,52,10.0
3560001,2001,53,0.0
3560001,2001,54,0.0
3560001,2001,55,0.0
3560001,2001,56,25.0
3560001,2001,61,65.0
3560001,2001,62,40.0
3560001,2001,71,10.0
3560001,2001,72,135.0
3560001,2001,81,45.0
3560001,2001,91,75.0
3560005,2001,11,10.0
3560005,2001,21,0.0
3560005,2001,22,0.0
3560005,2001,23,0.0
3560005,2001,31-33,0.0
3560005,2001,41,0.0
3560005,2001,44-45,0.0
3560005,2001,48-49,0.0
3560005,2001,51,0.0
3560005,2001,52,0.0
3560005,2001,53,0.0
3560005,2001,54,0.0
3560005,2001,55,0.0
3560005,2001,56,0.0
3560005,2001,61,0.0
3560005,2001,62,0.0
3560005,2001,71,0.0
3560005,2001,72,0.0
3560005,2001,81,0.0
3560005,2001,91,10.0
3560008,2001,11,0.0
3560008,2001,21,0.0
3560008,2001,22,0.0
3560008,2001,23,30.0
3560008,2001,31-33,0.0
3560008,2001,41,10.0
3560008,2001,44-45,45.0
3560008,2001,48-49,15.0
3560008,2001,51,0.0
3560008,2001,52,10.0
3560008,2001,53,0.0
3560008,2001,54,0.0
3560008,2001,55,0.0
3560008,2001,56,0.0
3560008,2001,61,0.0
3560008,2001,62,0.0
3560008,2001,71,15.0
3560008,2001,72,130.0
3560008,2001,81,0.0
3560008,2001,91,25.0
3560010,2001,11,185.0
3560010,2001,21,20.0
3560010,2001,22,65.0
3560010,2001,23,545.0
3560010,2001,31-33,720.0
3560010,2001,41,110.0
3560010,2001,44-45,1220.0
3560010,2001,48-49,580.0
3560010,2001,51,65.0
3560010,2001,52,260.0
3560010,2001,53,105.0
3560010,2001,54,200.0
3560010,2001,55,0.0
3560010,2001,56,145.0
3560010,2001,61,500.0
3560010,2001,62,1280.0
3560010,2001,71,180.0
3560010,2001,72,880.0
3560010,2001,81,360.0
3560010,2001,91,785.0
3560021,2001,11,60.0
3560021,2001,21,15.0
3560021,2001,22,0.0
3560021,2001,23,40.0
3560021,2001,31-33,90.0
3560021,2001,41,15.0
3560021,2001,44-45,85.0
3560021,2001,48-49,65.0
3560021,2001,51,10.0
3560021,2001,52,10.0
3560021,2001,53,0.0
3560021,2001,54,10.0
3560021,2001,55,0.0
3560021,2001,56,10.0
3560021,2001,61,30.0
3560021,2001,62,25.0
3560021,2001,71,0.0
3560021,2001,72,130.0
3560021,2001,81,15.0
3560021,2001,91,30.0
3560027,2001,11,215.0
3560027,2001,21,10.0
3560027,2001,22,25.0
3560027,2001,23,210.0
3560027,2001,31-33,985.0
3560027,2001,41,95.0
3560027,2001,44-45,610.0
3560027,2001,48-49,155.0
3560027,2001,51,60.0
3560027,2001,52,90.0
3560027,2001,53,30.0
3560027,2001,54,80.0
3560027,2001,55,0.0
3560027,2001,56,90.0
3560027,2001,61,335.0
3560027,2001,62,560.0
3560027,2001,71,35.0
3560027,2001,72,455.0
3560027,2001,81,135.0
3560027,2001,91,225.0
3560032,2001,11,130.0
3560032,2001,21,15.0
3560032,2001,22,30.0
3560032,2001,23,25.0
3560032,2001,31-33,100.0
3560032,2001,41,0.0
3560032,2001,44-45,65.0
3560032,2001,48-49,15.0
3560032,2001,51,10.0
3560032,2001,52,15.0
3560032,2001,53,0.0
3560032,2001,54,0.0
3560032,2001,55,0.0
3560032,2001,56,10.0
3560032,2001,61,25.0
3560032,2001,62,10.0
3560032,2001,71,0.0
3560032,2001,72,100.0
3560032,2001,81,0.0
3560032,2001,91,75.0
3560034,2001,11,160.0
3560034,2001,21,0.0
3560034,2001,22,30.0
3560034,2001,23,45.0
3560034,2001,31-33,195.0
3560034,2001,41,25.0
3560034,2001,44-45,305.0
3560034,2001,48-49,320.0
3560034,2001,51,45.0
3560034,2001,52,30.0
3560034,2001,53,30.0
3560034,2001,54,90.0
3560034,2001,55,0.0
3560034,2001,56,55.0
3560034,2001,61,220.0
3560034,2001,62,665.0
3560034,2001,71,35.0
3560034,2001,72,260.0
3560034,2001,81,65.0
3560034,2001,91,265.0
3560042,2001,11,110.0
3560042,2001,21,580.0
3560042,2001,22,10.0
3560042,2001,23,100.0
3560042,2001,31-33,45.0
3560042,2001,41,30.0
3560042,2001,44-45,275.0
3560042,2001,48-49,110.0
3560042,2001,51,30.0
3560042,2001,52,50.0
3560042,2001,53,15.0
3560042,2001,54,75.0
3560042,2001,55,0.0
3560042,2001,56,65.0
3560042,2001,61,175.0
3560042,2001,62,220.0
3560042,2001,71,45.0
3560042,2001,72,225.0
3560042,2001,81,95.0
3560042,2001,91,170.0
3560046,2001,11,0.0
3560046,2001,21,0.0
3560046,2001,22,0.0
3560046,2001,23,0.0
3560046,2001,31-33,0.0
3560046,2001,41,0.0
3560046,2001,44-45,0.0
3560046,2001,48-49,0.0
3560046,2001,51,0.0
3560046,2001,52,0.0
3560046,2001,53,0.0
3560046,2001,54,0.0
3560046,2001,55,0.0
3560046,2001,56,0.0
3560046,2001,61,0.0
3560046,2001,62,0.0
3560046,2001,71,0.0
3560046,2001,72,0.0
3560046,2001,81,0.0
3560046,2001,91,35.0
3560049,2001,11,10.0
3560049,2001,21,0.0
3560049,2001,22,0.0
3560049,2001,23,0.0
3560049,2001,31-33,0.0
3560049,2001,41,10.0
3560049,2001,44-45,35.0
3560049,2001,48-49,20.0
3560049,2001,51,0.0
3560049,2001,52,0.0
3560049,2001,53,0.0
3560049,2001,54,15.0
3560049,2001,55,0.0
3560049,2001,56,0.0
3560049,2001,61,30.0
3560049,2001,62,10.0
3560049,2001,71,0.0
3560049,2001,72,30.0
3560049,2001,81,10.0
3560049,2001,91,50.0
3560051,2001,11,15.0
3560051,2001,21,0.0
3560051,2001,22,0.0
3560051,2001,23,20.0
3560051,2001,31-33,10.0
3560051,2001,41,0.0
3560051,2001,44-45,45.0
3560051,2001,48-49,15.0
3560051,2001,51,0.0
3560051,2001,52,0.0
3560051,2001,53,0.0
3560051,2001,54,10.0
3560051,2001,55,0.0
3560051,2001,56,10.0
3560051,2001,61,35.0
3560051,2001,62,45.0
3560051,2001,71,10.0
3560051,2001,72,30.0
3560051,2001,81,0.0
3560051,2001,91,65.0
3560053,2001,11,10.0
3560053,2001,21,10.0
3560053,2001,22,0.0
3560053,2001,23,30.0
3560053,2001,31-33,0.0
3560053,2001,41,0.0
3560053,2001,44-45,20.0
3560053,2001,48-49,10.0
3560053,2001,51,0.0
3560053,2001,52,0.0
3560053,2001,53,0.0
3560053,2001,54,0.0
3560053,2001,55,0.0
3560053,2001,56,0.0
3560053,2001,61,40.0
3560053,2001,62,20.0
3560053,2001,71,0.0
3560053,2001,72,0.0
3560053,2001,81,0.0
3560053,2001,91,75.0
3560055,2001,11,10.0
3560055,2001,21,0.0
3560055,2001,22,0.0
3560055,2001,23,20.0
3560055,2001,31-33,0.0
3560055,2001,41,0.0
3560055,2001,44-45,10.0
3560055,2001,48-49,0.0
3560055,2001,51,0.0
3560055,2001,52,0.0
3560055,2001,53,0.0
3560055,2001,54,0.0
3560055,2001,55,0.0
3560055,2001,56,0.0
3560055,2001,61,20.0
3560055,2001,62,0.0
3560055,2001,71,0.0
3560055,2001,72,0.0
3560055,2001,81,0.0
3560055,2001,91,15.0
3560056,2001,11,10.0
3560056,2001,21,0.0
3560056,2001,22,0.0
3560056,2001,23,35.0
3560056,2001,31-33,20.0
3560056,2001,41,0.0
3560056,2001,44-45,10.0
3560056,2001,48-49,10.0
3560056,2001,51,0.0
3560056,2001,52,0.0
3560056,2001,53,0.0
3560056,2001,54,0.0
3560056,2001,55,0.0
3560056,2001,56,15.0
3560056,2001,61,25.0
3560056,2001,62,40.0
3560056,2001,71,0.0
3560056,2001,72,20.0
3560056,2001,81,10.0
3560056,2001,91,60.0
3560057,2001,11,15.0
3560057,2001,21,0.0
3560057,2001,22,0.0
3560057,2001,23,0.0
3560057,2001,31-33,0.0
3560057,2001,41,0.0
3560057,2001,44-45,15.0
3560057,2001,48-49,0.0
3560057,2001,51,0.0
3560057,2001,52,0.0
3560057,2001,53,0.0
3560057,2001,54,0.0
3560057,2001,55,0.0
3560057,2001,56,0.0
3560057,2001,61,10.0
3560057,2001,62,10.0
3560057,2001,71,0.0
3560057,2001,72,0.0
3560057,2001,81,0.0
3560057,2001,91,10.0
3560058,2001,11,10.0
3560058,2001,21,0.0
3560058,2001,22,0.0
3560058,2001,23,0.0
3560058,2001,31-33,10.0
3560058,2001,41,10.0
3560058,2001,44-45,10.0
3560058,2001,48-49,0.0
3560058,2001,51,0.0
3560058,2001,52,0.0
3560058,2001,53,0.0
3560058,2001,54,0.0
3560058,2001,55,0.0
3560058,2001,56,0.0
3560058,2001,61,10.0
3560058,2001,62,15.0
3560058,2001,71,0.0
3560058,2001,72,30.0
3560058,2001,81,0.0
3560058,2001,91,15.0
3560065,2001,11,0.0
3560065,2001,21,0.0
3560065,2001,22,0.0
3560065,2001,23,10.0
3560065,2001,31-33,0.0
3560065,2001,41,0.0
3560065,2001,44-45,10.0
3560065,2001,48-49,0.0
3560065,2001,51,0.0
3560065,2001,52,0.0
3560065,2001,53,0.0
3560065,2001,54,0.0
3560065,2001,55,0.0
3560065,2001,56,0.0
3560065,2001,61,0.0
3560065,2001,62,10.0
3560065,2001,71,0.0
3560065,2001,72,0.0
3560065,2001,81,0.0
3560065,2001,91,20.0
3560066,2001,11,0.0
3560066,2001,21,0.0
3560066,2001,22,0.0
3560066,2001,23,0.0
3560066,2001,31-33,0.0
3560066,2001,41,0.0
3560066,2001,44-45,0.0
3560066,2001,48-49,0.0
3560066,2001,51,0.0
3560066,2001,52,0.0
3560066,2001,53,0.0
3560066,2001,54,0.0
3560066,2001,55,0.0
3560066,2001,56,0.0
3560066,2001,61,0.0
3560066,2001,62,10.0
3560066,2001,71,0.0
3560066,2001,72,0.0
3560066,2001,81,0.0
3560066,2001,91,25.0
3560067,2001,11,0.0
3560067,2001,21,0.0
3560067,2001,22,0.0
3560067,2001,23,40.0
3560067,2001,31-33,0.0
3560067,2001,41,0.0
3560067,2001,44-45,10.0
3560067,2001,48-49,0.0
3560067,2001,51,0.0
3560067,2001,52,0.0
3560067,2001,53,0.0
3560067,2001,54,0.0
3560067,2001,55,0.0
3560067,2001,56,10.0
3560067,2001,61,0.0
3560067,2001,62,10.0
3560067,2001,71,0.0
3560067,2001,72,0.0
3560067,2001,81,0.0
3560067,2001,91,30.0
3560068,2001,11,0.0
3560068,2001,21,0.0
3560068,2001,22,0.0
3560068,2001,23,35.0
3560068,2001,31-33,0.0
3560068,2001,41,0.0
3560068,2001,44-45,0.0
3560068,2001,48-49,10.0
3560068,2001,51,0.0
3560068,2001,52,0.0
3560068,2001,53,0.0
3560068,2001,54,0.0
3560068,2001,55,0.0
3560068,2001,56,0.0
3560068,2001,61,25.0
3560068,2001,62,30.0
3560068,2001,71,0.0
3560068,2001,72,10.0
3560068,2001,81,10.0
3560068,2001,91,30.0
3560069,2001,11,0.0
3560069,2001,21,10.0
3560069,2001,22,0.0
3560069,2001,23,0.0
3560069,2001,31-33,0.0
3560069,2001,41,0.0
3560069,2001,44-45,0.0
3560069,2001,48-49,0.0
3560069,2001,51,0.0
3560069,2001,52,0.0
3560069,2001,53,0.0
3560069,2001,54,0.0
3560069,2001,55,0.0
3560069,2001,56,10.0
3560069,2001,61,10.0
3560069,2001,62,15.0
3560069,2001,71,15.0
3560069,2001,72,0.0
3560069,2001,81,0.0
3560069,2001,91,25.0
3560070,2001,11,10.0
3560070,2001,21,10.0
3560070,2001,22,10.0
3560070,2001,23,15.0
3560070,2001,31-33,0.0
3560070,2001,41,0.0
3560070,2001,44-45,25.0
3560070,2001,48-49,0.0
3560070,2001,51,0.0
3560070,2001,52,0.0
3560070,2001,53,0.0
3560070,2001,54,0.0
3560070,2001,55,0.0
3560070,2001,56,10.0
3560070,2001,61,20.0
3560070,2001,62,0.0
3560070,2001,71,10.0
3560070,2001,72,0.0
3560070,2001,81,0.0
3560070,2001,91,120.0
3560071,2001,11,10.0
3560071,2001,21,10.0
3560071,2001,22,10.0
3560071,2001,23,60.0
3560071,2001,31-33,0.0
3560071,2001,41,0.0
3560071,2001,44-45,50.0
3560071,2001,48-49,25.0
3560071,2001,51,0.0
3560071,2001,52,0.0
3560071,2001,53,10.0
3560071,2001,54,0.0
3560071,2001,55,0.0
3560071,2001,56,30.0
3560071,2001,61,60.0
3560071,2001,62,55.0
3560071,2001,71,10.0
3560071,2001,72,30.0
3560071,2001,81,0.0
3560071,2001,91,120.0
3560078,2001,11,0.0
3560078,2001,21,0.0
3560078,2001,22,0.0
3560078,2001,23,10.0
3560078,2001,31-33,0.0
3560078,2001,41,0.0
3560078,2001,44-45,10.0
3560078,2001,48-49,0.0
3560078,2001,51,0.0
3560078,2001,52,10.0
3560078,2001,53,0.0
3560078,2001,54,0.0
3560078,2001,55,0.0
3560078,2001,56,0.0
3560078,2001,61,10.0
3560078,2001,62,20.0
3560078,2001,71,10.0
3560078,2001,72,10.0
3560078,2001,81,0.0
3560078,2001,91,50.0
3560079,2001,11,0.0
3560079,2001,21,10.0
3560079,2001,22,0.0
3560079,2001,23,20.0
3560079,2001,31-33,0.0
3560079,2001,41,0.0
3560079,2001,44-45,25.0
3560079,2001,48-49,10.0
3560079,2001,51,10.0
3560079,2001,52,0.0
3560079,2001,53,0.0
3560079,2001,54,0.0
3560079,2001,55,0.0
3560079,2001,56,10.0
3560079,2001,61,30.0
3560079,2001,62,10.0
3560079,2001,71,0.0
3560079,2001,72,0.0
3560079,2001,81,0.0
3560079,2001,91,55.0
3560081,2001,11,0.0
3560081,2001,21,0.0
3560081,2001,22,0.0
3560081,2001,23,10.0
3560081,2001,31-33,0.0
3560081,2001,41,0.0
3560081,2001,44-45,10.0
3560081,2001,48-49,10.0
3560081,2001,51,10.0
3560081,2001,52,0.0
3560081,2001,53,0.0
3560081,2001,54,0.0
3560081,2001,55,0.0
3560081,2001,56,0.0
3560081,2001,61,10.0
3560081,2001,62,10.0
3560081,2001,71,0.0
3560081,2001,72,0.0
3560081,2001,81,10.0
3560081,2001,91,35.0
3560084,2001,11,0.0
3560084,2001,21,0.0
3560084,2001,22,0.0
3560084,2001,23,0.0
3560084,2001,31-33,0.0
3560084,2001,41,0.0
3560084,2001,44-45,0.0
3560084,2001,48-49,0.0
3560084,2001,51,0.0
3560084,2001,52,0.0
3560084,2001,53,0.0
3560084,2001,54,0.0
3560084,2001,55,0.0
3560084,2001,56,0.0
3560084,2001,61,0.0
3560084,2001,62,0.0
3560084,2001,71,10.0
3560084,2001,72,10.0
3560084,2001,81,0.0
3560084,2001,91,10.0
3560088,2001,11,0.0
3560088,2001,21,0.0
3560088,2001,22,0.0
3560088,2001,23,15.0
3560088,2001,31-33,0.0
3560088,2001,41,0.0
3560088,2001,44-45,10.0
3560088,2001,48-49,0.0
3560088,2001,51,0.0
3560088,2001,52,0.0
3560088,2001,53,0.0
3560088,2001,54,0.0
3560088,2001,55,0.0
3560088,2001,56,0.0
3560088,2001,61,20.0
3560088,2001,62,35.0
3560088,2001,71,0.0
3560088,2001,72,0.0
3560088,2001,81,0.0
3560088,2001,91,20.0
3560089,2001,11,0.0
3560089,2001,21,0.0
3560089,2001,22,0.0
3560089,2001,23,0.0
3560089,2001,31-33,0.0
3560089,2001,41,0.0
3560089,2001,44-45,10.0
3560089,2001,48-49,0.0
3560089,2001,51,0.0
3560089,2001,52,0.0
3560089,2001,53,0.0
3560089,2001,54,0.0
3560089,2001,55,0.0
3560089,2001,56,0.0
3560089,2001,61,0.0
3560089,2001,62,10.0
3560089,2001,71,0.0
3560089,2001,72,0.0
3560089,2001,81,10.0
3560089,2001,91,20.0
3560090,2001,11,360.0
3560090,2001,21,40.0
3560090,2001,22,60.0
3560090,2001,23,255.0
3560090,2001,31-33,645.0
3560090,2001,41,75.0
3560090,2001,44-45,490.0
3560090,2001,48-49,300.0
3560090,2001,51,30.0
3560090,2001,52,75.0
3560090,2001,53,30.0
3560090,2001,54,95.0
3560090,2001,55,0.0
3560090,2001,56,110.0
3560090,2001,61,220.0
3560090,2001,62,350.0
3560090,2001,71,65.0
3560090,2001,72,530.0
3560090,2001,81,210.0
3560090,2001,91,265.0
3560091,2001,11,10.0
3560091,2001,21,0.0
3560091,2001,22,0.0
3560091,2001,23,10.0
3560091,2001,31-33,0.0
3560091,2001,41,0.0
3560091,2001,44-45,10.0
3560091,2001,48-49,10.0
3560091,2001,51,0.0
3560091,2001,52,0.0
3560091,2001,53,0.0
3560091,2001,54,0.0
3560091,2001,55,0.0
3560091,2001,56,10.0
3560091,2001,61,10.0
3560091,2001,62,10.0
3560091,2001,71,0.0
3560091,2001,72,0.0
3560091,2001,81,0.0
3560091,2001,91,25.0
3560097,2001,11,0.0
3560097,2001,21,0.0
3560097,2001,22,0.0
3560097,2001,23,10.0
3560097,2001,31-33,0.0
3560097,2001,41,0.0
3560097,2001,44-45,0.0
3560097,2001,48-49,0.0
3560097,2001,51,0.0
3560097,2001,52,0.0
3560097,2001,53,0.0
3560097,2001,54,0.0
3560097,2001,55,0.0
3560097,2001,56,0.0
3560097,2001,61,0.0
3560097,2001,62,0.0
3560097,2001,71,0.0
3560097,2001,72,0.0
3560097,2001,81,0.0
3560097,2001,91,0.0
3560104,2001,11,0.0
3560104,2001,21,0.0
3560104,2001,22,0.0
3560104,2001,23,0.0
3560104,2001,31-33,0.0
3560104,2001,41,0.0
3560104,2001,44-45,0.0
3560104,2001,48-49,0.0
3560104,2001,51,0.0
3560104,2001,52,0.0
3560104,2001,53,0.0
3560104,2001,54,0.0
3560104,2001,55,0.0
3560104,2001,56,0.0
3560104,2001,61,15.0
3560104,2001,62,15.0
3560104,2001,71,0.0
3560104,2001,72,0.0
3560104,2001,81,0.0
3560104,2001,91,25.0
